id,gender,masterCategory,subCategory,baseColour,season,year,usage,productDisplayName,image_path
7120,Unisex,Accessories,Bags,Green,Winter,2015.0,Casual,Wildcraft Unisex Green Printed Backpack,7120.jpg
15653,Unisex,Accessories,Bags,Navy Blue,Fall,2011.0,Casual,Belkin Unisex Simple Backpack Navy Blue Backpacks,15653.jpg
7056,Unisex,Accessories,Bags,Black,Summer,2011.0,Sports,Nike Unisex Trng Max Black Backpack,7056.jpg
4583,Unisex,Accessories,Bags,Grey,Winter,2015.0,Casual,Wildcraft Unisex Grey Backpack,4583.jpg
39511,Unisex,Accessories,Bags,Orange,Summer,2012.0,Casual,Peter England Unisex Orange Backpack,39511.jpg
7123,Unisex,Accessories,Bags,Orange,Winter,2015.0,Casual,Wildcraft Unisex Orange Printed Backpack,7123.jpg
4585,Unisex,Accessories,Bags,Black,Winter,2015.0,Casual,Wildcraft Unisex Black Solid Backpack,4585.jpg
35205,Unisex,Accessories,Bags,Blue,Spring,2013.0,Casual,Wildcraft Unisex Blue & Black Backpack,35205.jpg
38130,Unisex,Accessories,Bags,Black,Summer,2015.0,Casual,Wildcraft Unisex Black Printed Laptop Backpack,38130.jpg
51318,Unisex,Accessories,Bags,Blue,Summer,2015.0,Casual,Wildcraft Unisex Blue Cauvery Backpack,51318.jpg
7108,Unisex,Accessories,Bags,Olive,Winter,2015.0,Casual,Wildcraft Unisex Olive Green Backpack,7108.jpg
24833,Unisex,Accessories,Bags,Red,Winter,2015.0,Casual,Wildcraft Unisex Red Backpack,24833.jpg
7109,Unisex,Accessories,Bags,Grey,Winter,2015.0,Casual,Wildcraft Unisex Halo Grey Black Backpack,7109.jpg
19921,Unisex,Accessories,Bags,Yellow,Summer,2015.0,Casual,Wildcraft Unisex Gear for Life Yellow Backpack,19921.jpg
39874,Unisex,Accessories,Bags,Black,Summer,2012.0,Casual,ADIDAS Unisex Black Load Spring Backpack,39874.jpg
15919,Unisex,Accessories,Bags,Blue,Fall,2011.0,Casual,ADIDAS Unisex AL Blue Backpack,15919.jpg
34461,Unisex,Accessories,Bags,Black,Summer,2010.0,Casual,ADIDAS Unisex Black BTS Backpack,34461.jpg
37674,Unisex,Accessories,Bags,Black,Summer,2012.0,Casual,American Tourister Unisex Black Backpack,37674.jpg
32862,Unisex,Accessories,Bags,Grey,Summer,2012.0,Casual,Wildcraft Unisex Grey & Pink Backpack,32862.jpg
37695,Unisex,Accessories,Bags,Brown,Summer,2012.0,Casual,American Tourister Unisex Brown Backpack,37695.jpg
2363,Unisex,Accessories,Bags,Black,Summer,2011.0,Sports,ADIDAS Black Backpack,2363.jpg
9439,Unisex,Accessories,Bags,Blue,Spring,2013.0,Casual,Nike Unisex Brasilia 5 Me Blue Backpacks,9439.jpg
5266,Unisex,Accessories,Bags,Grey,Winter,2015.0,Casual,Wildcraft Unisex Schoolbag Grey Backpack,5266.jpg
35187,Unisex,Accessories,Bags,Blue,Spring,2013.0,Casual,Wildcraft Unisex Blue & Grey Backpack,35187.jpg
53366,Unisex,Accessories,Bags,Blue,Summer,2012.0,Casual,Puma Unisex Blue Backpack,53366.jpg
18007,Unisex,Accessories,Bags,Black,Fall,2011.0,Casual,U.S. Polo Assn. Unisex Black Backpack,18007.jpg
5218,Unisex,Accessories,Bags,Red,Winter,2015.0,Casual,Wildcraft Unisex Red Backpack,5218.jpg
30190,Unisex,Accessories,Bags,Red,Summer,2012.0,Casual,Nike Unisex Nylon Red Backpack,30190.jpg
7110,Unisex,Accessories,Bags,Navy Blue,Winter,2015.0,Casual,Wildcraft Unisex Navy Backpack,7110.jpg
34463,Unisex,Accessories,Bags,Black,Summer,2012.0,Casual,ADIDAS Unisex Black Backpack,34463.jpg
37677,Unisex,Accessories,Bags,Brown,Summer,2012.0,Casual,American Tourister Unisex Brown Backpack,37677.jpg
7103,Unisex,Accessories,Bags,Grey,Winter,2015.0,Casual,Wildcraft Unisex Grey Backpack,7103.jpg
39488,Unisex,Accessories,Bags,Grey,Spring,2015.0,Casual,Wildcraft Unisex Grey & Black Backpack,39488.jpg
30195,Unisex,Accessories,Bags,Black,Fall,2012.0,Casual,Nike Unisex Black Backpack,30195.jpg
4593,Unisex,Accessories,Bags,Olive,Winter,2015.0,Casual,Wildcraft Unisex Olive & Black Backpack,4593.jpg
9440,Unisex,Accessories,Bags,Black,Fall,2011.0,Casual,Nike Unisex Ultimatum Max Black Backpacks,9440.jpg
30199,Unisex,Accessories,Bags,Black,Spring,2013.0,Casual,Nike Unisex Casual Black Backpack,30199.jpg
4684,Unisex,Accessories,Bags,Black,Summer,2011.0,Sports,ADIDAS 3S Black Unisex Backpack,4684.jpg
37696,Unisex,Accessories,Bags,Blue,Summer,2012.0,Casual,American Tourister Unisex Blue Backpack,37696.jpg
36048,Unisex,Accessories,Bags,Mustard,Summer,2012.0,Casual,OTLS Unisex Mustard Brown Backpack,36048.jpg
7118,Unisex,Accessories,Bags,Blue,Winter,2015.0,Casual,Wildcraft Unisex Meteor Blue & Black Backpack,7118.jpg
3470,Unisex,Accessories,Bags,Navy Blue,Spring,2011.0,Sports,ADIDAS Unisex Dark Navy Gym Backpack,3470.jpg
20924,Men,Accessories,Bags,Black,Winter,2016.0,Casual,Fastrack Men Polyester Black Backpack,20924.jpg
9486,Unisex,Accessories,Bags,Black,Winter,2011.0,Casual,Puma Unisex Big Cat Black Backpacks,9486.jpg
6119,Unisex,Accessories,Bags,Black,Summer,2011.0,Casual,Puma Unisex Scribble Black Backpack,6119.jpg
36065,Unisex,Accessories,Bags,Beige,Summer,2012.0,Casual,OTLS Unisex Beige Backpack,36065.jpg
18438,Unisex,Accessories,Bags,Black,Fall,2011.0,Casual,Vital Gear Black Unisex Backpack,18438.jpg
21190,Unisex,Accessories,Bags,Black,Summer,2012.0,Casual,Quiksilver Unisex Black Backpack,21190.jpg
5858,Unisex,Accessories,Bags,Blue,Summer,2011.0,Casual,ADIDAS Unisex Star Blue Backpack,5858.jpg
25876,Unisex,Accessories,Bags,Black,Winter,2015.0,Casual,American Tourister Unisex Buzz Black Backpack,25876.jpg
30186,Unisex,Accessories,Bags,Red,Summer,2012.0,Casual,Nike Unisex Red Arsenal Allegiance Gym Sack,30186.jpg
6554,Unisex,Accessories,Bags,Black,Summer,2011.0,Casual,Nike Unisex All Access Black Backpack,6554.jpg
44280,Unisex,Accessories,Bags,Black,Summer,2012.0,Casual,Skybags Unisex Black Backpack,44280.jpg
38738,Unisex,Accessories,Bags,Grey,Summer,2012.0,Casual,Nike Unisex Grey Brasilia Medium Backpack,38738.jpg
33772,Women,Accessories,Bags,Grey,Fall,2013.0,Casual,Puma Women Foundation Grey Backpack,33772.jpg
7062,Unisex,Accessories,Bags,Black,Summer,2011.0,Sports,Nike Unisex Classic Black Grey Backpack,7062.jpg
22651,Unisex,Accessories,Bags,Yellow,Winter,2015.0,Casual,Wildcraft Unisex Yellow & Grey Backpack,22651.jpg
24324,Unisex,Accessories,Bags,Blue,Fall,2011.0,Casual,ADIDAS Unisex Blue Backpack,24324.jpg
7061,Unisex,Accessories,Bags,Black,Summer,2011.0,Sports,Nike Unisex Total 90 Black Backpack,7061.jpg
9910,Unisex,Accessories,Bags,Pink,Fall,2011.0,Casual,Puma Unisex Fitness Pink Backpacks,9910.jpg
1794,Unisex,Accessories,Bags,Brown,Summer,2011.0,Sports,Newfeel Brown 22L Bag,1794.jpg
19907,Unisex,Accessories,Bags,Red,Winter,2015.0,Casual,Wildcraft Unisex Outdoors Fusion Red Backpack,19907.jpg
29578,Unisex,Accessories,Bags,Green,Summer,2012.0,Casual,ADIDAS Unisex Boston Celtics Green Backpack,29578.jpg
29100,Unisex,Accessories,Bags,Black,Summer,2012.0,Casual,Puma Unisex Black Backpack,29100.jpg
7078,Unisex,Accessories,Bags,Grey,Winter,2015.0,Casual,Wildcraft Wiki Unisex Grey & Black Backpack,7078.jpg
35208,Unisex,Accessories,Bags,Blue,Summer,2015.0,Casual,Wildcraft Unisex Blue & Grey Backpack,35208.jpg
8517,Unisex,Accessories,Bags,Navy Blue,Summer,2011.0,Sports,Nike Unisex Ultimatum Max Navy Blue Backpacks,8517.jpg
17149,Unisex,Accessories,Bags,Grey,Summer,2011.0,Casual,United Colors of Benetton Unisex Blended Grey Backpack,17149.jpg
38760,Unisex,Accessories,Bags,Black,Summer,2012.0,Casual,Nike Unisex Black Football Portugal Striker Backpack,38760.jpg
35172,Unisex,Accessories,Bags,Red,Summer,2015.0,Casual,Wildcraft Unisex Cruiser Red Backpack,35172.jpg
39506,Unisex,Accessories,Bags,Black,Summer,2012.0,Casual,Peter England Unisex Black & Green Hiking Backpack,39506.jpg
30194,Unisex,Accessories,Bags,Black,Summer,2012.0,Casual,Nike Unisex Black Backpack,30194.jpg
9794,Unisex,Accessories,Bags,Green,Fall,2011.0,Casual,ADIDAS Unisex NBA eltics Backpack Green Backpacks,9794.jpg
36066,Unisex,Accessories,Bags,Blue,Summer,2012.0,Casual,OTLS Unisex Blue Backpack,36066.jpg
53373,Unisex,Accessories,Bags,Black,Summer,2012.0,Casual,Puma Unisex Black Ferrari Backpack,53373.jpg
8262,Unisex,Accessories,Bags,Black,Fall,2011.0,Casual,Fastrack Unisex Black & Red Graphic Backpack,8262.jpg
15274,Men,Accessories,Bags,Black,Fall,2011.0,Casual,Nike Men Max Air Black Backpacks,15274.jpg
35181,Unisex,Accessories,Bags,Blue,Summer,2015.0,Casual,Wildcraft Unisex Blue Backpack,35181.jpg
37693,Unisex,Accessories,Bags,Grey,Summer,2012.0,Casual,American Tourister Unisex Grey Backpack,37693.jpg
7523,Unisex,Accessories,Bags,Grey,Summer,2011.0,Casual,Nike Unisex Ultimatum Max Grey Backpack,7523.jpg
19947,Unisex,Accessories,Bags,Black,Fall,2011.0,Casual,Nike Unisex Classic Base Black Backpack,19947.jpg
5222,Unisex,Accessories,Bags,Black,Winter,2015.0,Casual,Wildcraft Unisex Black Cruiser Backpack,5222.jpg
22672,Unisex,Accessories,Bags,Grey,Winter,2015.0,Casual,Wildcraft Unisex Grey Backpack,22672.jpg
4616,Unisex,Accessories,Bags,Green,Winter,2015.0,Casual,Wildcraft Zoomer Green Backpack,4616.jpg
22970,Unisex,Accessories,Bags,Black,Summer,2011.0,Casual,U.S. Polo Assn. Black Unisex Lug-Laptop Backpacks,22970.jpg
39882,Unisex,Accessories,Bags,Navy Blue,Summer,2012.0,Casual,ADIDAS Unisex Navy Blue Backpack,39882.jpg
58143,Unisex,Accessories,Bags,Red,Summer,2012.0,Casual,Puma Unisex Red Backpack,58143.jpg
15926,Unisex,Accessories,Bags,Grey,Fall,2011.0,Casual,ADIDAS Unisex BP Cable Grey Backpack,15926.jpg
7104,Unisex,Accessories,Bags,Grey,Winter,2015.0,Casual,Wildcraft Unisex Grey Backpack,7104.jpg
19944,Unisex,Accessories,Bags,Blue,Fall,2011.0,Casual,Nike Unisex Cheyenne Blue Backpack,19944.jpg
39876,Women,Accessories,Bags,Purple,Summer,2012.0,Casual,ADIDAS Women Purple Striped Backpack,39876.jpg
35211,Unisex,Accessories,Bags,Blue,Spring,2013.0,Casual,Wildcraft Unisex Blue & Grey Backpack,35211.jpg
39485,Unisex,Accessories,Bags,Green,Summer,2015.0,Casual,Wildcraft Unisex Green Hydrator Backpack,39485.jpg
1526,Unisex,Accessories,Bags,Black,Fall,2010.0,Sports,Puma Big Cat Backpack Black,1526.jpg
53367,Unisex,Accessories,Bags,Pink,Summer,2012.0,Casual,Puma Unisex Pink Backpack,53367.jpg
25886,Unisex,Accessories,Bags,Blue,Winter,2015.0,Travel,American Tourister Unisex Blue Wanderer Pro Backpack,25886.jpg
5258,Unisex,Accessories,Bags,Black,Summer,2011.0,Casual,Quechua Unisex Arpenaz Black Backpack,5258.jpg
3333,Unisex,Accessories,Bags,Blue,Spring,2011.0,Sports,ADIDAS Unisex Delhi Daredevils Blue Backpack,3333.jpg
17293,Unisex,Accessories,Bags,Red,Fall,2011.0,Casual,Nike Unisex Backpack,17293.jpg
37673,Unisex,Accessories,Bags,Black,Spring,2013.0,Casual,American Tourister Unisex Black Backpack,37673.jpg
4673,Unisex,Accessories,Bags,Black,Summer,2011.0,Sports,ADIDAS Unisex C365 Black Backpack,4673.jpg
37683,Unisex,Accessories,Bags,Black,Summer,2012.0,Casual,American Tourister Unisex Black Backpack,37683.jpg
9527,Unisex,Accessories,Bags,Black,Fall,2011.0,Casual,ADIDAS Unisex 3S Black Backpacks,9527.jpg
35182,Women,Accessories,Bags,Pink,Summer,2015.0,Casual,Wildcraft Women Pink Backpack,35182.jpg
21264,Unisex,Accessories,Bags,Blue,Fall,2011.0,Casual,Skybags Unisex Blue Backpack,21264.jpg
35193,Unisex,Accessories,Bags,Grey,Spring,2013.0,Casual,Wildcraft Unisex Black and Grey Backpack,35193.jpg
35174,Unisex,Accessories,Bags,Black,Summer,2015.0,Casual,Wildcraft Unisex Black Printed Laptop Backpack,35174.jpg
19920,Unisex,Accessories,Bags,Black,Winter,2015.0,Casual,Wildcraft Unisex Black Outdoor Backpack,19920.jpg
2261,Unisex,Accessories,Bags,Grey,Fall,2010.0,Casual,Nike Unisex Grey & Black Backpack,2261.jpg
15918,Unisex,Accessories,Bags,Black,Fall,2011.0,Casual,ADIDAS Unisex BP Cable Black Backpack,15918.jpg
38129,Unisex,Accessories,Bags,Black,Summer,2015.0,Casual,Wildcraft Unisex Black & Green Printed Backpack,38129.jpg
5252,Unisex,Accessories,Bags,Red,Summer,2017.0,Casual,Wildcraft Unisex Corporate Red Backpack,5252.jpg
5228,Unisex,Accessories,Bags,Blue,Summer,2011.0,Casual,Quechua Unisex Blue Black Backpack,5228.jpg
25206,Women,Accessories,Bags,Beige,Winter,2015.0,Casual,Lino Perros Women Leatherite Beige Backpack,25206.jpg
43568,Unisex,Accessories,Bags,Red,Summer,2012.0,Casual,Puma Unisex Red Grit Backpack,43568.jpg
7121,Unisex,Accessories,Bags,Black,Winter,2015.0,Casual,Wildcraft Unisex Black & Grey Solstice Backpack,7121.jpg
34470,Unisex,Accessories,Bags,Black,Summer,2012.0,Casual,ADIDAS Unisex Black Backpack,34470.jpg
32867,Unisex,Accessories,Bags,Black,Spring,2013.0,Casual,Wildcraft Unisex Acute Black and Grey Backpack,32867.jpg
38740,Unisex,Accessories,Bags,Blue,Summer,2012.0,Casual,Nike Unisex Blue Backpack,38740.jpg
21436,Women,Accessories,Bags,Pink,Winter,2012.0,Casual,Roxy Women Pink Backpack,21436.jpg
32864,Unisex,Accessories,Bags,Pink,Summer,2012.0,Casual,Wildcraft Unisex Pink & Grey Backpack,32864.jpg
37692,Unisex,Accessories,Bags,Blue,Summer,2012.0,Casual,American Tourister Unisex Blue Backpack,37692.jpg
6537,Unisex,Accessories,Bags,Black,Summer,2011.0,Casual,Nike Unisex Fundamen Black Backpack,6537.jpg
8219,Unisex,Accessories,Bags,Red,Winter,2016.0,Casual,Fastrack Unisex Navy Red Single Strap Backpack,8219.jpg
25868,Unisex,Accessories,Bags,Purple,Winter,2015.0,Casual,American Tourister Unisex Purple Backpack,25868.jpg
7082,Unisex,Accessories,Bags,Red,Winter,2015.0,Casual,Wildcraft Unisex Wiki 2 Red Backpack,7082.jpg
6559,Unisex,Accessories,Bags,Pink,Summer,2011.0,Casual,Nike Unisex All Access HA Pink Backpack,6559.jpg
9441,Unisex,Accessories,Bags,Black,Spring,2013.0,Casual,Nike Unisex Hayward 25m B Black Backpacks,9441.jpg
5300,Unisex,Accessories,Bags,Yellow,Summer,2011.0,Casual,Reebok Unisex Athletic Yellow Backpack,5300.jpg
1934,Unisex,Accessories,Bags,Purple,Summer,2011.0,Sports,Quechua Forclaz 25L Air Purple Backpack,1934.jpg
1800,Unisex,Accessories,Bags,Black,Summer,2011.0,Sports,Quechua Unisex Black Solid Backpack,1800.jpg
7074,Unisex,Accessories,Bags,Grey,Winter,2015.0,Casual,Wildcraft Unisex Grey & Green Printed Laptop Backpack,7074.jpg
21260,Unisex,Accessories,Bags,Brown,Fall,2011.0,Casual,Skybags Unisex Brown Backpack,21260.jpg
9491,Unisex,Accessories,Bags,Red,Fall,2011.0,Casual,Puma Unisex Deck Red Backpacks,9491.jpg
53368,Unisex,Accessories,Bags,Black,Summer,2012.0,Casual,Puma Unisex Black Backpack,53368.jpg
29007,Men,Accessories,Bags,Black,Summer,2012.0,Casual,Cabarelli Men Black Backpack,29007.jpg
7122,Unisex,Accessories,Bags,Black,Winter,2015.0,Casual,Wildcraft Unisex Black & Green Printed Laptop Backpack,7122.jpg
35192,Unisex,Accessories,Bags,Olive,Summer,2015.0,Casual,Wildcraft Unisex Olive Green & Black Backpack,35192.jpg
38147,Unisex,Accessories,Bags,Black,Summer,2015.0,Casual,Vital Gear Unisex Techno Black Backpack,38147.jpg
32868,Unisex,Accessories,Bags,Red,Spring,2013.0,Casual,Wildcraft Unisex Acute Red and Grey Backpack,32868.jpg
24327,Unisex,Accessories,Bags,Black,Fall,2011.0,Casual,ADIDAS Unisex Black Casual Backpack,24327.jpg
37263,Unisex,Accessories,Bags,Olive,Summer,2012.0,Casual,Vital Gear Unisex Olive Tacti Backpack,37263.jpg
30201,Unisex,Accessories,Bags,Black,Summer,2012.0,Casual,Nike Unisex Classic Turf Black Backpack,30201.jpg
39510,Unisex,Accessories,Bags,Black,Summer,2012.0,Casual,Peter England Unisex Black Backpack,39510.jpg
4608,Unisex,Accessories,Bags,Red,Winter,2015.0,Casual,Wildcraft Wiki 4 Unisex Red Backpack,4608.jpg
2246,Unisex,Accessories,Bags,Black,Summer,2011.0,Sports,ADIDAS Black Backpack,2246.jpg
22968,Unisex,Accessories,Bags,Black,Summer,2011.0,Casual,U.S. Polo Assn. Unisex Casual Olive Backpack,22968.jpg
9495,Unisex,Accessories,Bags,Black,Fall,2011.0,Casual,Puma Unisex Blaze Black Backpacks,9495.jpg
4687,Unisex,Accessories,Bags,Black,Summer,2011.0,Sports,ADIDAS Load Black Silver Unisex Backpack,4687.jpg
35177,Unisex,Accessories,Bags,Black,Summer,2015.0,Casual,Wildcraft Unisex Black Backpack,35177.jpg
9524,Unisex,Accessories,Bags,Black,Fall,2011.0,Casual,ADIDAS Unisex CR FB Black Backpacks,9524.jpg
21269,Unisex,Accessories,Bags,Black,Fall,2011.0,Casual,Footloose Unisex Kapto Rucksack Black Backpack,21269.jpg
8217,Unisex,Accessories,Bags,Blue,Winter,2016.0,Casual,Fastrack Unisex Blue Green Single Strap Backpack,8217.jpg
35204,Unisex,Accessories,Bags,Black,Summer,2015.0,Casual,Wildcraft Unisex Black Backpack,35204.jpg
58144,Unisex,Accessories,Bags,Grey,Summer,2012.0,Casual,Puma Unisex Grey Backpack,58144.jpg
15927,Unisex,Accessories,Bags,Red,Fall,2011.0,Casual,ADIDAS Unisex ADP1810 Red Backpack,15927.jpg
1801,Women,Accessories,Bags,Pink,Summer,2011.0,Sports,Quechua Women 10L Pink Bag,1801.jpg
43285,Women,Free Items,Free Gifts,Black,Summer,2016.0,Casual,Murcia Women Black Backpack,43285.jpg
37680,Unisex,Accessories,Bags,Black,Summer,2012.0,Casual,American Tourister Unisex Black Backpack,37680.jpg
5299,Unisex,Accessories,Bags,Red,Summer,2011.0,Casual,Reebok Unisex Red Backpack,5299.jpg
19905,Unisex,Accessories,Bags,Blue,Winter,2015.0,Casual,Wildcraft Unisex Blue Backpack,19905.jpg
4670,Unisex,Accessories,Bags,Navy Blue,Summer,2011.0,Sports,ADIDAS BP 3S Dark Navy Black Unisex Backpack,4670.jpg
37698,Unisex,Accessories,Bags,Black,Summer,2012.0,Casual,American Tourister Unisex Black Backpack,37698.jpg
8231,Men,Accessories,Bags,Green,Winter,2016.0,Casual,Fastrack Men Green Laptop Backpack,8231.jpg
2221,Unisex,Accessories,Bags,Blue,Summer,2011.0,Sports,ADIDAS Classic Blue White Backpack,2221.jpg
6545,Unisex,Accessories,Bags,Green,Summer,2011.0,Casual,Nike Unisex All Access FU Green Backpack,6545.jpg
7522,Unisex,Accessories,Bags,Grey,Summer,2011.0,Casual,Nike Unisex Ultimatum Max Dark Grey Backpack,7522.jpg
9492,Unisex,Accessories,Bags,Navy Blue,Fall,2011.0,Casual,Puma Unisex Deck Navy Blue Backpacks,9492.jpg
13698,Unisex,Accessories,Bags,Navy Blue,Fall,2011.0,Casual,Puma Unisex White  Snova Sequence 4M Backpack,13698.jpg
35185,Unisex,Accessories,Bags,Olive,Spring,2013.0,Casual,Wildcraft Unisex Olive Backpack,35185.jpg
21437,Women,Accessories,Bags,Blue,Winter,2012.0,Casual,Roxy Women Blue Backpack,21437.jpg
1697,Unisex,Accessories,Bags,Black,Fall,2010.0,Sports,Puma Deck Black Backpack,1697.jpg
29316,Unisex,Accessories,Bags,Blue,Summer,2012.0,Casual,ADIDAS Unisex Power Blue Backpack,29316.jpg
22658,Unisex,Accessories,Bags,Blue,Winter,2015.0,Casual,Wildcraft Unisex Blue Printed Backpack,22658.jpg
4689,Unisex,Accessories,Bags,Black,Summer,2011.0,Sports,ADIDAS CR_BTS 3S INSP Black Silver Unisex Backpack,4689.jpg
6539,Unisex,Accessories,Bags,Blue,Summer,2011.0,Casual,Nike Unisex Fundamen Blue Backpack,6539.jpg
13697,Unisex,Accessories,Bags,Red,Fall,2011.0,Casual,Puma Unisex Black Backpack,13697.jpg
7096,Unisex,Accessories,Bags,Red,Winter,2015.0,Casual,Wildcraft Unisex Red Backpack,7096.jpg
15921,Unisex,Accessories,Bags,Black,Fall,2011.0,Casual,ADIDAS Unisex Ep Bp Adv Casu Black Backpack,15921.jpg
37227,Men,Accessories,Bags,Black,Summer,2012.0,Casual,United Colors of Benetton Men Black Backpack,37227.jpg
35210,Unisex,Accessories,Bags,Red,Summer,2015.0,Casual,Wildcraft Unisex Red & Black Backpack,35210.jpg
37685,Unisex,Accessories,Bags,Black,Summer,2012.0,Casual,American Tourister Unisex Black Backpack,37685.jpg
7117,Unisex,Accessories,Bags,Grey,Winter,2015.0,Casual,Wildcraft Unisex Grey & Black Backpack,7117.jpg
4591,Unisex,Accessories,Bags,Blue,Winter,2015.0,Casual,Wildcraft Unisex Blue Printed Backpack,4591.jpg
10775,Unisex,Accessories,Bags,Olive,Winter,2015.0,Casual,Wildcraft Unisex Olive Green Backpack,10775.jpg
19943,Unisex,Accessories,Bags,Black,Spring,2013.0,Casual,Nike Unisex Casual Black Backpack,19943.jpg
37679,Unisex,Accessories,Bags,Blue,Summer,2012.0,Casual,American Tourister Unisex Blue Backpack,37679.jpg
7064,Unisex,Accessories,Bags,Grey,Summer,2011.0,Sports,Nike Unisex Classic Grey Backpack,7064.jpg
35183,Unisex,Accessories,Bags,Black,Spring,2013.0,Casual,Wildcraft Unisex Black Backpack,35183.jpg
43565,Unisex,Accessories,Bags,Black,Summer,2012.0,Casual,Puma Unisex Black Echo Backpack,43565.jpg
8221,Men,Accessories,Bags,Navy Blue,Winter,2016.0,Casual,Fastrack Men Navy Blue Backpack,8221.jpg
36660,Women,Accessories,Bags,Black,Summer,2012.0,Casual,Paridhan Women Black & Purple Backpack,36660.jpg
21246,Unisex,Accessories,Bags,Purple,Fall,2011.0,Casual,Footloose Unisex City Of Joy Laptop Purple Backpack,21246.jpg
29064,Men,Accessories,Bags,Black,Winter,2016.0,Casual,Fastrack Men Black Backpack,29064.jpg
32865,Unisex,Accessories,Bags,Grey,Summer,2012.0,Casual,Wildcraft Unisex Grey and Blue Backpack,32865.jpg
7072,Unisex,Accessories,Bags,Red,Winter,2015.0,Casual,Wildcraft Unisex Equinox Red Black Backpack,7072.jpg
1793,Unisex,Accessories,Bags,Green,Summer,2011.0,Travel,Quechua 10L Green Bag,1793.jpg
7854,Unisex,Accessories,Bags,White,Summer,2011.0,Sports,Nike Unisex White Pink Black Check Backpack,7854.jpg
24328,Unisex,Accessories,Bags,Blue,Fall,2011.0,Casual,ADIDAS Unisex Blue Casual Backpack,24328.jpg
7107,Unisex,Accessories,Bags,Olive,Winter,2015.0,Casual,Wildcraft Unisex Olive Green Backpack,7107.jpg
32866,Unisex,Accessories,Bags,Red,Summer,2012.0,Casual,Wildcraft Unisex Red and Grey Backpack,32866.jpg
39508,Unisex,Accessories,Bags,Black,Summer,2012.0,Casual,Peter England Unisex Black Backpack,39508.jpg
8524,Unisex,Accessories,Bags,Black,Summer,2011.0,Casual,Nike Unisex Nike Black plain Black Backpacks,8524.jpg
5251,Unisex,Accessories,Bags,Blue,Summer,2017.0,Casual,Wildcraft Unisex Black & Blue Corporate Backpack,5251.jpg
1565,Unisex,Accessories,Bags,Green,Summer,2011.0,Travel,Quechua Green Light Backpack,1565.jpg
35207,Unisex,Accessories,Bags,Grey,Spring,2013.0,Casual,Wildcraft Unisex Outdoors Within Grey Backpack,35207.jpg
21271,Unisex,Accessories,Bags,Grey,Fall,2011.0,Casual,Footloose Unisex Grey Backpack,21271.jpg
9583,Unisex,Accessories,Bags,Black,Fall,2011.0,Casual,Puma Unisex Flow Grey Black Backpacks,9583.jpg
4678,Men,Accessories,Bags,Black,Summer,2011.0,Sports,ADIDAS Men Predator Black Red Backpack,4678.jpg
9573,Women,Accessories,Bags,Purple,Fall,2011.0,Casual,Puma Women Fitness Large Hobo Purple Backpacks,9573.jpg
36654,Women,Accessories,Bags,Black,Summer,2012.0,Casual,Paridhan Women Black Backpack,36654.jpg
19909,Unisex,Accessories,Bags,Black,Winter,2015.0,Casual,Wildcraft Unisex Black Backpack,19909.jpg
42934,Unisex,Accessories,Bags,Black,Summer,2012.0,Casual,French Connection Unisex Black Backpack,42934.jpg
34466,Women,Accessories,Bags,Pink,Summer,2012.0,Casual,ADIDAS Women Polyester Pink Backpack,34466.jpg
7853,Unisex,Accessories,Bags,Black,Summer,2011.0,Sports,Nike Unisex Florida Black Pink Blue Backpack,7853.jpg
51316,Unisex,Accessories,Bags,Grey,Summer,2012.0,Casual,Wildcraft Unisex Grey Backpack,51316.jpg
9494,Unisex,Accessories,Bags,Black,Fall,2011.0,Casual,Puma Unisex Blaze Black Backpacks,9494.jpg
41845,Unisex,Accessories,Bags,Black,Summer,2010.0,Casual,ADIDAS Unisex Black Backpack,41845.jpg
1647,Unisex,Accessories,Bags,Green,Summer,2011.0,Sports,Quechua Unisex Ultralight 16 Ltr Green Backpack,1647.jpg
30185,Unisex,Accessories,Bags,Red,Summer,2012.0,Casual,Nike Unisex Red Backpack,30185.jpg
38141,Unisex,Accessories,Bags,Orange,Summer,2015.0,Casual,Wildcraft Unisex Orange & Grey Backpack,38141.jpg
22676,Unisex,Accessories,Bags,Blue,Winter,2015.0,Casual,Wildcraft Unisex Blue & Black Solid Backpack,22676.jpg
1556,Unisex,Accessories,Bags,Black,Summer,2011.0,Sports,Quechua Forclaz Large  Backpack - 50 ltr Orange,1556.jpg
39509,Unisex,Accessories,Bags,Black,Summer,2012.0,Casual,Peter England Unisex Black Backpack,39509.jpg
6541,Unisex,Accessories,Bags,Red,Summer,2011.0,Casual,Nike Unisex Fundamen Red Backpack,6541.jpg
5301,Unisex,Accessories,Bags,Black,Summer,2011.0,Casual,Reebok Unisex Black Grey Backpack,5301.jpg
7076,Unisex,Accessories,Bags,Black,Winter,2015.0,Casual,Wildcraft Unisex Black Backpack,7076.jpg
19320,Unisex,Accessories,Bags,Pink,Fall,2011.0,Casual,Nike Unisex Classic Turf Pink Backpack,19320.jpg
38148,Unisex,Accessories,Bags,Black,Summer,2015.0,Casual,Vital Gear Unisex Techno Black Backpack,38148.jpg
39881,Unisex,Accessories,Bags,Black,Summer,2012.0,Casual,ADIDAS Unisex Black Backpack,39881.jpg
4589,Unisex,Accessories,Bags,Teal,Winter,2015.0,Casual,Wildcraft Unisex Teal Blue & Grey Backpack,4589.jpg
4686,Unisex,Accessories,Bags,Black,Summer,2011.0,Sports,ADIDAS Multi Black Unisex Backpack,4686.jpg
4602,Unisex,Accessories,Bags,Red,Winter,2015.0,Travel,Wildcraft Unisex Red Trailblazer Backpack,4602.jpg
53365,Unisex,Accessories,Bags,Black,Summer,2012.0,Casual,Puma Unisex Black Backpack,53365.jpg
12740,Unisex,Accessories,Bags,Black,Fall,2011.0,Casual,Timberland Unisex Solid Black Backpacks,12740.jpg
4672,Unisex,Accessories,Bags,Navy Blue,Summer,2011.0,Sports,ADIDAS C365 Dark Navy Black Unisex Backpack,4672.jpg
51322,Unisex,Accessories,Bags,Grey,Summer,2015.0,Casual,Wildcraft Unisex Grey & Black Laptop Backpack,51322.jpg
7102,Unisex,Accessories,Bags,Orange,Winter,2015.0,Casual,Wildcraft Unisex Orange & Grey Backpack,7102.jpg
8376,Men,Accessories,Bags,Black,Winter,2016.0,Casual,Fastrack Men Black Backpack,8376.jpg
15924,Unisex,Accessories,Bags,Black,Fall,2011.0,Casual,ADIDAS Unisex Ecb Black Backpack,15924.jpg
18433,Unisex,Accessories,Bags,Brown,Fall,2011.0,Casual,Vital Gear Unisex Daypack Brown Backpack,18433.jpg
38319,Women,Accessories,Bags,Pink,Summer,2012.0,Casual,Puma Pink Backpack,38319.jpg
38139,Unisex,Accessories,Bags,Blue,Spring,2013.0,Casual,Wildcraft Unisex Blue & Grey Forerunner Backpack,38139.jpg
39880,Unisex,Accessories,Bags,Black,Summer,2012.0,Casual,ADIDAS Unisex Black Skate Check Backpack,39880.jpg
9438,Unisex,Accessories,Bags,Black,Fall,2011.0,Casual,Nike Unisex Ultimatum Max Black Backpacks,9438.jpg
37682,Unisex,Accessories,Bags,Black,Summer,2012.0,Casual,American Tourister Unisex Black Backpack,37682.jpg
21193,Unisex,Accessories,Bags,Navy Blue,Summer,2012.0,Casual,Quiksilver Unisex Navy Blue Backpack,21193.jpg
20934,Men,Accessories,Bags,Navy Blue,Winter,2016.0,Casual,Fastrack Men Navy Blue Backpack,20934.jpg
5303,Unisex,Accessories,Bags,Black,Summer,2011.0,Casual,Reebok Men Black Backpack,5303.jpg
53372,Unisex,Accessories,Bags,Red,Summer,2012.0,Casual,Puma Unisex Red Ferrari Backpack,53372.jpg
8373,Men,Accessories,Bags,Navy Blue,Winter,2016.0,Casual,Fastrack Men Navy Blue Backpack,8373.jpg
19314,Unisex,Accessories,Bags,Red,Fall,2011.0,Casual,Nike Unisex Graphic North Classic Red Backpack,19314.jpg
25871,Unisex,Accessories,Bags,Black,Winter,2015.0,Casual,American Tourister Unisex Buzz Black Backpack,25871.jpg
6124,Men,Accessories,Bags,Black,Summer,2011.0,Casual,Puma Men Motion MR Black  Shoulder Bag,6124.jpg
38758,Unisex,Accessories,Bags,Blue,Summer,2012.0,Casual,Nike Unisex Blue Football France Striker Backpack,38758.jpg
5314,Unisex,Accessories,Bags,Black,Summer,2011.0,Casual,Reebok Unisex Black Backpack,5314.jpg
38142,Unisex,Accessories,Bags,Red,Summer,2015.0,Casual,Wildcraft Unisex Red & Grey Backpack,38142.jpg
15434,Unisex,Accessories,Bags,Black,Fall,2011.0,Casual,Fila Unisex Black Backpack,15434.jpg
38759,Unisex,Accessories,Bags,Black,Summer,2012.0,Casual,Nike Unisex Backpack,38759.jpg
1646,Women,Accessories,Bags,Grey,Summer,2011.0,Sports,Quechua Ultralight Backpack 16 Ltr Grey Bag,1646.jpg
9490,Unisex,Accessories,Bags,Black,Fall,2011.0,Casual,Puma Unisex Deck Black Backpacks,9490.jpg
4588,Unisex,Accessories,Bags,Red,Winter,2018.0,Casual,Wildcraft Unisex Red & Grey Backpack,4588.jpg
22653,Unisex,Accessories,Bags,Black,Winter,2015.0,Casual,Wildcraft Unisex Black & Grey Backpack,22653.jpg
38323,Unisex,Accessories,Bags,Black,Summer,2012.0,Casual,Puma Unisex Black Backpack,38323.jpg
1791,Unisex,Accessories,Bags,Black,Summer,2011.0,Sports,Quechua 10L Black Bag,1791.jpg
4675,Men,Accessories,Bags,Black,Summer,2011.0,Sports,ADIDAS Men Adipure Black Blue Backpack,4675.jpg
22668,Unisex,Accessories,Bags,Grey,Winter,2015.0,Casual,Wildcraft Unisex Gear for Life Grey Backpack,22668.jpg
50432,Unisex,Accessories,Bags,Green,Summer,2012.0,Casual,Lino Perros unisex Green Backpack,50432.jpg
25873,Unisex,Accessories,Bags,Black,Winter,2015.0,Casual,American Tourister Unisex Buzz Black Backpack,25873.jpg
12741,Unisex,Accessories,Bags,Black,Fall,2011.0,Casual,Timberland Unisex Solid Black Backpacks,12741.jpg
29317,Unisex,Accessories,Bags,Blue,Summer,2012.0,Casual,ADIDAS Unisex Blue Backpack,29317.jpg
6121,Unisex,Accessories,Bags,Black,Summer,2011.0,Casual,Puma Unisex Foundation Black Backpack,6121.jpg
12750,Unisex,Accessories,Bags,Black,Summer,2012.0,Sports,Nike Unisex Swoosh Black Backpacks,12750.jpg
17986,Unisex,Accessories,Bags,Black,Fall,2011.0,Casual,U.S. Polo Assn. Unisex Laptop Black Backpack,17986.jpg
38325,Unisex,Accessories,Bags,Red,Summer,2012.0,Casual,Puma Unisex Red Backpack,38325.jpg
5272,Unisex,Accessories,Bags,Black,Winter,2015.0,Casual,Wildcraft Unisex Black Corporate Backpack,5272.jpg
5257,Unisex,Accessories,Bags,Purple,Summer,2011.0,Casual,Quechua Unisex Purple Flame Backpack,5257.jpg
4680,Unisex,Accessories,Bags,Black,Summer,2011.0,Sports,ADIDAS Unisex Ess Black Silver Backpack,4680.jpg
15273,Men,Accessories,Bags,Navy Blue,Fall,2011.0,Sports,Nike Men Ball Carry Navy Blue Backpacks,15273.jpg
28922,Men,Accessories,Bags,Black,Summer,2012.0,Casual,Cabarelli Men Black Backpack,28922.jpg
25869,Unisex,Accessories,Bags,Red,Winter,2015.0,Casual,American Tourister Unisex Red & Black Backpack,25869.jpg
39483,Unisex,Accessories,Bags,Grey,Summer,2015.0,Casual,Wildcraft Unisex Grey Printed Laptop Backpack,39483.jpg
4596,Unisex,Accessories,Bags,Green,Winter,2015.0,Casual,Wildcraft Unisex Green Printed Backpack,4596.jpg
38741,Unisex,Accessories,Bags,Black,Summer,2012.0,Casual,Nike Unisex Black Football Offense Backpack,38741.jpg
25874,Unisex,Accessories,Bags,Black,Winter,2015.0,Casual,American Tourister Unisex Black Backpack,25874.jpg
6544,Unisex,Accessories,Bags,Green,Summer,2011.0,Casual,Nike Unisex Access FU Green Backpack,6544.jpg
36063,Unisex,Accessories,Bags,Olive,Summer,2012.0,Casual,OTLS Unisex Olive Green Backpack,36063.jpg
25885,Unisex,Accessories,Bags,Black,Winter,2015.0,Travel,American Tourister Unisex Black Wanderer Pro Backpack,25885.jpg
8266,Unisex,Accessories,Bags,Black,Fall,2011.0,Casual,Fastrack Unisex Black Red Printed Sling Bag,8266.jpg
35189,Unisex,Accessories,Bags,Red,Summer,2015.0,Casual,Wildcraft Unisex Red Solid Backpack,35189.jpg
5268,Unisex,Accessories,Bags,Black,Winter,2015.0,Casual,Wildcraft Unisex Black Corporate Backpack,5268.jpg
7098,Unisex,Accessories,Bags,Green,Winter,2015.0,Casual,Wildcraft Unisex Green & Grey Eiger Backpack,7098.jpg
15925,Unisex,Accessories,Bags,Black,Fall,2011.0,Casual,ADIDAS Unisex AL Black Backpack,15925.jpg
7057,Unisex,Accessories,Bags,Navy Blue,Summer,2011.0,Sports,Nike Unisex Barcelona Navy Backpack,7057.jpg
4683,Unisex,Accessories,Bags,Black,Summer,2011.0,Sports,ADIDAS ESS Black Unisex Backpack,4683.jpg
6518,Unisex,Accessories,Bags,Black,Summer,2011.0,Casual,Nike Unisex Total 90 Stri Backpack,6518.jpg
22662,Unisex,Accessories,Bags,Blue,Winter,2015.0,Casual,Wildcraft Unisex Blue Printed Backpack,22662.jpg
4607,Unisex,Accessories,Bags,Blue,Winter,2015.0,Casual,Wildcraft Wiki 3 Unisex Blue Backpack,4607.jpg
7059,Unisex,Accessories,Bags,Blue,Summer,2011.0,Sports,Nike Unisex Classic Blue Black Backpack,7059.jpg
22671,Unisex,Accessories,Bags,Black,Winter,2015.0,Casual,Wildcraft Unisex Black & Grey Backpack,22671.jpg
6560,Unisex,Accessories,Bags,Black,Winter,2012.0,Casual,Nike Unisex All Access SO Black Backpack,6560.jpg
1930,Unisex,Accessories,Bags,Red,Fall,2010.0,Sports,Quechua 22L Red Bag,1930.jpg
47320,Women,Accessories,Bags,Green,Summer,2012.0,Casual,Baggit Women Green Backpack,47320.jpg
4685,Unisex,Accessories,Bags,Black,Summer,2011.0,Sports,ADIDAS BP Classic Black Unisex Backpack,4685.jpg
12732,Unisex,Accessories,Bags,Black,Fall,2011.0,Sports,Nike Unisex Swoosh Black Backpack,12732.jpg
40760,Men,Accessories,Bags,Blue,Summer,2012.0,Casual,Quiksilver Men Blue & Black Backpack,40760.jpg
15920,Unisex,Accessories,Bags,Black,Fall,2011.0,Casual,ADIDAS Unisex Adiz Hydro Bp Black Backpack,15920.jpg
44282,Unisex,Accessories,Bags,Grey,Summer,2012.0,Casual,Skybags Unisex Grey Backpack,44282.jpg
6515,Unisex,Accessories,Bags,Blue,Summer,2011.0,Casual,Nike Unisex Medium Blue Backpack,6515.jpg
25887,Unisex,Accessories,Bags,Brown,Winter,2015.0,Travel,American Tourister Unisex Brown Wanderer Backpack,25887.jpg
22649,Unisex,Accessories,Bags,Green,Winter,2015.0,Casual,Wildcraft Unisex Green & Grey Backpack,22649.jpg
32863,Unisex,Accessories,Bags,Black,Summer,2012.0,Casual,Wildcraft Unisex Black and Grey Backpack,32863.jpg
8512,Unisex,Accessories,Bags,Blue,Summer,2011.0,Sports,Nike Unisex Nike Graphic Blue Backpacks,8512.jpg
8515,Unisex,Accessories,Bags,Grey,Summer,2011.0,Sports,Nike Unisex Ultimatum Max Grey Backpacks,8515.jpg
35216,Unisex,Accessories,Bags,Black,Summer,2015.0,Casual,Wildcraft Unisex Black Fusion Backpack,35216.jpg
7075,Unisex,Accessories,Bags,Red,Winter,2015.0,Casual,Wildcraft Unisex Red Backpack,7075.jpg
1525,Unisex,Accessories,Bags,Navy Blue,Fall,2010.0,Casual,Puma Deck Navy Blue Backpack,1525.jpg
5220,Unisex,Accessories,Bags,Black,Winter,2015.0,Casual,Wildcraft Unisex Black Corporate Backpack,5220.jpg
29103,Unisex,Accessories,Bags,Navy Blue,Summer,2012.0,Casual,Puma Unisex Big Cat Navy Blue Backpack,29103.jpg
6548,Unisex,Accessories,Bags,Grey,Summer,2011.0,Casual,Nike Unisex Fundamen Grey Backpack,6548.jpg
51321,Unisex,Accessories,Bags,Red,Summer,2015.0,Casual,Wildcraft Unisex Red & Black Backpack,51321.jpg
7065,Unisex,Accessories,Bags,Red,Summer,2011.0,Sports,Nike Unisex All Access Red Backpack,7065.jpg
22971,Unisex,Accessories,Bags,Black,Summer,2011.0,Casual,U.S. Polo Assn. Unisex Black Laptop Bag,22971.jpg
39507,Unisex,Accessories,Bags,Black,Summer,2012.0,Casual,Peter England Unisex Black Backpacks,39507.jpg
37697,Unisex,Accessories,Bags,Brown,Summer,2012.0,Casual,American Tourister Unisex Brown Backpack,37697.jpg
37684,Unisex,Accessories,Bags,Blue,Summer,2012.0,Casual,American Tourister Unisex Blue Backpack,37684.jpg
22654,Unisex,Accessories,Bags,Black,Winter,2015.0,Casual,Wildcraft Unisex Black Backpack,22654.jpg
1792,Unisex,Accessories,Bags,Blue,Summer,2011.0,Sports,Newfeel Marine Blue Bag,1792.jpg
7781,Unisex,Accessories,Bags,Blue,Winter,2015.0,Casual,Wildcraft Unisex Blue Backpack,7781.jpg
25879,Unisex,Accessories,Bags,Black,Winter,2015.0,Casual,American Tourister Unisex Citi Pro Black Backpack,25879.jpg
21261,Unisex,Accessories,Bags,Black,Summer,2011.0,Casual,Skybags Unisex Black Backpack,21261.jpg
37700,Unisex,Accessories,Bags,Blue,Summer,2012.0,Casual,American Tourister Unisex Blue Backpack,37700.jpg
35209,Women,Accessories,Bags,Pink,Spring,2013.0,Casual,Wildcraft Women Pink & Grey Backpack,35209.jpg
5229,Unisex,Accessories,Bags,Black,Summer,2011.0,Casual,Quechua Unisex Forclaz Air Black Backpack,5229.jpg
25256,Women,Accessories,Bags,Orange,Winter,2015.0,Casual,Lino Perros Women Orange Backpacks,25256.jpg
37681,Unisex,Accessories,Bags,Red,Summer,2012.0,Casual,American Tourister Unisex Red Backpack,37681.jpg
6125,Unisex,Accessories,Bags,Black,Summer,2011.0,Casual,Puma Unisex Foundation Black Red Bagpack,6125.jpg
35200,Unisex,Accessories,Bags,Grey,Spring,2013.0,Casual,Wildcraft Unisex Grey Backpack,35200.jpg
19413,Unisex,Accessories,Bags,Blue,Summer,2011.0,Casual,ADIDAS Unisex Power Blue Backpack,19413.jpg
20939,Men,Accessories,Bags,Navy Blue,Winter,2016.0,Casual,Fastrack Men Polyester Navy Blue Backpack,20939.jpg
37690,Unisex,Accessories,Bags,Blue,Summer,2012.0,Casual,American Tourister Unisex Blue Backpack,37690.jpg
32869,Unisex,Accessories,Bags,Black,Summer,2015.0,Casual,Wildcraft Unisex Black & Grey Backpack,32869.jpg
9489,Unisex,Accessories,Bags,Black,Fall,2011.0,Casual,Puma Unisex Echo Black Backpacks,9489.jpg
21256,Unisex,Accessories,Bags,Blue,Fall,2011.0,Casual,Footloose Unisex Jump Blue Backpack,21256.jpg
38744,Unisex,Accessories,Bags,Green,Summer,2012.0,Casual,Nike Unisex Green All Access Fullfare Backpack,38744.jpg
8222,Men,Accessories,Bags,Red,Winter,2016.0,Casual,Fastrack Men Red Nylon Backpack,8222.jpg
20959,Men,Accessories,Bags,Black,Winter,2016.0,Casual,Fastrack Men Polyester Black Backpack,20959.jpg
4677,Men,Accessories,Bags,Black,Summer,2011.0,Sports,ADIDAS Men F50 Black Metsilver Backpack,4677.jpg
15663,Unisex,Accessories,Bags,Black,Fall,2011.0,Casual,Belkin Unisex Dash Laptop Black Backpacks,15663.jpg
37687,Unisex,Accessories,Bags,Brown,Summer,2012.0,Casual,American Tourister Unisex Brown Backpack,37687.jpg
37686,Unisex,Accessories,Bags,Grey,Summer,2012.0,Casual,American Tourister Unisex Grey Backpack,37686.jpg
35196,Unisex,Accessories,Bags,Red,Summer,2015.0,Casual,Wildcraft Unisex Red & Black Backpack,35196.jpg
5259,Unisex,Accessories,Bags,Purple,Winter,2015.0,Casual,Wildcraft Unisex Purple Printed Backpack,5259.jpg
29191,Men,Accessories,Bags,Black,Summer,2012.0,Casual,United Colors of Benetton Men Black Backpack,29191.jpg
24493,Unisex,Accessories,Bags,Olive,Winter,2015.0,Casual,Wildcraft Unisex Olive Green Backpacks,24493.jpg
30537,Unisex,Accessories,Bags,Blue,Summer,2012.0,Casual,Nike Unisex Ultimatum Max Blue Backpack,30537.jpg
29003,Men,Accessories,Bags,Black,Summer,2012.0,Casual,Cabarelli Men Black Backpack,29003.jpg
15294,Unisex,Accessories,Bags,Black,Fall,2011.0,Casual,ADIDAS Originals Unisex ST Bpack GR Black Backpacks,15294.jpg
29312,Unisex,Accessories,Bags,Black,Summer,2012.0,Casual,ADIDAS Unisex Black Backpack,29312.jpg
7111,Unisex,Accessories,Bags,Black,Winter,2015.0,Casual,Wildcraft Unisex Black Backpack,7111.jpg
19318,Unisex,Accessories,Bags,Blue,Fall,2011.0,Casual,Nike Unisex Classic Base Blue Backpack,19318.jpg
4679,Men,Accessories,Bags,Black,Summer,2011.0,Sports,ADIDAS Men Pred TD Black Silver Backpack,4679.jpg
36064,Unisex,Accessories,Bags,Mustard,Summer,2012.0,Casual,OTLS Unisex Mustard Brown Backpack,36064.jpg
21192,Unisex,Accessories,Bags,Red,Summer,2012.0,Casual,Quiksilver Unisex Red Backpack,21192.jpg
2263,Unisex,Accessories,Bags,Black,Fall,2010.0,Sports,Nike Black Backpack,2263.jpg
37676,Unisex,Accessories,Bags,Black,Winter,2012.0,Casual,American Tourister Unisex Black Backpack,37676.jpg
1623,Unisex,Accessories,Bags,Red,Summer,2011.0,Casual,Reebok Unisex Red Backpack,1623.jpg
7106,Unisex,Accessories,Bags,Black,Winter,2015.0,Casual,Wildcraft Unisex Black Backpack,7106.jpg
35186,Unisex,Accessories,Bags,Grey,Spring,2013.0,Casual,Wildcraft Unisex Grey & Black Backpack,35186.jpg
4605,Women,Accessories,Bags,Green,Winter,2015.0,Casual,Wildcraft Women Green Wiki Backpack,4605.jpg
8250,Unisex,Accessories,Bags,Grey,Winter,2016.0,Casual,Fastrack Unisex Grey Backpack,8250.jpg
18432,Unisex,Accessories,Bags,Pink,Fall,2011.0,Casual,Vital Gear Unisex Pink Daypack Backpack,18432.jpg
37689,Unisex,Accessories,Bags,Black,Summer,2012.0,Casual,American Tourister Unisex Black Backpack,37689.jpg
30192,Unisex,Accessories,Bags,Black,Fall,2012.0,Casual,Nike Unisex Hayward Black Backpack,30192.jpg
1648,Women,Accessories,Bags,Pink,Summer,2011.0,Travel,Quechua  Ultralight Backpack Purple 16 ltr Bag,1648.jpg
53371,Unisex,Accessories,Bags,Olive,Summer,2012.0,Casual,Puma Unisex Olive Backpack,53371.jpg
39877,Unisex,Accessories,Bags,Navy Blue,Summer,2012.0,Casual,ADIDAS Unisex Navy Blue Checked Backpack,39877.jpg
30189,Unisex,Accessories,Bags,Navy Blue,Summer,2012.0,Casual,Nike Unisex Algnc Navy Blue Backpack,30189.jpg
8267,Unisex,Accessories,Bags,Black,Fall,2011.0,Casual,Fastrack Unisex Black White Printed Sling Bag,8267.jpg
9523,Unisex,Accessories,Bags,Blue,Fall,2011.0,Casual,ADIDAS Unisex Bess Bp Blue Backpacks,9523.jpg
37691,Unisex,Accessories,Bags,Black,Summer,2012.0,Casual,American Tourister Unisex Black Backpack,37691.jpg
36512,Men,Accessories,Bags,Black,Summer,2012.0,Casual,United Colors of Benetton Men Black Backpack,36512.jpg
24323,Unisex,Accessories,Bags,Black,Summer,2011.0,Casual,ADIDAS Unisex Black Casual Backpack,24323.jpg
35179,Unisex,Accessories,Bags,Olive,Spring,2013.0,Casual,Wildcraft Unisex Olive Green Backpack,35179.jpg
38136,Unisex,Accessories,Bags,Blue,Spring,2013.0,Casual,Wildcraft Unisex Blue & Grey Backpack,38136.jpg
8523,Unisex,Accessories,Bags,Black,Summer,2011.0,Casual,Nike Unisex Nike Black graphic Blue  Backpacks,8523.jpg
3334,Unisex,Accessories,Bags,Blue,Summer,2011.0,Sports,ADIDAS Unisex Mumbai Indians Navy Blue Backpack,3334.jpg
19317,Unisex,Accessories,Bags,Black,Spring,2013.0,Casual,Nike Unisex Casual Black Backpack,19317.jpg
29071,Unisex,Accessories,Bags,Green,Winter,2016.0,Casual,Fastrack Unisex Green Backpack,29071.jpg
7063,Unisex,Accessories,Bags,Blue,Summer,2011.0,Sports,Nike Unisex Hayward 29 Blue Backpack,7063.jpg
39884,Unisex,Accessories,Bags,Black,Summer,2012.0,Casual,ADIDAS Unisex Black Youth Backpack,39884.jpg
37671,Unisex,Accessories,Bags,Black,Summer,2012.0,Casual,American Tourister Unisex Black Backpack,37671.jpg
5219,Unisex,Accessories,Bags,Black,Winter,2015.0,Casual,Wildcraft Unisex Corporate Black Backpack,5219.jpg
35195,Women,Accessories,Bags,Pink,Spring,2013.0,Casual,Wildcraft Women Pink Backpack,35195.jpg
20938,Men,Accessories,Bags,Black,Winter,2016.0,Casual,Fastrack Men Leatherette Black Backpack,20938.jpg
6555,Unisex,Accessories,Bags,Grey,Summer,2011.0,Casual,Nike Unisex All Access Grey Backpack,6555.jpg
7114,Unisex,Accessories,Bags,Black,Winter,2015.0,Casual,Wildcraft Unisex Black Backpack,7114.jpg
1795,Men,Accessories,Bags,Black,Fall,2010.0,Sports,Newfeel 22L Black Bag,1795.jpg
29006,Men,Accessories,Bags,Black,Summer,2012.0,Casual,Cabarelli Men Black Backpack,29006.jpg
1936,Unisex,Accessories,Bags,Brown,Fall,2010.0,Sports,Quechua Arpenaz 30L Brown Bag,1936.jpg
53362,Unisex,Accessories,Bags,Charcoal,Summer,2012.0,Casual,Puma Unisex Charcoal Backpack,53362.jpg
29002,Men,Accessories,Bags,Black,Summer,2012.0,Casual,Cabarelli Men Black Backpack,29002.jpg
29075,Men,Accessories,Bags,Black,Winter,2016.0,Casual,Fastrack Men Black Backpack,29075.jpg
40762,Men,Accessories,Bags,Multi,Summer,2012.0,Casual,Quiksilver Men Multi Coloured Backpack,40762.jpg
6563,Unisex,Accessories,Bags,Red,Summer,2012.0,Casual,Nike Unisex Team Training Red Backpack,6563.jpg
21263,Unisex,Accessories,Bags,Black,Fall,2011.0,Casual,Skybags Unisex Black Backpack,21263.jpg
35201,Unisex,Accessories,Bags,Blue,Summer,2015.0,Casual,Wildcraft Unisex Blue & Grey Backpack,35201.jpg
20932,Men,Accessories,Bags,Grey,Winter,2016.0,Casual,Fastrack Men Grey Backpack,20932.jpg
22659,Unisex,Accessories,Bags,Black,Winter,2015.0,Casual,Wildcraft Unisex Black & Grey Printed Laptop Backpack,22659.jpg
3475,Men,Accessories,Bags,Black,Winter,2010.0,Sports,ADIDAS Men Tiro Black Red Backpack,3475.jpg
46623,Unisex,Accessories,Bags,Black,Summer,2012.0,Casual,Nike Unisex Ultimatum Max Backpack,46623.jpg
19906,Unisex,Accessories,Bags,Blue,Winter,2015.0,Casual,Wildcraft Unisex Blue & Black Gear for Life Backpack,19906.jpg
19917,Unisex,Accessories,Bags,Black,Winter,2015.0,Casual,Wildcraft Unisex Black Backpack,19917.jpg
19313,Unisex,Accessories,Bags,Black,Spring,2014.0,Casual,Nike Unisex Black Backpack,19313.jpg
7066,Unisex,Accessories,Bags,Black,Summer,2011.0,Sports,Nike Unisex Team Training Black Blue Backpack,7066.jpg
1927,Unisex,Accessories,Bags,Navy Blue,Summer,2011.0,Sports,Domyos Navy Blue Bag,1927.jpg
30202,Unisex,Accessories,Bags,Navy Blue,Summer,2012.0,Casual,Nike Unisex Classic Turf Navy Blue Backpack,30202.jpg
34465,Unisex,Accessories,Bags,Black,Summer,2010.0,Casual,ADIDAS Unisex Black BP Tone Backpack,34465.jpg
29104,Unisex,Accessories,Bags,Red,Summer,2012.0,Casual,Puma Unisex Big Cat Red Backpack,29104.jpg
19412,Unisex,Accessories,Bags,Navy Blue,Summer,2011.0,Casual,ADIDAS Unisex Navy Blue Backpack,19412.jpg
19316,Unisex,Accessories,Bags,Grey,Fall,2011.0,Casual,Nike Unisex Hayward 25M Grey Backpack,19316.jpg
35206,Unisex,Accessories,Bags,Grey,Summer,2015.0,Casual,Wildcraft Unisex Grey & Black Backpack,35206.jpg
38747,Unisex,Accessories,Bags,Black,Summer,2012.0,Casual,Nike Unisex Black Max Air Backpack,38747.jpg
29101,Unisex,Accessories,Bags,Brown,Summer,2012.0,Casual,Puma Unisex Brown Backpack,29101.jpg
22650,Unisex,Accessories,Bags,Green,Winter,2015.0,Casual,Wildcraft Unisex Green Backpack,22650.jpg
25880,Unisex,Accessories,Bags,Black,Winter,2015.0,Casual,American Tourister Unisex Black Backpack,25880.jpg
25867,Unisex,Accessories,Bags,Black,Winter,2015.0,Casual,American Tourister Black Reversible Backpack,25867.jpg
7119,Unisex,Accessories,Bags,Olive,Summer,2017.0,Casual,Wildcraft Unisex Olive Green Backpack,7119.jpg
15215,Men,Accessories,Bags,Black,Summer,2011.0,Casual,United Colors of Benetton Black  Backpack,15215.jpg
7097,Unisex,Accessories,Bags,Blue,Winter,2015.0,Casual,Wildcraft Unisex Blue & Grey Backpack,7097.jpg
7105,Unisex,Accessories,Bags,Green,Winter,2015.0,Casual,Wildcraft Unisex Green Backpack,7105.jpg
38965,Unisex,Accessories,Bags,Grey,Spring,2013.0,Casual,Wildcraft Unisex Grey & Yellow Printed Laptop Backpack,38965.jpg
21243,Unisex,Accessories,Bags,Black,Fall,2011.0,Casual,Footloose Unisex Morita Black Backpack,21243.jpg
14892,Women,Accessories,Bags,Blue,Summer,2011.0,Casual,United Colors of Benetton Women Solid Blue Backpacks,14892.jpg
34469,Unisex,Accessories,Bags,Black,Summer,2012.0,Casual,ADIDAS Unisex Polyester Black Backpack,34469.jpg
18162,Unisex,Accessories,Bags,Black,Fall,2011.0,Casual,Puma Unisex Apex Black Backpack,18162.jpg
15923,Unisex,Accessories,Bags,Black,Fall,2011.0,Casual,ADIDAS Unisex ADP1810 Black Backpack,15923.jpg
25235,Women,Accessories,Bags,Blue,Winter,2015.0,Casual,Lino Perros Women Blue Backpacks,25235.jpg
36050,Unisex,Accessories,Bags,Navy Blue,Summer,2012.0,Casual,OTLS Unisex Navy Backpack,36050.jpg
35197,Unisex,Accessories,Bags,Black,Spring,2013.0,Casual,Wildcraft Unisex Black Backpack,35197.jpg
2249,Unisex,Accessories,Bags,Blue,Summer,2011.0,Sports,ADIDAS Unisex Classic Blue Backpack,2249.jpg
22739,Unisex,Accessories,Bags,Blue,Fall,2011.0,Casual,Nike Unisex Blue Backpack,22739.jpg
38131,Unisex,Accessories,Bags,Blue,Spring,2013.0,Casual,Wildcraft Unisex Blue Backpack,38131.jpg
35191,Unisex,Accessories,Bags,Blue,Spring,2013.0,Casual,Wildcraft Unisex Blue & Black Backpack,35191.jpg
30188,Unisex,Accessories,Bags,Grey,Summer,2012.0,Casual,Nike Unisex Grey Backpack,30188.jpg
21435,Women,Accessories,Bags,Purple,Winter,2012.0,Casual,Roxy Women Purple Backpack,21435.jpg
1933,Unisex,Accessories,Bags,Grey,Fall,2010.0,Sports,Quechua Arpenaz 20L Dark Grey Bag,1933.jpg
17984,Unisex,Accessories,Bags,Black,Fall,2011.0,Casual,U.S. Polo Assn. Unisex Laptop Black Backpack,17984.jpg
25883,Unisex,Accessories,Bags,Olive,Winter,2015.0,Casual,American Tourister Unisex Olive Backpack,25883.jpg
38749,Unisex,Accessories,Bags,Grey,Summer,2012.0,Casual,Nike Unisex Grey Ultimatum Max Air Compact Backpack,38749.jpg
7088,Unisex,Accessories,Bags,Blue,Winter,2015.0,Casual,Wildcraft Unisex Blue & Black Backpack,7088.jpg
17983,Unisex,Accessories,Bags,Black,Fall,2011.0,Casual,U.S. Polo Assn. Unisex Laptop  Black Backpack,17983.jpg
20841,Girls,Accessories,Bags,Brown,Fall,2010.0,Casual,Quechua Kids-Girls Brown Backpack,20841.jpg
4674,Unisex,Accessories,Bags,Black,Summer,2011.0,Sports,ADIDAS Unisex BP Clima Insp Black White Backpack,4674.jpg
35212,Women,Accessories,Bags,Pink,Spring,2013.0,Casual,Wildcraft Women Pink & Grey Backpack,35212.jpg
8377,Men,Accessories,Bags,Navy Blue,Winter,2016.0,Casual,Fastrack Men Navy Blue Backpack,8377.jpg
28923,Men,Accessories,Bags,Black,Summer,2012.0,Casual,Cabarelli Men Black Backpack,28923.jpg
6557,Unisex,Accessories,Bags,Blue,Summer,2011.0,Casual,Nike Unisex All Access HA Blue Blackpack,6557.jpg
37226,Men,Accessories,Bags,Black,Summer,2012.0,Casual,United Colors of Benetton Men Black Backpack,37226.jpg
24326,Unisex,Accessories,Bags,Black,Fall,2011.0,Casual,ADIDAS Unisex Black Casual Backpack,24326.jpg
38745,Unisex,Accessories,Bags,Black,Summer,2012.0,Casual,Nike Unisex Black All Access Fullfare Backpack,38745.jpg
5270,Unisex,Accessories,Bags,Black,Winter,2018.0,Casual,Wildcraft Unisex Black & Grey Backpack,5270.jpg
29072,Men,Accessories,Bags,Blue,Winter,2016.0,Casual,Fastrack Men Blue Backpack,29072.jpg
29065,Men,Accessories,Bags,Grey,Winter,2016.0,Casual,Fastrack Men Grey Backpack,29065.jpg
37688,Unisex,Accessories,Bags,Grey,Summer,2012.0,Casual,American Tourister Unisex Grey Backpack,37688.jpg
5857,Unisex,Accessories,Bags,Black,Summer,2011.0,Casual,ADIDAS Unisex Explore Black Backpack,5857.jpg
30196,Unisex,Accessories,Bags,Red,Summer,2012.0,Casual,Nike Unisex Casual Red Backpack,30196.jpg
38746,Unisex,Accessories,Bags,Blue,Summer,2012.0,Casual,Nike Unisex Blue Backpack,38746.jpg
44661,Unisex,Accessories,Bags,Black,Summer,2012.0,Sports,Nike Unisex Black Training Shoe Backpack,44661.jpg
19908,Unisex,Accessories,Bags,Blue,Winter,2015.0,Casual,Wildcraft Unisex Blue & Black Backpack,19908.jpg
10774,Unisex,Accessories,Bags,Olive,Winter,2015.0,Casual,Wildcraft Unisex Olive Green Backpack,10774.jpg
39878,Women,Accessories,Bags,Purple,Summer,2012.0,Casual,ADIDAS Women Purple Happy Weather Backpack,39878.jpg
25877,Unisex,Accessories,Bags,Purple,Winter,2015.0,Casual,American Tourister Unisex Casual Purple Backpack,25877.jpg
38132,Unisex,Accessories,Bags,Red,Summer,2015.0,Casual,Wildcraft Unisex Red Zen Backpack,38132.jpg
9575,Unisex,Accessories,Bags,Pink,Fall,2011.0,Casual,Puma Unisex Echo Pink Backpacks,9575.jpg
29315,Unisex,Accessories,Bags,Blue,Summer,2012.0,Casual,ADIDAS Unisex Clima Graphic Blue Backpack,29315.jpg
8513,Unisex,Accessories,Bags,Red,Summer,2011.0,Sports,Nike Unisex Nike Graphic Red Backpacks,8513.jpg
39482,Unisex,Accessories,Bags,Red,Summer,2015.0,Casual,Wildcraft Unisex Red Backpack,39482.jpg
35214,Unisex,Accessories,Bags,Grey,Summer,2015.0,Casual,Wildcraft Unisex Reflex Grey Backpack,35214.jpg
15922,Unisex,Accessories,Bags,Brown,Fall,2011.0,Casual,ADIDAS Unisex ADP1810 Brown Backpack,15922.jpg
38743,Unisex,Accessories,Bags,Purple,Summer,2012.0,Casual,Nike Unisex Purple Hayward Backpack,38743.jpg
35184,Unisex,Accessories,Bags,Blue,Spring,2013.0,Casual,Wildcraft Unisex Blue Backpack,35184.jpg
41849,Unisex,Accessories,Bags,Black,Summer,2012.0,Casual,ADIDAS Unisex Black Backpack,41849.jpg
6797,Unisex,Accessories,Bags,Pink,Summer,2011.0,Casual,Nike Unisex Fundamen Pink Backpack,6797.jpg
8312,Men,Accessories,Bags,Black,Winter,2016.0,Casual,Fastrack Men Black & Orange Backpack,8312.jpg
7083,Unisex,Accessories,Bags,Black,Winter,2015.0,Casual,Wildcraft Alfa Unisex Black Backpack,7083.jpg
18437,Unisex,Accessories,Bags,Black,Fall,2011.0,Casual,Vital Gear Unisex Black Backpack,18437.jpg
47312,Women,Accessories,Bags,Brown,Summer,2012.0,Casual,Backpackgit Women Brown Backpack,47312.jpg
25881,Unisex,Accessories,Bags,Olive,Winter,2015.0,Casual,American Tourister Unisex Casual Olive Backpack,25881.jpg
1559,Unisex,Accessories,Bags,Blue,Summer,2011.0,Travel,Quechua Blue Light Backpack,1559.jpg
6553,Unisex,Accessories,Bags,Blue,Summer,2011.0,Casual,Nike Unisex Fundamen Blue Backpack,6553.jpg
22680,Unisex,Accessories,Bags,Black,Winter,2015.0,Casual,Wildcraft Unisex Gear for Life Black Backpack,22680.jpg
20960,Men,Accessories,Bags,Green,Winter,2016.0,Casual,Fastrack Men Polyester Green Backpack,20960.jpg
58146,Unisex,Accessories,Bags,Black,Summer,2012.0,Casual,Puma Unisex Black Backpack,58146.jpg
19414,Unisex,Accessories,Bags,Black,Summer,2011.0,Casual,ADIDAS Unisex Cfc Graphic Black Backpack,19414.jpg
31984,Unisex,Accessories,Bags,Black,Summer,2012.0,Casual,ADIDAS Unisex Black Backpack,31984.jpg
9525,Unisex,Accessories,Bags,Black,Fall,2011.0,Casual,ADIDAS Unisex Bess Bp Black Backpacks,9525.jpg
35203,Unisex,Accessories,Bags,Red,Summer,2015.0,Casual,Wildcraft Unisex Red & Black Backpack,35203.jpg
39486,Unisex,Accessories,Bags,Black,Summer,2015.0,Casual,Wildcraft Unisex Black Printed Backpack,39486.jpg
43147,Unisex,Accessories,Bags,Red,Summer,2012.0,Casual,Wilson Unisex Red Champ Backpack,43147.jpg
6531,Unisex,Accessories,Bags,Blue,Summer,2011.0,Casual,Nike Unisex Allegian Blue Backpack,6531.jpg
38739,Unisex,Accessories,Bags,Black,Fall,2013.0,Casual,Nike Black Backpack,38739.jpg
19312,Unisex,Accessories,Bags,Red,Winter,2012.0,Casual,Nike Unisex Casual Red Gym Backpack,19312.jpg
22969,Unisex,Accessories,Bags,Black,Summer,2011.0,Casual,U.S. Polo Assn. Black Unisex Lug-Laptop Backpack,22969.jpg
4669,Unisex,Accessories,Bags,Black,Summer,2011.0,Sports,ADIDAS Unisex BP 3S Black Silver Backpack,4669.jpg
4595,Men,Accessories,Bags,Blue,Winter,2015.0,Casual,Wildcraft Men Blue & Black Backpack,4595.jpg
15292,Unisex,Accessories,Bags,Olive,Fall,2011.0,Casual,ADIDAS Originals Unisex ST SW Bag Olive Backpacks,15292.jpg
38322,Unisex,Accessories,Bags,Grey,Summer,2012.0,Casual,Puma Unisex Grey Backpack,38322.jpg
7089,Unisex,Accessories,Bags,Blue,Winter,2015.0,Casual,Wildcraft Unisex Blue & Black Laptop Backpack,7089.jpg
32860,Unisex,Accessories,Bags,Blue,Summer,2012.0,Casual,Wildcraft Unisex Blue & Grey Backpack,32860.jpg
6520,Unisex,Accessories,Bags,Blue,Summer,2011.0,Casual,Nike Unisex Total 90 Stri Blue Backpack,6520.jpg
21247,Unisex,Accessories,Bags,Black,Fall,2011.0,Casual,Footloose Unisex Classe Laptop Black Backpack,21247.jpg
35194,Unisex,Accessories,Bags,Blue,Spring,2013.0,Casual,Wildcraft Unisex Blue and Grey Backpack,35194.jpg
20035,Women,Accessories,Bags,Purple,Fall,2011.0,Casual,United Colors of Benetton Women Purple Casual Backpack,20035.jpg
4606,Unisex,Accessories,Bags,Grey,Winter,2015.0,Casual,Wildcraft Wiki 2 Unisex Grey Backpack,4606.jpg
30197,Unisex,Accessories,Bags,Green,Summer,2012.0,Casual,Nike Unisex Casual Green Backpack,30197.jpg
6546,Unisex,Accessories,Bags,Black,Summer,2011.0,Casual,Nike Unisex Fundamen Black Backpack,6546.jpg
9582,Unisex,Accessories,Bags,Purple,Fall,2011.0,Casual,Puma Unisex Flow Purple Backpacks,9582.jpg
7077,Unisex,Accessories,Bags,Grey,Winter,2015.0,Casual,Wildcraft Unisex Grey & Red Backpack,7077.jpg
29004,Men,Accessories,Bags,Black,Summer,2012.0,Casual,Cabarelli Men Black Backpack,29004.jpg
2366,Girls,Accessories,Bags,Black,Winter,2010.0,Sports,ADIDAS Black Girls Backpack,2366.jpg
37694,Unisex,Accessories,Bags,Black,Summer,2012.0,Casual,American Tourister Unisex Black Backpack,37694.jpg
51317,Unisex,Accessories,Bags,Orange,Summer,2015.0,Casual,Wildcraft Unisex Orange Alpinist 55 Backpack,51317.jpg
15929,Unisex,Accessories,Bags,Black,Fall,2011.0,Casual,ADIDAS Unisex BP Lspring Black Backpack,15929.jpg
1925,Unisex,Accessories,Bags,Black,Fall,2010.0,Sports,Quechua Black Bag,1925.jpg
4597,Unisex,Accessories,Bags,Orange,Winter,2015.0,Casual,Wildcraft Unisex Orange Printed Backpack,4597.jpg
38138,Unisex,Accessories,Bags,Pink,Summer,2015.0,Casual,Wildcraft Unisex Pink & Grey Backpack,38138.jpg
32870,Unisex,Accessories,Bags,Red,Summer,2015.0,Casual,Wildcraft Unisex Red & Grey Backpack,32870.jpg
9795,Unisex,Accessories,Bags,Red,Fall,2011.0,Casual,ADIDAS Unisex NBA Bulls BP Red Backpacks,9795.jpg
7084,Unisex,Accessories,Bags,Olive,Winter,2015.0,Casual,Wildcraft Unisex Olive Green Backpack,7084.jpg
40761,Men,Accessories,Bags,White,Summer,2012.0,Casual,Quiksilver Men White Amplified Backpack,40761.jpg
22663,Unisex,Accessories,Bags,Blue,Winter,2015.0,Casual,Wildcraft Unisex Blue Solid Backpack,22663.jpg
15272,Men,Accessories,Bags,Navy Blue,Spring,2013.0,Sports,Nike Men Ball Carry Navy Blue Backpacks,15272.jpg
8352,Unisex,Accessories,Bags,Black,Winter,2015.0,Travel,Wildcraft Unisex Black Ursa Backpack,8352.jpg
8522,Unisex,Accessories,Bags,Black,Summer,2011.0,Casual,Nike Unisex Nike Black Backpacks,8522.jpg
9526,Unisex,Accessories,Bags,Black,Fall,2011.0,Casual,ADIDAS Unisex F50 Black Backpacks,9526.jpg
38751,Unisex,Accessories,Bags,Black,Summer,2012.0,Casual,Nike Unisex Black Backpack,38751.jpg
39885,Unisex,Accessories,Bags,Blue,Summer,2012.0,Casual,ADIDAS Unisex Blue Jeans Backpack,39885.jpg
22738,Unisex,Accessories,Bags,Black,Summer,2011.0,Casual,Nike Unisex Black Backpack,22738.jpg
4682,Men,Accessories,Bags,Black,Summer,2011.0,Sports,ADIDAS Men Lfc Black Red Backpack,4682.jpg
43567,Unisex,Accessories,Bags,Blue,Summer,2012.0,Casual,Puma Unisex Blue Buddy Backpack,43567.jpg
4681,Unisex,Accessories,Bags,Navy Blue,Summer,2011.0,Sports,ADIDAS Unisex Ess Dark Navy White Backpack,4681.jpg
9574,Unisex,Accessories,Bags,Grey,Fall,2011.0,Casual,Puma Unisex Echo Grey Backpacks,9574.jpg
43569,Unisex,Accessories,Bags,Black,Summer,2012.0,Casual,Puma Unisex Black Grit Backpack,43569.jpg
25878,Unisex,Accessories,Bags,Black,Winter,2015.0,Casual,American Tourister Unisex Citi Pro Black Backpack,25878.jpg
35199,Unisex,Accessories,Bags,Olive,Spring,2013.0,Casual,Wildcraft Unisex Olive Green & Black Backpack,35199.jpg
9909,Unisex,Accessories,Bags,Black,Summer,2012.0,Casual,Puma Unisex Big Cat Large Black Backpacks,9909.jpg
19415,Unisex,Accessories,Bags,Navy Blue,Summer,2011.0,Casual,ADIDAS Unisex Navy Blue Backpack,19415.jpg
21270,Unisex,Accessories,Bags,Black,Summer,2011.0,Casual,Footloose Unisex Polyester Black Backpack,21270.jpg
25224,Women,Accessories,Bags,Purple,Winter,2015.0,Casual,Lino Perros Women Sporty Purple Backpacks,25224.jpg
44284,Unisex,Accessories,Bags,Red,Summer,2012.0,Casual,Skybags Unisex Red Backpack,44284.jpg
22737,Unisex,Accessories,Bags,Red,Summer,2011.0,Casual,Nike Unisex Blended Red Backpacks,22737.jpg
35198,Unisex,Accessories,Bags,Blue,Spring,2013.0,Casual,Wildcraft Unisex Blue & Black Backpack,35198.jpg
22674,Unisex,Accessories,Bags,Grey,Winter,2015.0,Casual,Wildcraft Unisex Grey Backpack,22674.jpg
18332,Unisex,Accessories,Bags,Navy Blue,Winter,2011.0,Casual,Fila Unisex Navy Blue & Red Ventos Backpacks,18332.jpg
34468,Unisex,Accessories,Bags,Navy Blue,Summer,2012.0,Casual,ADIDAS Unisex Navy Blue Backpack,34468.jpg
6565,Unisex,Accessories,Bags,Black,Summer,2012.0,Casual,Nike Unisex Team Training Black Backpack,6565.jpg
22682,Unisex,Accessories,Bags,Grey,Winter,2015.0,Casual,Wildcraft Unisex Grey Gear for Life Backpack,22682.jpg
20936,Unisex,Accessories,Bags,Green,Summer,2017.0,Casual,Fastrack Unisex Green Backpack,20936.jpg
35215,Unisex,Accessories,Bags,Red,Summer,2015.0,Casual,Wildcraft Unisex Red & Grey Backpack,35215.jpg
29313,Unisex,Accessories,Bags,Black,Summer,2012.0,Casual,ADIDAS Unisex Black Backpack,29313.jpg
4671,Unisex,Accessories,Bags,Navy Blue,Summer,2011.0,Sports,ADIDAS Unisex Ess BP Dark Navy Blue Backpack,4671.jpg
7067,Unisex,Accessories,Bags,Grey,Summer,2011.0,Sports,Nike Unisex All Access SO Grey Backpack,7067.jpg
13696,Unisex,Accessories,Bags,Black,Fall,2011.0,Casual,Puma Unisex Silver Astar ride 3M Backpack,13696.jpg
8514,Unisex,Accessories,Bags,Grey,Summer,2011.0,Sports,Nike Unisex Ultimatum Max Grey Backpacks,8514.jpg
9488,Unisex,Accessories,Bags,Red,Fall,2011.0,Casual,Puma Unisex Big Cat Red Backpacks,9488.jpg
18436,Unisex,Accessories,Bags,Red,Fall,2011.0,Casual,Vital Gear Unisex Red Daypack Backpack,18436.jpg
38137,Unisex,Accessories,Bags,Pink,Summer,2015.0,Casual,Wildcraft Unisex Pink & Grey Backpack,38137.jpg
6516,Unisex,Accessories,Bags,Black,Summer,2011.0,Casual,Nike Unisex Brasilia 4 XL Backpack,6516.jpg
9493,Unisex,Accessories,Bags,Black,Fall,2011.0,Casual,Puma Unisex Grit Black Backpacks,9493.jpg
58145,Unisex,Accessories,Bags,Black,Summer,2012.0,Casual,Puma Unisex Black Backpack,58145.jpg
25888,Unisex,Accessories,Bags,Blue,Winter,2015.0,Casual,American Tourister Unisex Casual Blue Bag,25888.jpg
4592,Unisex,Accessories,Bags,Orange,Winter,2015.0,Casual,Wildcraft Unisex Orange Printed Laptop Backpack,4592.jpg
32861,Unisex,Accessories,Bags,Grey,Summer,2012.0,Casual,Wildcraft Unisex Blue & Grey Backpack,32861.jpg
8264,Unisex,Accessories,Bags,Black,Fall,2011.0,Casual,Fastrack Unisex White Black Printed Sling Bag,8264.jpg
53364,Unisex,Accessories,Bags,Orange,Summer,2012.0,Casual,Puma Unisex Orange & Grey Backpack,53364.jpg
3474,Men,Accessories,Bags,Navy Blue,Summer,2011.0,Sports,ADIDAS Men Navy Cobalt Backpack,3474.jpg
29192,Men,Accessories,Bags,Black,Summer,2012.0,Casual,United Colors of Benetton Men Black Backpack,29192.jpg
2264,Unisex,Accessories,Bags,Black,Fall,2010.0,Sports,Nike Soleday Black Backpack,2264.jpg
1790,Unisex,Accessories,Bags,Beige,Fall,2010.0,Sports,Quechua Unisex Ultralight Beige Bag,1790.jpg
4610,Unisex,Accessories,Bags,Green,Winter,2015.0,Casual,Wildcraft Unisex Green & Grey Printed Backpack,4610.jpg
7092,Unisex,Accessories,Bags,Blue,Winter,2015.0,Casual,Wildcraft Unisex Blue & Grey Backpack,7092.jpg
35213,Unisex,Accessories,Bags,Black,Spring,2013.0,Casual,Wildcraft Unisex Reflex Black Backpack,35213.jpg
39484,Unisex,Accessories,Bags,Yellow,Winter,2018.0,Casual,Wildcraft Unisex Yellow Hydrator  Backpack,39484.jpg
53361,Women,Accessories,Bags,Pink,Summer,2012.0,Casual,Puma Women Pink & Grey Backpack,53361.jpg
1935,Unisex,Accessories,Bags,Black,Summer,2011.0,Sports,Quechua 22L Blue Bag,1935.jpg
6550,Unisex,Accessories,Bags,Grey,Summer,2011.0,Casual,Nike Unisex Grey Fundamen Backpack,6550.jpg
25865,Unisex,Accessories,Bags,Blue,Winter,2015.0,Casual,American Tourister Unisex Blue Backpack,25865.jpg
24832,Unisex,Accessories,Bags,Blue,Winter,2015.0,Casual,Wildcraft Unisex Blue & Black Backpack,24832.jpg
7080,Unisex,Accessories,Bags,Black,Winter,2015.0,Casual,Wildcraft Wiki 3 Unisex Black Backpack,7080.jpg
22648,Unisex,Accessories,Bags,Grey,Winter,2015.0,Casual,Wildcraft Unisex Grey & Black Backpack,22648.jpg
33771,Unisex,Accessories,Bags,Blue,Summer,2011.0,Casual,Puma Unisex Foundation Blue Backpack,33771.jpg
4617,Unisex,Accessories,Bags,Blue,Winter,2015.0,Casual,Wildcraft Unisex Blue Printed One-Shoulder Backpack,4617.jpg
41848,Unisex,Accessories,Bags,Black,Summer,2012.0,Casual,ADIDAS Unisex Black Predator Backpack,41848.jpg
7071,Unisex,Accessories,Bags,Green,Winter,2015.0,Casual,Wildcraft Unisex Green Printed Backpack,7071.jpg
7060,Unisex,Accessories,Bags,Black,Spring,2013.0,Sports,Nike Black Classic Turf     NSW  Backpacks,7060.jpg
20931,Men,Accessories,Bags,Black,Winter,2016.0,Casual,Fastrack Men Polyester Black Backpack,20931.jpg
17985,Unisex,Accessories,Bags,Grey,Fall,2011.0,Casual,U.S. Polo Assn. Unisex Laptop Grey Backpack,17985.jpg
22675,Unisex,Accessories,Bags,Blue,Winter,2015.0,Travel,Wildcraft Unisex Blue Backpack,22675.jpg
7852,Unisex,Accessories,Bags,Black,Summer,2011.0,Sports,Nike Unisex Blue Bing Black Backpack,7852.jpg
15259,Women,Footwear,Shoes,White,Fall,2011.0,Casual,ADIDAS Originals Women Top Ten low Sleek White Casual Shoes,15259.jpg
25420,Men,Footwear,Shoes,Black,Spring,2013.0,Casual,Nike Men Lite Force Black & White Shoes,25420.jpg
54739,Men,Footwear,Shoes,Grey,Summer,2012.0,Casual,Vans Men Grey Del Norte Canvas Shoes,54739.jpg
6497,Men,Footwear,Shoes,Brown,Winter,2018.0,Casual,Red Tape Men's Leather Brown Shoe,6497.jpg
15502,Women,Footwear,Shoes,Brown,Fall,2011.0,Casual,Carlton London Women Casual Brown Casual Shoes,15502.jpg
35465,Men,Footwear,Shoes,Blue,Fall,2012.0,Casual,Franco Leone Men Blue Shoes,35465.jpg
26664,Men,Footwear,Shoes,Black,Fall,2012.0,Casual,Puma Men Metamostro Black Shoes,26664.jpg
38544,Men,Footwear,Shoes,Black,Winter,2012.0,Casual,Puma Men Black Suede Archive Eco Shoes,38544.jpg
7041,Men,Footwear,Shoes,Black,Summer,2011.0,Casual,Numero Uno Black Men's Shoe,7041.jpg
36476,Men,Footwear,Shoes,Black,Spring,2013.0,Casual,Spinn Men Agile Black Shoes,36476.jpg
35677,Men,Footwear,Shoes,Brown,Winter,2014.0,Casual,U.S. Polo Assn. Men Brown Leather Casual Shoes,35677.jpg
17033,Men,Footwear,Shoes,Black,Summer,2013.0,Casual,Gas Men Europa Casual Shoes,17033.jpg
15512,Men,Footwear,Shoes,Brown,Fall,2011.0,Casual,Rockport Men Slatkin Brown Casual Shoes,15512.jpg
44746,Men,Footwear,Shoes,Olive,Summer,2012.0,Casual,Globalite Men Olive Sparta Shoes,44746.jpg
25452,Men,Footwear,Shoes,White,Summer,2012.0,Casual,Nike Men Prowl White Casual Shoes,25452.jpg
46117,Unisex,Footwear,Shoes,Red,Summer,2012.0,Casual,ADIDAS Unisex Red Neo Shell Comic Shoes,46117.jpg
9130,Men,Footwear,Shoes,Grey,Fall,2011.0,Casual,Puma Men Osu NM Grey Casual Shoes,9130.jpg
7267,Men,Footwear,Shoes,Brown,Fall,2011.0,Casual,Rockport Men Brown Leather Casual Shoes,7267.jpg
44503,Women,Footwear,Shoes,Grey,Summer,2012.0,Casual,Gliders Women Grey & Orange Shoes,44503.jpg
43878,Men,Footwear,Shoes,Brown,Summer,2012.0,Casual,Puma Men Brown Terrae Mid Africa Shoes,43878.jpg
11816,Men,Footwear,Shoes,White,Fall,2011.0,Casual,Playboy Men Casual White Casual Shoes,11816.jpg
38770,Men,Footwear,Shoes,Olive,Summer,2012.0,Casual,Woodland Men Olive Shoes,38770.jpg
35660,Men,Footwear,Shoes,Black,Summer,2012.0,Casual,U.S. Polo Assn. Men Black Shoes,35660.jpg
23855,Men,Footwear,Shoes,Yellow,Summer,2011.0,Casual,ADIDAS Men Yellow Color Blast Casual Shoes,23855.jpg
21079,Men,Footwear,Shoes,Brown,Spring,2012.0,Casual,Clarks Men Supa Step Brown Casual Shoe,21079.jpg
24302,Unisex,Footwear,Shoes,Blue,Summer,2012.0,Casual,Converse Unisex Blue Casual Shoes,24302.jpg
4133,Men,Footwear,Shoes,White,Winter,2015.0,Casual,Skechers Men's Sparta White Shoe,4133.jpg
32952,Men,Footwear,Shoes,Black,Summer,2012.0,Casual,ADIDAS Neo Men Court Sequence Black Shoes,32952.jpg
55785,Men,Footwear,Shoes,Navy Blue,Spring,2014.0,Casual,Converse Men Navy Casual Shoes,55785.jpg
13066,Men,Footwear,Shoes,White,Fall,2011.0,Casual,Numero Uno Men White Casual Shoes,13066.jpg
20707,Men,Footwear,Shoes,Black,Winter,2012.0,Casual,Buckaroo Men Melania Black Casual Shoes,20707.jpg
20716,Men,Footwear,Shoes,Brown,Winter,2018.0,Smart Casual,Red Tape Men Brown Leather Casual Shoes,20716.jpg
35670,Men,Footwear,Shoes,Navy Blue,Spring,2013.0,Casual,U.S. Polo Assn. Men Navy Blue Shoes,35670.jpg
15220,Men,Footwear,Shoes,Brown,Fall,2011.0,Casual,ADIDAS Originals Men Adi T Tennis Brown Casual Shoes,15220.jpg
22251,Men,Footwear,Shoes,Black,Summer,2011.0,Casual,ID Men Black Casual Shoes,22251.jpg
4019,Unisex,Footwear,Shoes,Blue,Summer,2011.0,Casual,ADIDAS Unisex Check Can MW Blue Shoe,4019.jpg
30258,Men,Footwear,Shoes,Brown,Winter,2018.0,Casual,Red Tape Men Brown Shoes,30258.jpg
11842,Men,Footwear,Shoes,Beige,Summer,2013.0,Casual,Playboy Men Casual Beige Casual Shoes,11842.jpg
50753,Men,Footwear,Shoes,Mushroom Brown,Winter,2018.0,Casual,Red Chief Men Mushroom Brown Shoes,50753.jpg
11951,Men,Footwear,Shoes,Blue,Summer,2012.0,Casual,Ganuchi Men Blue Shoes,11951.jpg
33689,Men,Footwear,Shoes,White,Winter,2012.0,Casual,Cobblerz Men White & Blue Casual Shoes,33689.jpg
43379,Men,Footwear,Shoes,White,Summer,2012.0,Casual,Reebok Men White Mamba Casual Shoes,43379.jpg
22819,Men,Footwear,Shoes,Brown,Summer,2016.0,Casual,Woodland Men Brown Casual Shoes,22819.jpg
2540,Men,Footwear,Shoes,Blue,Fall,2010.0,Casual,Numero Uno Men's Casual Black Leatherette Shoe,2540.jpg
22237,Men,Footwear,Shoes,Red,Summer,2011.0,Casual,ID Men Red Shoes,22237.jpg
35673,Men,Footwear,Shoes,Navy Blue,Summer,2012.0,Casual,U.S. Polo Assn. Men Navy Blue Shoes,35673.jpg
24254,Men,Footwear,Shoes,White,Summer,2012.0,Casual,Numero Uno Men White Casual Shoes,24254.jpg
35531,Girls,Footwear,Shoes,Red,Winter,2008.0,Casual,Enroute Teens Girls Red Ballet Flats,35531.jpg
21744,Unisex,Footwear,Shoes,Black,Fall,2011.0,Casual,Vans Unisex Classic Slip-On Black Casual Shoe,21744.jpg
59944,Men,Footwear,Shoes,Cream,Spring,2013.0,Casual,Vans Men Black & Cream Casual Shoes,59944.jpg
49381,Men,Footwear,Shoes,Navy Blue,Summer,2012.0,Casual,Vans Men Navy Blue Versa Casual Shoes,49381.jpg
34747,Women,Footwear,Shoes,White,Summer,2012.0,Casual,Puma Women Soleil Cat White Shoes,34747.jpg
22826,Men,Footwear,Shoes,Brown,Summer,2012.0,Casual,Woodland Men Brown Casual Shoes,22826.jpg
3695,Men,Footwear,Shoes,White,Summer,2011.0,Casual,Lotto Men's Rio Velcro White Indigo Shoe,3695.jpg
57521,Men,Footwear,Shoes,Brown,Summer,2012.0,Casual,Provogue Men Brown Casual Shoes,57521.jpg
8210,Men,Footwear,Shoes,Brown,Winter,2018.0,Casual,Red Tape Men's Casual Brown Shoe,8210.jpg
5429,Men,Footwear,Shoes,Black,Summer,2011.0,Casual,Fila Men's Cruise Black Shoe,5429.jpg
22828,Men,Footwear,Shoes,Black,Summer,2016.0,Casual,Woodland Men Black Casual Shoes,22828.jpg
6804,Men,Footwear,Shoes,Brown,Summer,2011.0,Casual,Timberland Men's Driver Venetian Brown Shoe,6804.jpg
29573,Men,Footwear,Shoes,Black,Summer,2012.0,Casual,Vans Men Edgemont Black Shoes,29573.jpg
37256,Men,Footwear,Shoes,Black,Summer,2012.0,Casual,United Colors of Benetton Men Black Shoes,37256.jpg
22246,Men,Footwear,Shoes,Green,Summer,2011.0,Casual,ID Men Green Casual Shoe,22246.jpg
13360,Women,Footwear,Shoes,Brown,Fall,2012.0,Casual,Timberland Women Femmes Brown Boot,13360.jpg
6448,Men,Footwear,Shoes,Brown,Summer,2011.0,Casual,Lotto Men's Calcetto Brown Shoe,6448.jpg
56660,Men,Footwear,Shoes,Olive,Summer,2012.0,Casual,United Colors of Benetton Men Olive Shoes,56660.jpg
39629,Men,Footwear,Shoes,Purple,Summer,2012.0,Casual,Nike Men Toki Premium Purple Casual Shoes,39629.jpg
21569,Men,Footwear,Shoes,Black,Summer,2012.0,Casual,Numero Uno Men Casual Black Shoes,21569.jpg
38660,Men,Footwear,Shoes,Maroon,Summer,2012.0,Casual,Nike Men Braata Canvas Red Casual Shoes,38660.jpg
13538,Men,Footwear,Shoes,Black,Winter,2012.0,Casual,Carlton London Men Casual Black Casual Shoes,13538.jpg
35386,Boys,Footwear,Shoes,Blue,Summer,2012.0,Casual,Enroute Teens Blue Shoes,35386.jpg
15513,Men,Footwear,Shoes,Brown,Fall,2011.0,Casual,Rockport Men Utara L2T Brown Casual Shoes,15513.jpg
10154,Men,Footwear,Shoes,Brown,Fall,2011.0,Casual,Rockport Men Bal Brown Casual Shoes,10154.jpg
13484,Women,Footwear,Shoes,White,Winter,2012.0,Casual,Rocia Women Rocia White  Sandal White Shoes,13484.jpg
3489,Men,Footwear,Shoes,Blue,Summer,2011.0,Casual,ADIDAS Men's Jawpaw Blue Shoe,3489.jpg
45866,Men,Footwear,Shoes,Black,Summer,2012.0,Casual,Numero Uno Men Black Shoes,45866.jpg
38535,Men,Footwear,Shoes,White,Summer,2012.0,Casual,Puma Men White Benecio Shoes,38535.jpg
57524,Men,Footwear,Shoes,Black,Fall,2012.0,Casual,Provogue Men Black Casual Shoes,57524.jpg
13077,Men,Footwear,Shoes,White,Fall,2012.0,Casual,Numero Uno Men White Casual Shoes,13077.jpg
42274,Unisex,Footwear,Shoes,Black,Summer,2012.0,Casual,Vans Unisex Black Era Shoes,42274.jpg
17959,Women,Footwear,Shoes,White,Fall,2011.0,Casual,Puma Women Trinity White Casual Shoe,17959.jpg
2388,Men,Footwear,Shoes,Brown,Winter,2018.0,Casual,Red Tape Men Brown Casual Shoe,2388.jpg
43236,Men,Footwear,Shoes,Black,Summer,2012.0,Casual,Reebok Men Black Varsity Casual Shoes,43236.jpg
3658,Men,Footwear,Shoes,Black,Summer,2011.0,Casual,Fila Men's Tribute Black Shoe,3658.jpg
3564,Men,Footwear,Shoes,Brown,Winter,2015.0,Casual,Skechers Men Sage Brown Lifestyle Casual Shoe,3564.jpg
35681,Men,Footwear,Shoes,Brown,Summer,2012.0,Casual,U.S. Polo Assn. Men Brown Shoes,35681.jpg
54066,Men,Footwear,Shoes,Olive,Summer,2012.0,Casual,ADIDAS Men Olive Shoes,54066.jpg
39593,Women,Footwear,Shoes,White,Winter,2015.0,Casual,Catwalk Women White Shoes,39593.jpg
30237,Men,Footwear,Shoes,Black,Summer,2012.0,Casual,Numero Uno Men Black Shoes,30237.jpg
12507,Men,Footwear,Shoes,Black,Winter,2018.0,Casual,Red Tape Men Casual Black Casual Shoes,12507.jpg
3588,Unisex,Footwear,Shoes,Red,Summer,2013.0,Casual,Converse Unisex All Star Canvas Ox Red Shoe,3588.jpg
5898,Men,Footwear,Shoes,Blue,Summer,2011.0,Casual,Puma Men Tekkies Jam Blue Shoe,5898.jpg
26659,Men,Footwear,Shoes,White,Summer,2012.0,Casual,Puma Men White Basics Shoes,26659.jpg
17697,Men,Footwear,Shoes,Grey,Fall,2011.0,Casual,Vans Men Bali Grey Casual Shoes,17697.jpg
30239,Men,Footwear,Shoes,White,Summer,2012.0,Casual,Numero Uno Men White Shoes,30239.jpg
26629,Unisex,Footwear,Shoes,Black,Summer,2012.0,Casual,Puma Kids Unisex Future Cat M2 Black Casual Shoes,26629.jpg
9213,Men,Footwear,Shoes,Black,Fall,2011.0,Casual,Puma Men Speeder Black Casual Shoes,9213.jpg
19365,Men,Footwear,Shoes,Tan,Winter,2018.0,Casual,Redtape Men Calcullas Tan Casual Shoes,19365.jpg
24717,Men,Footwear,Shoes,Charcoal,Fall,2011.0,Casual,Skechers Men Heisman Charcoal Casual Shoes,24717.jpg
30259,Men,Footwear,Shoes,Navy Blue,Winter,2018.0,Casual,Red Tape Men Navy Blue Shoes,30259.jpg
28657,Men,Footwear,Shoes,Black,Summer,2012.0,Casual,Nike Men Air Ralston Mid Lite Black Casual Shoes,28657.jpg
18537,Unisex,Footwear,Shoes,Black,Fall,2012.0,Casual,Puma Unisex Limnos Black Casual Shoes,18537.jpg
57467,Unisex,Footwear,Shoes,Navy Blue,Fall,2012.0,Casual,Puma Unisex 917 Lo CVS Navy Blue Shoes,57467.jpg
13988,Men,Footwear,Shoes,Navy Blue,Fall,2011.0,Casual,Puma Men Future Cat Remix Lo Navy Blue Casual Shoes,13988.jpg
18405,Men,Footwear,Shoes,Brown,Summer,2012.0,Casual,Skechers Men USA Brown Shoe,18405.jpg
46606,Women,Footwear,Shoes,Blue,Winter,2015.0,Casual,Catwalk Women Blue Shoes,46606.jpg
34751,Men,Footwear,Shoes,Brown,Summer,2012.0,Casual,Puma Men Benecio Mid Leather Brown Shoes,34751.jpg
57529,Men,Footwear,Shoes,Brown,Fall,2012.0,Casual,Provogue Men Brown Casual Shoes,57529.jpg
56722,Men,Footwear,Shoes,Maroon,Fall,2012.0,Casual,Converse Men Maroon Shoes,56722.jpg
24690,Men,Footwear,Shoes,Brown,Summer,2011.0,Casual,Lee Cooper Men Casual Brown Shoes,24690.jpg
13382,Women,Footwear,Shoes,Brown,Fall,2011.0,Casual,Timberland Women Femmes Brown Casual Shoes,13382.jpg
26563,Men,Footwear,Shoes,Tan,Summer,2012.0,Casual,Lee Cooper Men Tan Shoes,26563.jpg
42275,Men,Footwear,Shoes,Brown,Summer,2012.0,Casual,Vans Men Brown Michoacan Shoes,42275.jpg
3644,Men,Footwear,Shoes,Navy Blue,Summer,2011.0,Casual,Fila Men's Maverick HI Navy Green Canvas Shoe,3644.jpg
35696,Men,Footwear,Shoes,White,Summer,2012.0,Casual,Nike Men Sweet Classic Leather White Shoes,35696.jpg
3649,Men,Footwear,Shoes,Black,Fall,2011.0,Casual,FILA Men Elite Black Casual Shoes,3649.jpg
35392,Men,Footwear,Shoes,Brown,Summer,2012.0,Casual,Stens by Enroute Men Brown Shoes,35392.jpg
6368,Men,Footwear,Shoes,Black,Summer,2011.0,Casual,Numero Uno Men's Black Shoe,6368.jpg
2495,Men,Footwear,Shoes,Black,Fall,2010.0,Casual,Numero Uno Men's Casual White Black Stripe Shoe,2495.jpg
46841,Girls,Footwear,Shoes,Pink,Winter,2012.0,Casual,Barbie Girls Pink Shoes,46841.jpg
14481,Men,Footwear,Shoes,Beige,Fall,2011.0,Casual,Flying Machine Men Beige Casual Shoes,14481.jpg
10758,Girls,Footwear,Shoes,Blue,Winter,2012.0,Casual,Disney Kids Girls Princess Heart Blue Casual Shoes,10758.jpg
4282,Men,Footwear,Shoes,Brown,Summer,2011.0,Casual,Rockport Men Arratoon Brown Shoe,4282.jpg
9387,Women,Footwear,Shoes,White,Fall,2011.0,Casual,Nike Women Wmns Nike Bac White Casual Shoes,9387.jpg
23935,Men,Footwear,Shoes,White,Fall,2011.0,Casual,Lotto Men White Pesa Slip-On Casual Shoes,23935.jpg
30233,Men,Footwear,Shoes,White,Summer,2012.0,Casual,Numero Uno Men White Shoes,30233.jpg
26646,Men,Footwear,Shoes,Black,Summer,2012.0,Casual,Puma Men Driving Power Black Shoes,26646.jpg
59941,Men,Footwear,Shoes,Navy Blue,Spring,2013.0,Casual,Vans Men Navy Blue Casual Shoes,59941.jpg
12867,Men,Footwear,Shoes,Black,Fall,2011.0,Casual,Lee Cooper Men Casual Black Shoes,12867.jpg
12870,Men,Footwear,Shoes,Black,Spring,2012.0,Casual,Lee Cooper MenCasual Black Shoes,12870.jpg
16157,Men,Footwear,Shoes,Black,Fall,2011.0,Casual,Enroute Men Leather Black Casual Shoes,16157.jpg
44494,Men,Footwear,Shoes,Blue,Summer,2012.0,Casual,Gliders Men Blue Shoes,44494.jpg
43380,Men,Footwear,Shoes,White,Summer,2012.0,Casual,Reebok Men White Mamba Casual Shoes,43380.jpg
22164,Men,Footwear,Shoes,Brown,Fall,2012.0,Casual,Timberland Men Brown Casual Shoes,22164.jpg
20700,Men,Footwear,Shoes,Brown,Winter,2011.0,Casual,Buckaroo Men  Fiesta Brown Casual Shoes,20700.jpg
2822,Men,Footwear,Shoes,Black,Summer,2012.0,Casual,Lee Cooper Men's Casual Felt Black Shoe,2822.jpg
39970,Men,Footwear,Shoes,Red,Spring,2013.0,Casual,Gas Men Red Cutback Shoes,39970.jpg
34750,Men,Footwear,Shoes,Black,Summer,2012.0,Casual,Puma Men Black Benecio Shoes,34750.jpg
36465,Men,Footwear,Shoes,White,Summer,2012.0,Casual,Spinn Men Viking White Casual Shoes,36465.jpg
50279,Men,Footwear,Shoes,Navy Blue,Summer,2013.0,Casual,Arrow Men Navy Blue Shoes,50279.jpg
39946,Men,Footwear,Shoes,Beige,Summer,2013.0,Casual,Gas Men Sahar Beige Shoes,39946.jpg
22867,Men,Footwear,Shoes,Brown,Summer,2012.0,Casual,Woodland Men Brown Casual Shoes,22867.jpg
22245,Men,Footwear,Shoes,Brown,Summer,2011.0,Casual,ID Men Brown Casual Shoes,22245.jpg
22165,Men,Footwear,Shoes,Brown,Fall,2012.0,Casual,Timberland Men Brown Casual Shoes,22165.jpg
29572,Men,Footwear,Shoes,Grey,Summer,2012.0,Casual,Vans Men Classic Slip-On Grey Shoes,29572.jpg
13080,Men,Footwear,Shoes,Black,Summer,2013.0,Casual,Numero Uno Men Black Casual Shoes,13080.jpg
6431,Unisex,Footwear,Shoes,Navy Blue,Summer,2011.0,Casual,Lotto Unisex Canvas Dark Navy Shoe,6431.jpg
7365,Men,Footwear,Shoes,Black,Winter,2018.0,Casual,Red Tape Men's Black Casual Shoe,7365.jpg
4343,Men,Footwear,Shoes,Red,Summer,2011.0,Casual,Fila Men Leonard Red Shoes,4343.jpg
7379,Men,Footwear,Shoes,Black,Winter,2018.0,Casual,Red Tape Men's Blk Casual Black Shoe,7379.jpg
15508,Men,Footwear,Shoes,Brown,Fall,2011.0,Casual,Rockport Men Cape Noble Brown Casual Shoes,15508.jpg
39968,Men,Footwear,Shoes,Brown,Spring,2013.0,Casual,Gas Men Brown Cutback Shoes,39968.jpg
44739,Men,Footwear,Shoes,Grey,Summer,2012.0,Casual,Globalite Men Grey Starcross Shoes,44739.jpg
37241,Men,Footwear,Shoes,Black,Summer,2012.0,Casual,United Colors of Benetton Men Black Shoes,37241.jpg
35848,Women,Footwear,Shoes,Blue,Summer,2012.0,Casual,Kelme Women Passion Blue Shoes,35848.jpg
7710,Men,Footwear,Shoes,Blue,Fall,2011.0,Casual,Puma Men's Bluebird Blue Yellow Shoe,7710.jpg
31942,Women,Footwear,Shoes,White,Summer,2012.0,Casual,Nike Women Sweet Classic Leather White Shoes,31942.jpg
14560,Men,Footwear,Shoes,Black,Spring,2012.0,Casual,Vans Men Era Black Casual Shoes,14560.jpg
17766,Men,Footwear,Shoes,Olive,Winter,2012.0,Casual,Buckaroo Jefe Men Olive Casual Shoes,17766.jpg
57520,Men,Footwear,Shoes,Brown,Fall,2012.0,Casual,Provogue Men Brown Casual Shoes,57520.jpg
56655,Men,Footwear,Shoes,Blue,Summer,2012.0,Casual,United Colors of Benetton Men Blue Shoes,56655.jpg
22160,Men,Footwear,Shoes,Black,Summer,2011.0,Casual,Lee Cooper Men Black Casual Shoes,22160.jpg
17704,Unisex,Footwear,Shoes,Maroon,Fall,2011.0,Casual,Vans unisex Old Skool Red Casual Shoes,17704.jpg
12423,Women,Footwear,Shoes,Brown,Fall,2011.0,Casual,Timberland Women Casual Brown Casual Shoes,12423.jpg
39625,Men,Footwear,Shoes,Black,Summer,2012.0,Casual,Nike Men Sweet Classic High Black Casual Shoes,39625.jpg
31945,Men,Footwear,Shoes,Black,Summer,2012.0,Casual,Nike Men Avid Black Shoes,31945.jpg
39664,Men,Footwear,Shoes,White,Summer,2012.0,Casual,Lotto Men White Shoes,39664.jpg
14283,Women,Footwear,Shoes,Brown,Fall,2011.0,Casual,Timberland Women Chauncy ox  Casual Shoe,14283.jpg
49484,Men,Footwear,Shoes,Navy Blue,Summer,2012.0,Casual,Vans Men Navy Blue Shoes,49484.jpg
35818,Women,Footwear,Shoes,Red,Summer,2012.0,Casual,Enroute Women Red Moccasins,35818.jpg
12519,Men,Footwear,Shoes,Beige,Winter,2018.0,Casual,Red Tape Men Beige Shoes,12519.jpg
12430,Men,Footwear,Shoes,Blue,Fall,2011.0,Casual,Timberland Men Casual Blue Casual Shoes,12430.jpg
4853,Unisex,Footwear,Shoes,Black,Summer,2011.0,Casual,Newfeel Unisex Black & Grey Shoes,4853.jpg
22833,Men,Footwear,Shoes,Olive,Summer,2016.0,Casual,Woodland Men Olive Green Casual Shoes,22833.jpg
17669,Women,Footwear,Shoes,Blue,Winter,2015.0,Casual,Catwalk Women Closed Blue Casual Shoe,17669.jpg
17659,Women,Footwear,Shoes,Brown,Winter,2015.0,Casual,Catwalk Women Ballerina Brown Casual Shoe,17659.jpg
57480,Men,Footwear,Shoes,White,Summer,2012.0,Casual,ID Men White & Navy Blue Casual Shoes,57480.jpg
10266,Men,Footwear,Shoes,Brown,Fall,2011.0,Casual,Clarks Men Goto Hi Cola Suede Brown Shoes,10266.jpg
7714,Men,Footwear,Shoes,Black,Fall,2011.0,Casual,Fila Men's Wind Black Shoe,7714.jpg
5320,Men,Footwear,Shoes,Grey,Summer,2011.0,Casual,Fila Men's Montello Grey Black Red Shoe,5320.jpg
12510,Men,Footwear,Shoes,Grey,Winter,2018.0,Casual,Red Tape Men Casual Grey Casual Shoes,12510.jpg
43874,Men,Footwear,Shoes,White,Summer,2010.0,Casual,Puma Men White Mid Ducati Shoes,43874.jpg
15503,Women,Footwear,Shoes,Black,Fall,2011.0,Casual,Carlton London Women Casual Black Casual Shoes,15503.jpg
7040,Men,Footwear,Shoes,Navy Blue,Summer,2011.0,Casual,Numero Uno Men's Navy Blue Shoe,7040.jpg
34862,Men,Footwear,Shoes,Grey,Summer,2012.0,Casual,Vans Men Zapato Del Barco Grey Shoes,34862.jpg
22167,Men,Footwear,Shoes,Brown,Fall,2012.0,Casual,Timberland Men Brown Casual Shoes,22167.jpg
21741,Unisex,Footwear,Shoes,White,Fall,2011.0,Casual,Vans Unisex Authentic Lo Pro White Casual Shoes,21741.jpg
47246,Men,Footwear,Shoes,Green,Summer,2013.0,Casual,Playboy Men Green Casual Shoes,47246.jpg
5699,Men,Footwear,Shoes,Black,Winter,2015.0,Casual,Skechers Men's Striking Black Shoe,5699.jpg
17747,Men,Footwear,Shoes,Black,Fall,2011.0,Casual,Puma Men Track Cat Black Casual Shoe,17747.jpg
4183,Men,Footwear,Shoes,Brown,Summer,2011.0,Casual,Rockport Men Brown Leather Casual Shoes,4183.jpg
11819,Men,Footwear,Shoes,Blue,Summer,2013.0,Casual,Playboy Men Casual Blue Casual Shoes,11819.jpg
17757,Men,Footwear,Shoes,Brown,Winter,2012.0,Casual,Buckaroo Men New Gemma Brown Casual Shoe,17757.jpg
18474,Men,Footwear,Shoes,White,Summer,2011.0,Casual,Puma Men Calcetto White Casual Shoes,18474.jpg
34088,Men,Footwear,Shoes,White,Summer,2012.0,Casual,Numero Uno Men White Shoes,34088.jpg
33531,Women,Footwear,Shoes,Black,Summer,2016.0,Casual,Cobblerz Women Black Loafers,33531.jpg
10627,Men,Footwear,Shoes,Brown,Winter,2012.0,Casual,Carlton London Men Brown Slip-On Shoes,10627.jpg
4068,Men,Footwear,Shoes,Brown,Summer,2011.0,Casual,Crocs Men's Tideline Canvas Khaki Shoe,4068.jpg
22865,Men,Footwear,Shoes,Khaki,Summer,2016.0,Casual,Woodland Men Khaki Casual Shoes,22865.jpg
38524,Men,Footwear,Shoes,White,Fall,2012.0,Casual,Puma Men White Surge Shoes,38524.jpg
34748,Women,Footwear,Shoes,Black,Summer,2012.0,Casual,Puma Women Soleil Cat Black Shoes,34748.jpg
24190,Unisex,Footwear,Shoes,White,Summer,2012.0,Casual,Converse Unisex Chuck Taylor White Casual Shoes,24190.jpg
39687,Men,Footwear,Shoes,White,Summer,2012.0,Casual,Lotto Men White Casual Shoes,39687.jpg
6799,Unisex,Footwear,Shoes,Yellow,Summer,2011.0,Casual,Converse Unisex Yellow Canvas Shoe,6799.jpg
22846,Men,Footwear,Shoes,Khaki,Summer,2012.0,Casual,Woodland Men Khaki Casual Shoes,22846.jpg
39274,Men,Footwear,Shoes,Tan,Winter,2018.0,Casual,Red Chief Men Tan Shoes,39274.jpg
26561,Men,Footwear,Shoes,Black,Fall,2012.0,Casual,Lee Cooper Men Black Shoes,26561.jpg
46884,Boys,Footwear,Shoes,Black,Fall,2012.0,Casual,Ben 10 Boys Black Casual Shoes,46884.jpg
23913,Men,Footwear,Shoes,Black,Winter,2015.0,Casual,Fila Men Cicadeo Black Casual Shoes,23913.jpg
20876,Men,Footwear,Shoes,Black,Summer,2012.0,Casual,Skechers Men Casual Black Shoes,20876.jpg
17768,Men,Footwear,Shoes,Brown,Winter,2012.0,Casual,Buckaroo Men New Amanda Brown Casual Shoe,17768.jpg
46102,Men,Footwear,Shoes,Green,Summer,2012.0,Casual,ADIDAS Men Green Lucent Shoes,46102.jpg
4134,Men,Footwear,Shoes,Navy Blue,Winter,2015.0,Casual,Skechers Men's Sparta Navy Black Shoe,4134.jpg
36952,Women,Footwear,Shoes,White,Summer,2012.0,Casual,Force 10 Women White Shoes,36952.jpg
39984,Men,Footwear,Shoes,Grey,Winter,2014.0,Casual,Gas Men Grey & Blue Tee Casual Shoes,39984.jpg
47643,Men,Footwear,Shoes,Brown,Winter,2014.0,Casual,Carlton London Men Light Brown Loafers,47643.jpg
26559,Men,Footwear,Shoes,Black,Summer,2012.0,Casual,Lee Cooper Men Black Shoes,26559.jpg
44937,Men,Footwear,Shoes,Brown,Summer,2012.0,Casual,Ganuchi Men Brown Shoes,44937.jpg
3640,Men,Footwear,Shoes,Black,Summer,2011.0,Casual,Fila Men's Universe HI Black Shoe,3640.jpg
32727,Unisex,Footwear,Shoes,Black,Summer,2012.0,Casual,Fila Unisex Skeletoes 2.0 Black Shoes,32727.jpg
1546,Men,Footwear,Shoes,White,Fall,2010.0,Casual,Puma Men's Furore White Shoe,1546.jpg
22840,Men,Footwear,Shoes,Brown,Summer,2012.0,Casual,Woodland Men Brown Casual Shoes,22840.jpg
24188,Unisex,Footwear,Shoes,Red,Summer,2012.0,Casual,Converse Unisex Chuck Taylor All Stars Red Casual Shoes,24188.jpg
55783,Men,Footwear,Shoes,Brown,Fall,2013.0,Casual,Converse Men Brown Casual Shoes,55783.jpg
6413,Unisex,Footwear,Shoes,Pink,Summer,2011.0,Casual,Lotto Unisex Canvas Pink Shoe,6413.jpg
12897,Men,Footwear,Shoes,White,Fall,2011.0,Casual,Puma Men Game Point White Casual Shoes,12897.jpg
22189,Men,Footwear,Shoes,Brown,Fall,2012.0,Casual,Timberland Men Brown Casual Shoes,22189.jpg
49375,Men,Footwear,Shoes,Black,Summer,2012.0,Casual,Vans Men Black Era Pro Shoes,49375.jpg
49497,Men,Footwear,Shoes,Navy Blue,Summer,2012.0,Casual,Vans Men Navy Blue Shoes,49497.jpg
24259,Men,Footwear,Shoes,Navy Blue,Fall,2012.0,Casual,Numero Uno Men Navy Blue Shoes,24259.jpg
22177,Men,Footwear,Shoes,Tan,Fall,2012.0,Casual,Timberland Men Tan Casual Shoes,22177.jpg
6410,Women,Footwear,Shoes,White,Summer,2011.0,Casual,Lotto Women Leisure White Blue Shoe,6410.jpg
37243,Men,Footwear,Shoes,Brown,Summer,2012.0,Casual,United Colors of Benetton Men Brown Shoes,37243.jpg
18478,Men,Footwear,Shoes,Navy Blue,Fall,2011.0,Casual,Puma Men Yacht Lifevest Navy Casual Shoes,18478.jpg
24482,Men,Footwear,Shoes,Black,Winter,2018.0,Casual,Red Tape Men Black Casual Shoes,24482.jpg
33846,Men,Footwear,Shoes,Black,Summer,2012.0,Casual,Puma Men Future Cat Black Shoes,33846.jpg
3790,Men,Footwear,Shoes,Black,Summer,2014.0,Casual,Converse Men's AS Canvas HI Black Shoe,3790.jpg
33768,Men,Footwear,Shoes,Tan,Summer,2012.0,Casual,ADIDAS Neo Men Utility Deck Tan Shoes,33768.jpg
4132,Men,Footwear,Shoes,Red,Summer,2011.0,Casual,Fila Men's Mustang Red Shoe,4132.jpg
8909,Unisex,Footwear,Shoes,Blue,Summer,2011.0,Casual,Puma Unisex Benecio Leather Drip Indigo Blue Casual Shoes,8909.jpg
13903,Men,Footwear,Shoes,White,Fall,2011.0,Casual,Nike Men Backboard White Casual Shoes,13903.jpg
14482,Men,Footwear,Shoes,Black,Fall,2011.0,Casual,Flying Machine Men Black Shoes,14482.jpg
54742,Men,Footwear,Shoes,Brown,Summer,2012.0,Casual,Vans Men Brown Shoes,54742.jpg
4455,Men,Footwear,Shoes,Brown,Summer,2011.0,Casual,ADIDAS Khaki Color Canvas Shoe,4455.jpg
49420,Men,Footwear,Shoes,Blue,Summer,2012.0,Casual,Vans Men Blue 106 Vulcanized Shoes,49420.jpg
12518,Men,Footwear,Shoes,Brown,Winter,2018.0,Casual,Red Tape Men Casual Brown Casual Shoes,12518.jpg
35671,Men,Footwear,Shoes,Blue,Spring,2013.0,Casual,U.S. Polo Assn. Men Blue Boat Shoes,35671.jpg
17963,Women,Footwear,Shoes,Black,Fall,2012.0,Casual,Puma Women Trinity Black Casual Shoes,17963.jpg
23679,Men,Footwear,Shoes,Black,Summer,2011.0,Casual,Red Tape Men Mocassins Black Casual Shoes,23679.jpg
13191,Men,Footwear,Shoes,Green,Fall,2011.0,Casual,Puma Men Eco ortholite Green Casual Shoes,13191.jpg
50751,Men,Footwear,Shoes,Mushroom Brown,Winter,2018.0,Casual,Red Chief Men Mushroom Brown Shoes,50751.jpg
24712,Men,Footwear,Shoes,Black,Fall,2011.0,Casual,Puma Men Mid Bas Black Casual Shoes,24712.jpg
15860,Unisex,Footwear,Shoes,Navy Blue,Spring,2013.0,Casual,Warner Bros Kids Unisex SD Fire Canvas Navy Blue Casual Shoes,15860.jpg
43881,Men,Footwear,Shoes,Black,Summer,2012.0,Casual,Puma Men Black Bolt Lite Shoes,43881.jpg
14577,Men,Footwear,Shoes,Black,Fall,2011.0,Casual,Vans Men Sk8-Hi Black Casual Shoes,14577.jpg
5321,Men,Footwear,Shoes,Red,Summer,2011.0,Casual,Fila Men's Retro Red Casual Shoe,5321.jpg
14576,Men,Footwear,Shoes,Black,Fall,2011.0,Casual,Vans Men Half Cab Black Casual Shoes,14576.jpg
11828,Men,Footwear,Shoes,Red,Summer,2013.0,Casual,Playboy Men Casual Red Casual Shoes,11828.jpg
12880,Men,Footwear,Shoes,Black,Spring,2012.0,Casual,Provogue Men Casual Black Shoes,12880.jpg
39301,Men,Footwear,Shoes,Brown,Winter,2018.0,Casual,Red Chief Men Brown Shoes,39301.jpg
32496,Men,Footwear,Shoes,Blue,Summer,2012.0,Casual,Converse Men CT AS 08 3D HI Blue Shoes,32496.jpg
20689,Men,Footwear,Shoes,Brown,Winter,2011.0,Casual,Buckaroo Men Mirar Brown Casual Shoes,20689.jpg
26551,Men,Footwear,Shoes,Black,Fall,2012.0,Casual,ID Men Black Shoes,26551.jpg
5706,Men,Footwear,Shoes,Black,Winter,2015.0,Casual,Skechers Men's Camaro Black Shoe,5706.jpg
6445,Men,Footwear,Shoes,Black,Summer,2011.0,Casual,Lotto Men's Calcetto Black Red Shoe,6445.jpg
4076,Women,Footwear,Shoes,Red,Summer,2011.0,Casual,Numero Uno Women Road Rage Red Shoe,4076.jpg
21737,Men,Footwear,Shoes,Grey,Fall,2011.0,Casual,Vans Men TNT 5 Grey Casual Shoes,21737.jpg
20868,Men,Footwear,Shoes,White,Summer,2013.0,Casual,Fila Men Stradd White Casual Shoes,20868.jpg
37242,Men,Footwear,Shoes,Black,Summer,2012.0,Casual,United Colors of Benetton Men Black Shoes,37242.jpg
22158,Men,Footwear,Shoes,Brown,Summer,2011.0,Casual,Lee Cooper Men Brown Casual Shoes,22158.jpg
22186,Men,Footwear,Shoes,Brown,Fall,2012.0,Casual,Timberland Men Brown Casual Shoes,22186.jpg
15288,Men,Footwear,Shoes,Black,Summer,2012.0,Casual,Fila Men Mercury Black Shoes,15288.jpg
4136,Women,Footwear,Shoes,Silver,Winter,2015.0,Casual,Skechers Women Silver White Blue Shoe,4136.jpg
5920,Women,Footwear,Shoes,White,Summer,2011.0,Casual,ADIDAS Women Daily White Purple Shoe,5920.jpg
17692,Men,Footwear,Shoes,Red,Spring,2012.0,Casual,Vans Men Rowley Style 99 S Red Casual Shoes,17692.jpg
34790,Men,Footwear,Shoes,Black,Summer,2012.0,Casual,Fila Men Cadillace Black Shoes,34790.jpg
9033,Men,Footwear,Shoes,Red,Winter,2012.0,Casual,Buckaroo Men Diana Red Shoes,9033.jpg
5871,Unisex,Footwear,Shoes,Green,Summer,2011.0,Casual,Converse Unisex Heck Ox Green White Shoe,5871.jpg
18481,Men,Footwear,Shoes,Blue,Fall,2011.0,Casual,Puma Men Future Cat Blue Casual Shoes,18481.jpg
13978,Men,Footwear,Shoes,White,Fall,2011.0,Casual,Puma Men Wirko White Casual Shoes,13978.jpg
24299,Unisex,Footwear,Shoes,Grey,Summer,2013.0,Casual,Converse Unisex Grey CT Oxford Ox Casual Shoes,24299.jpg
34563,Men,Footwear,Shoes,Black,Winter,2018.0,Casual,Red Tape Men Black Shoes,34563.jpg
10156,Men,Footwear,Shoes,Brown,Fall,2011.0,Casual,Rockport Men Sc Slip On Brown Casual Shoes,10156.jpg
17693,Men,Footwear,Shoes,Black,Fall,2011.0,Casual,Vans Men Classic Slip-On Black Casual Shoes,17693.jpg
5900,Men,Footwear,Shoes,Grey,Summer,2011.0,Casual,Puma Men's Basket Team Mesh Grey Shoe,5900.jpg
5682,Men,Footwear,Shoes,Brown,Winter,2015.0,Casual,Skechers Men's Transparent Brown Shoe,5682.jpg
33707,Men,Footwear,Shoes,Black,Winter,2012.0,Casual,Cobblerz Men Black Casual Shoes,33707.jpg
4437,Unisex,Footwear,Shoes,White,Summer,2011.0,Casual,Converse Unisex Strips White Black Canvas Shoe,4437.jpg
39969,Men,Footwear,Shoes,Grey,Spring,2013.0,Casual,GAS Men Grey Cutback Casual Shoes,39969.jpg
22702,Women,Footwear,Shoes,Beige,Fall,2011.0,Casual,Nike Women Beige Dunk High Casual Shoes,22702.jpg
29099,Men,Footwear,Shoes,Grey,Summer,2012.0,Casual,ADIDAS Men Agora Lea Grey Shoes,29099.jpg
12864,Men,Footwear,Shoes,Black,Fall,2012.0,Casual,Lee Cooper Men Casual Black Shoes,12864.jpg
18473,Men,Footwear,Shoes,Black,Summer,2011.0,Casual,Puma Men Calcetto Black Casual Shoes,18473.jpg
24626,Men,Footwear,Shoes,Black,Summer,2012.0,Casual,Converse Men Black Roll Down Shoes,24626.jpg
46118,Unisex,Footwear,Shoes,White,Summer,2012.0,Casual,ADIDAS Unisex White Court Sequence Shoes,46118.jpg
32194,Men,Footwear,Shoes,White,Summer,2012.0,Casual,ADIDAS Men Ohne White Shoes,32194.jpg
15520,Men,Footwear,Shoes,Black,Fall,2011.0,Casual,Rockport Men CV Wing Black Casual Shoes,15520.jpg
23841,Men,Footwear,Shoes,White,Fall,2011.0,Casual,ADIDAS Men White Snipe Lo Casual Shoes,23841.jpg
4025,Unisex,Footwear,Shoes,Red,Summer,2011.0,Casual,ADIDAS Unisex High Can Red Black Shoe,4025.jpg
17043,Men,Footwear,Shoes,Black,Summer,2013.0,Casual,Gas Men Skate 003 Casual Shoe,17043.jpg
14498,Men,Footwear,Shoes,Black,Fall,2011.0,Casual,Flying Machine Men Casual Black Casual Shoes,14498.jpg
18477,Men,Footwear,Shoes,Red,Fall,2011.0,Casual,Puma Men Yacht Lifevest Red Casual Shoes,18477.jpg
6370,Men,Footwear,Shoes,Red,Summer,2011.0,Casual,Numero Uno Men's Red Black Shoe,6370.jpg
56410,Men,Footwear,Shoes,Brown,Summer,2013.0,Casual,GAS Men Brown Casual Shoes,56410.jpg
6491,Men,Footwear,Shoes,Brown,Winter,2018.0,Casual,Red Tape Men Brown Shoes,6491.jpg
31554,Men,Footwear,Shoes,Khaki,Summer,2016.0,Casual,Woodland Men Khaki Casual Shoes,31554.jpg
5919,Women,Footwear,Shoes,White,Summer,2011.0,Casual,ADIDAS Women's Daily White Shoe,5919.jpg
10306,Men,Footwear,Shoes,Grey,Fall,2011.0,Casual,Clarks Men Rocco Fuse Leather Grey Casual Shoes,10306.jpg
12515,Men,Footwear,Shoes,Black,Winter,2018.0,Casual,Red Tape Men Black Shoes,12515.jpg
15307,Men,Footwear,Shoes,Brown,Fall,2011.0,Casual,ADIDAS Men Daroga Two 11 Lea Brown Casual Shoes,15307.jpg
13385,Women,Footwear,Shoes,Tan,Fall,2011.0,Casual,Timberland Women Femmes Tan Casual Shoes,13385.jpg
17684,Women,Footwear,Shoes,Grey,Winter,2015.0,Casual,Catwalk Women Ballerina Grey Casual Shoe,17684.jpg
15258,Women,Footwear,Shoes,Beige,Fall,2011.0,Casual,ADIDAS Originals Women Concord Round Beige Casual Shoes,15258.jpg
22912,Women,Footwear,Shoes,Black,Fall,2011.0,Casual,Puma Women Future Cat Remix Black Shoes,22912.jpg
7722,Men,Footwear,Shoes,White,Fall,2011.0,Casual,Fila Men's Nexus White Navy Blue Shoe,7722.jpg
19369,Men,Footwear,Shoes,Blue,Winter,2018.0,Casual,Redtape Men Stone Wall Blue Casual Shoes,19369.jpg
57479,Men,Footwear,Shoes,Blue,Summer,2012.0,Casual,ID Men Blue & Orange Casual Shoes,57479.jpg
11820,Men,Footwear,Shoes,Green,Summer,2013.0,Casual,Playboy Men Casual Green Casual Shoes,11820.jpg
53735,Men,Footwear,Shoes,Brown,Summer,2012.0,Casual,Puma Men Brown Vintage Ferrari Shoes,53735.jpg
2831,Men,Footwear,Shoes,Blue,Summer,2012.0,Casual,Lee Cooper Men's Casual Blue Canvas Shoe,2831.jpg
5326,Men,Footwear,Shoes,Brown,Summer,2011.0,Casual,Fila Men's Fitness Hiker Brown Shoe,5326.jpg
39735,Men,Footwear,Shoes,Navy Blue,Summer,2012.0,Casual,Arrow Men Navy Blue Shoes,39735.jpg
49061,Men,Footwear,Shoes,Brown,Summer,2012.0,Casual,Flying Machine Men Brown Shoes,49061.jpg
39947,Men,Footwear,Shoes,Olive,Summer,2013.0,Casual,Gas Men Sahar Olive Shoes,39947.jpg
17842,Women,Footwear,Shoes,Black,Fall,2011.0,Casual,Nike Women Sweet Classic High Black Casual Shoe,17842.jpg
6638,Women,Footwear,Shoes,Black,Summer,2011.0,Casual,Nike Women Tenkay Slip Black Shoe,6638.jpg
20679,Men,Footwear,Shoes,Black,Winter,2012.0,Casual,Buckaroo Men Eva Black Casual Shoes,20679.jpg
33112,Women,Footwear,Shoes,Black,Winter,2015.0,Casual,Catwalk Women Black Casual Shoes,33112.jpg
14555,Men,Footwear,Shoes,Black,Fall,2011.0,Casual,Vans Men Old Skool Black Casual Shoes,14555.jpg
28662,Men,Footwear,Shoes,Black,Summer,2012.0,Casual,Nike Men Lunar Flow Black Casual Shoes,28662.jpg
9208,Men,Footwear,Shoes,Black,Fall,2011.0,Casual,Puma Men Ean-13 Black Casual Shoes,9208.jpg
57937,Men,Footwear,Shoes,Navy Blue,Spring,2012.0,Casual,Clarks Men Navy Blue Casual Shoes,57937.jpg
44768,Men,Footwear,Shoes,Black,Summer,2012.0,Casual,Globalite Men Black Macross Shoes,44768.jpg
20892,Men,Footwear,Shoes,Black,Fall,2011.0,Casual,Basics Men Black Casual Shoes,20892.jpg
17828,Men,Footwear,Shoes,White,Fall,2011.0,Casual,Nike Men Air Max 1 White Casual Shoe,17828.jpg
42273,Unisex,Footwear,Shoes,White,Summer,2012.0,Casual,Vans Unisex White Authentic Shoes,42273.jpg
5911,Women,Footwear,Shoes,White,Summer,2011.0,Casual,ADIDAS Women's Daily Vulc White Shoe,5911.jpg
35237,Men,Footwear,Shoes,Black,Fall,2012.0,Casual,Fortune Men Black Casual Shoes,35237.jpg
49352,Men,Footwear,Shoes,Black,Summer,2012.0,Casual,Vans Men Black Larkin Shoes,49352.jpg
36429,Men,Footwear,Shoes,White,Summer,2012.0,Casual,Spinn Men Brash White Shoes,36429.jpg
17036,Men,Footwear,Shoes,White,Summer,2013.0,Casual,Gas Men Caddy Casual Shoe,17036.jpg
44741,Men,Footwear,Shoes,White,Summer,2012.0,Casual,Globalite Men White Terra Shoes,44741.jpg
35382,Boys,Footwear,Shoes,Grey,Summer,2012.0,Casual,Enroute Boys Grey Casual Shoes,35382.jpg
13130,Men,Footwear,Shoes,Brown,Fall,2011.0,Casual,Provogue Men Brown Casual Shoes,13130.jpg
37249,Men,Footwear,Shoes,Brown,Summer,2012.0,Casual,United Colors of Benetton Men Brown Shoes,37249.jpg
9097,Unisex,Footwear,Shoes,Green,Fall,2011.0,Casual,Converse Unisex Ct AsAll Star 08 Hi Green Casual Shoes,9097.jpg
23807,Men,Footwear,Shoes,Maroon,Fall,2011.0,Casual,Puma Men Maroon Graphic Casual Shoes,23807.jpg
59938,Men,Footwear,Shoes,Black,Spring,2013.0,Casual,Vans Men Black Casual Shoes,59938.jpg
38539,Men,Footwear,Shoes,Black,Summer,2012.0,Casual,Puma Men Black California Casual Shoes,38539.jpg
22184,Men,Footwear,Shoes,Tan,Fall,2012.0,Casual,Timberland Men Tan Casual Shoes,22184.jpg
39663,Men,Footwear,Shoes,Black,Summer,2012.0,Casual,Lotto Men Black Shoes,39663.jpg
41212,Men,Footwear,Shoes,Brown,Summer,2012.0,Casual,Buckaroo Men Brown Casual Shoes,41212.jpg
15238,Men,Footwear,Shoes,White,Fall,2011.0,Casual,ADIDAS Originals Men Goodyear Driver Vulc White Casual Shoes,15238.jpg
3653,Men,Footwear,Shoes,White,Summer,2011.0,Casual,Fila Men's Exotic White Shoe,3653.jpg
44770,Men,Footwear,Shoes,Black,Summer,2012.0,Casual,Globalite Men Black Skid Shoes,44770.jpg
3696,Men,Footwear,Shoes,Black,Summer,2011.0,Casual,Lotto Men's Rio Velcro Black Shoe,3696.jpg
18568,Men,Footwear,Shoes,White,Fall,2011.0,Casual,Puma Men Benecio Canvas White Casual Shoes,18568.jpg
4340,Men,Footwear,Shoes,Red,Summer,2011.0,Sports,Fila Men Phoenix Red Shoes,4340.jpg
1649,Unisex,Footwear,Shoes,Blue,Spring,2012.0,Casual,Newfeel Unisex Comfy Cool Blue Shoe,1649.jpg
15867,Unisex,Footwear,Shoes,Silver,Fall,2011.0,Casual,Warner Bros Kids Unisex SD Silly Shoe Silver Casual Shoes,15867.jpg
34635,Men,Footwear,Shoes,Black,Summer,2012.0,Casual,Lotto Men XD III Black Shoes,34635.jpg
3228,Women,Footwear,Shoes,Black,Fall,2010.0,Casual,Puma Women Sabadella Sequin Black Shoe,3228.jpg
15494,Women,Footwear,Shoes,Maroon,Spring,2013.0,Casual,Carlton London Women Casual Maroon Casual Shoes,15494.jpg
36433,Men,Footwear,Shoes,Black,Spring,2013.0,Casual,Spinn Men Conniver Black Shoes,36433.jpg
46825,Women,Footwear,Shoes,Off White,Winter,2015.0,Casual,Catwalk Women Off-White and Blue Pumps,46825.jpg
35683,Men,Footwear,Shoes,Black,Summer,2012.0,Casual,U.S. Polo Assn. Men Black Shoes,35683.jpg
2393,Men,Footwear,Shoes,Black,Winter,2018.0,Casual,Red Tape Men's Semi Casual Shoe,2393.jpg
4026,Men,Footwear,Shoes,Black,Summer,2011.0,Casual,ADIDAS Men's Kestrel Black White Shoe,4026.jpg
34858,Men,Footwear,Shoes,Grey,Summer,2012.0,Casual,Vans Men Classic Slip-On Grey Shoes,34858.jpg
26643,Men,Footwear,Shoes,Red,Summer,2012.0,Casual,Puma Men Driving Power Light Red Casual Shoes,26643.jpg
5287,Men,Footwear,Shoes,Brown,Summer,2011.0,Casual,Lee Cooper Men's Brown Semi Formal Shoe,5287.jpg
22178,Men,Footwear,Shoes,Navy Blue,Fall,2012.0,Casual,Timberland Men Navy Blue Casual Shoes,22178.jpg
38542,Men,Footwear,Shoes,Red,Summer,2012.0,Casual,Puma Men Red Contest Hi Shoes,38542.jpg
14496,Men,Footwear,Shoes,Grey,Fall,2011.0,Casual,Flying Machine Men Casual Grey Casual Shoes,14496.jpg
13067,Men,Footwear,Shoes,White,Fall,2011.0,Casual,Numero Uno Men White Shoes,13067.jpg
12874,Men,Footwear,Shoes,Black,Fall,2011.0,Casual,Provogue Men Casual Black Casual Shoes,12874.jpg
24662,Women,Footwear,Shoes,Black,Winter,2015.0,Casual,Catwalk Women Black Flat Casual Shoes,24662.jpg
13359,Men,Footwear,Shoes,Beige,Fall,2011.0,Casual,Timberland Men Juniors Beige Casual Shoes,13359.jpg
14483,Men,Footwear,Shoes,Green,Fall,2011.0,Casual,Flying Machine Men Casual Green Casual Shoes,14483.jpg
17035,Men,Footwear,Shoes,Brown,Summer,2013.0,Casual,Gas Men Romance Casual Shoe,17035.jpg
33845,Men,Footwear,Shoes,White,Summer,2012.0,Casual,Puma Men Future Cat White Shoes,33845.jpg
23919,Women,Footwear,Shoes,Black,Fall,2012.0,Casual,Fila Women Princess Black Casual Shoes,23919.jpg
54513,Men,Footwear,Shoes,Brown,Fall,2012.0,Casual,F Sports Men Brown Rodeo Shoes,54513.jpg
57942,Men,Footwear,Shoes,Brown,Spring,2012.0,Casual,Clarks Men Brown Shoes,57942.jpg
23494,Men,Footwear,Shoes,White,Fall,2011.0,Casual,Fila Men Cameo White Casual Shoes,23494.jpg
15225,Men,Footwear,Shoes,White,Fall,2011.0,Casual,ADIDAS Originals Men Superstar 11 White Casual Shoes,15225.jpg
57492,Men,Footwear,Shoes,Brown,Summer,2012.0,Formal,Lee Cooper Men Brown Shoes,57492.jpg
13726,Women,Footwear,Shoes,Blue,Fall,2011.0,Casual,ADIDAS Women Blue Adi light casual Shoe,13726.jpg
3607,Men,Footwear,Shoes,Black,Summer,2011.0,Casual,Converse Men's Chuck Taylor Print OX Black Canvas Shoe,3607.jpg
39973,Men,Footwear,Shoes,Brown,Winter,2014.0,Casual,Gas Men Brown Lear Shoes,39973.jpg
3646,Men,Footwear,Shoes,Black,Summer,2011.0,Casual,Fila Men's Liga Black Orange Shoe,3646.jpg
44421,Men,Footwear,Shoes,Black,Winter,2018.0,Casual,Red Tape Men Leather Black Shoes,44421.jpg
28316,Men,Footwear,Shoes,Black,Winter,2018.0,Casual,Red Tape Men Black Shoes,28316.jpg
34852,Unisex,Footwear,Shoes,Black,Summer,2012.0,Casual,Vans Unisex Classic Slip-On Black Shoes,34852.jpg
10771,Girls,Footwear,Shoes,Red,Winter,2012.0,Casual,Disney Kids Red Casual Shoes,10771.jpg
40692,Men,Footwear,Shoes,Navy Blue,Summer,2012.0,Casual,Numero Uno Men Navy Blue Shoes,40692.jpg
9002,Men,Footwear,Shoes,Black,Fall,2011.0,Casual,Puma Men 917Lo Riddim 50s oc Black Casual Shoes,9002.jpg
1545,Men,Footwear,Shoes,White,Fall,2010.0,Casual,Puma Men's Speed Cat Shoe,1545.jpg
15881,Unisex,Footwear,Shoes,Grey,Winter,2013.0,Casual,Warner Bros Kids Unisex TJ Stud Sandal Grey Casual Shoes,15881.jpg
5931,Men,Footwear,Shoes,White,Summer,2011.0,Casual,ADIDAS Men's Derby White Shoe,5931.jpg
6672,Women,Footwear,Shoes,White,Summer,2011.0,Casual,Nike Women Dunk Skinny White Red Shoe,6672.jpg
13920,Men,Footwear,Shoes,Black,Fall,2011.0,Casual,Nike Men Court Resonate Black Casual Shoes,13920.jpg
28313,Men,Footwear,Shoes,Grey,Winter,2018.0,Casual,Red Tape Men Grey Shoes,28313.jpg
24714,Men,Footwear,Shoes,Brown,Fall,2011.0,Casual,Puma Men Volley HP Brown Casual Shoes,24714.jpg
38525,Men,Footwear,Shoes,Black,Summer,2012.0,Casual,Puma Men Black Taisoku Casual Shoes,38525.jpg
4123,Unisex,Footwear,Shoes,White,Summer,2011.0,Casual,Puma Unisex Lo Punk White Green Red Shoe,4123.jpg
11818,Men,Footwear,Shoes,Black,Summer,2012.0,Casual,Playboy Men Casual Black Casual Shoes,11818.jpg
15267,Women,Footwear,Shoes,Yellow,Fall,2011.0,Casual,ADIDAS Originals Women SL 72 Yellow Casual Shoes,15267.jpg
54730,Men,Footwear,Shoes,Navy Blue,Summer,2012.0,Casual,Vans Men Navy Blue Shoes,54730.jpg
36415,Men,Footwear,Shoes,Black,Summer,2012.0,Casual,Spinn Men Abzorb X Black Shoes,36415.jpg
30262,Men,Footwear,Shoes,Brown,Winter,2018.0,Casual,Red Tape Men Brown Shoes,30262.jpg
26636,Men,Footwear,Shoes,White,Summer,2012.0,Casual,Puma Men Future Cat White Shoes,26636.jpg
6725,Unisex,Footwear,Shoes,Grey,Summer,2011.0,Casual,Puma Unisex Scrunch Grey Shoe,6725.jpg
39267,Men,Footwear,Shoes,Beige,Winter,2018.0,Casual,Red Chief Men Beige Shoes,39267.jpg
38547,Men,Footwear,Shoes,Grey,Summer,2012.0,Casual,Puma Men Grey Madison Classic Shoes,38547.jpg
26537,Men,Footwear,Shoes,Blue,Winter,2015.0,Casual,ID Men Blue Shoes,26537.jpg
10631,Men,Footwear,Shoes,Black,Spring,2013.0,Casual,Carlton London Men CL semi-cas Black Casual Shoes,10631.jpg
15515,Men,Footwear,Shoes,Grey,Fall,2011.0,Casual,Rockport Men Utara L2T Grey Casual Shoes,15515.jpg
22101,Men,Footwear,Shoes,Grey,Fall,2011.0,Casual,Flying Machine Men Grey Casual Shoes,22101.jpg
22704,Men,Footwear,Shoes,White,Fall,2011.0,Casual,Nike Men Capri II Mid White Casual Shoes,22704.jpg
13116,Men,Footwear,Shoes,Black,Fall,2012.0,Casual,Numero Uno Men Black Shoes,13116.jpg
31687,Women,Footwear,Shoes,White,Summer,2012.0,Casual,Nike Women Sweet Classic Leather White Shoes,31687.jpg
26459,Women,Footwear,Shoes,White,Summer,2012.0,Casual,Puma Women Trinity White Checked Canvas Shoes,26459.jpg
3249,Women,Footwear,Shoes,Black,Fall,2010.0,Casual,Puma Women Sneakerina Black Shoe,3249.jpg
24186,Men,Footwear,Shoes,Black,Summer,2014.0,Casual,Converse Men Black & Maroon Oxford Casual Shoes,24186.jpg
42268,Women,Footwear,Shoes,Red,Summer,2012.0,Casual,Vans Women Red Authentic Shoes,42268.jpg
6637,Women,Footwear,Shoes,Red,Summer,2011.0,Casual,Nike Women's Tenkay Slip Red Shoe,6637.jpg
44778,Men,Footwear,Shoes,Grey,Summer,2012.0,Casual,Lotto Men Grey Skateboard Shoes,44778.jpg
31551,Men,Footwear,Shoes,Brown,Summer,2012.0,Casual,Woodland Men Brown Casual Shoes,31551.jpg
9125,Men,Footwear,Shoes,White,Fall,2011.0,Casual,Puma Men Cell Pavo White Casual Shoes,9125.jpg
7717,Women,Footwear,Shoes,White,Fall,2011.0,Casual,Puma Women Soleil Stud White Shadow Purple Shoe,7717.jpg
15884,Unisex,Footwear,Shoes,Brown,Winter,2013.0,Casual,Warner Bros Kids Unisex TJ Chase Casual Brown Casual Shoes,15884.jpg
49496,Men,Footwear,Shoes,Grey,Summer,2012.0,Casual,Vans Men Grey Shoes,49496.jpg
6661,Men,Footwear,Shoes,Black,Summer,2011.0,Casual,Nike Men's Classic Leather Black Shoe,6661.jpg
34641,Men,Footwear,Shoes,White,Summer,2012.0,Casual,Lotto Men Stadio Potenza White Shoes,34641.jpg
39644,Men,Footwear,Shoes,White,Summer,2012.0,Casual,Lotto Men White Shoes,39644.jpg
9386,Women,Footwear,Shoes,Black,Fall,2011.0,Casual,Nike Women Black Shoes,9386.jpg
49480,Men,Footwear,Shoes,Black,Spring,2012.0,Casual,Vans Men Black Casual Shoes,49480.jpg
7754,Men,Footwear,Shoes,Black,Fall,2011.0,Casual,Fila Men's Agony Black Red Shoe,7754.jpg
39658,Men,Footwear,Shoes,Black,Summer,2012.0,Casual,Lotto Men Black Shoes,39658.jpg
40468,Men,Footwear,Shoes,Black,Summer,2012.0,Casual,Fila Men Rockford Black Shoes,40468.jpg
49364,Men,Footwear,Shoes,Black,Summer,2012.0,Casual,Vans Men Black Pritchard Shoes,49364.jpg
41450,Men,Footwear,Shoes,White,Fall,2012.0,Casual,Lee Cooper Men White Shoes,41450.jpg
21736,Men,Footwear,Shoes,Grey,Fall,2011.0,Casual,Vans Men Chukka Low Grey Casual Shoes,21736.jpg
13986,Men,Footwear,Shoes,White,Fall,2011.0,Casual,Puma Men D Force Lo SF White Casual Shoes,13986.jpg
33111,Women,Footwear,Shoes,Yellow,Winter,2015.0,Casual,Catwalk Women Yellow Casual Shoes,33111.jpg
7046,Men,Footwear,Shoes,Beige,Summer,2011.0,Casual,Numero Uno Men's Beige Shoe,7046.jpg
3596,Men,Footwear,Shoes,Black,Summer,2011.0,Casual,Converse Men's Chuck Taylor Digital Print Ox Black Canvas Shoe,3596.jpg
18483,Women,Footwear,Shoes,Black,Fall,2011.0,Casual,Puma Women Soleil Cat Black Casual Shoes,18483.jpg
24256,Men,Footwear,Shoes,Green,Summer,2012.0,Casual,Numero Uno Men Green Casual Shoes,24256.jpg
36131,Men,Footwear,Shoes,Maroon,Summer,2012.0,Casual,Nike Men Dunk High Maroon Shoes,36131.jpg
32949,Men,Footwear,Shoes,White,Summer,2012.0,Casual,ADIDAS Neo Men Derby White Shoes,32949.jpg
24251,Men,Footwear,Shoes,Black,Summer,2013.0,Casual,Numero Uno Men Black Casual Shoes,24251.jpg
6440,Men,Footwear,Shoes,Black,Summer,2011.0,Casual,Lotto Men's Calcetto Black Brown Shoe,6440.jpg
13087,Unisex,Footwear,Shoes,Brown,Fall,2011.0,Casual,Timberland Unisex Casual Brown Casual Shoes,13087.jpg
14488,Men,Footwear,Shoes,Black,Fall,2011.0,Casual,Flying Machine Men Casual Black Casual Shoes,14488.jpg
4856,Unisex,Footwear,Shoes,Black,Winter,2012.0,Casual,Newfeel Unisex Black Casual Shoes,4856.jpg
3657,Men,Footwear,Shoes,Red,Summer,2011.0,Casual,Fila Men Emotion Red Shoe,3657.jpg
15260,Women,Footwear,Shoes,Black,Fall,2011.0,Casual,ADIDAS Originals Women Rekapi Black Casual Shoes,15260.jpg
22721,Men,Footwear,Shoes,Brown,Fall,2011.0,Casual,Nike Men Brown Flyclave LTR Casual Shoe,22721.jpg
4436,Unisex,Footwear,Shoes,Black,Summer,2011.0,Casual,Converse Unisex Cyclone Black Canvas Shoe,4436.jpg
22830,Men,Footwear,Shoes,Green,Summer,2016.0,Casual,Woodland Men Green Casual Shoes,22830.jpg
51756,Women,Footwear,Shoes,Blue,Winter,2015.0,Casual,Catwalk Women Blue Shoes,51756.jpg
26666,Women,Footwear,Shoes,Black,Summer,2012.0,Casual,Puma Women Black & Green Shoes,26666.jpg
7401,Men,Footwear,Shoes,Brown,Winter,2018.0,Casual,Red Tape Men Brown Casual Shoes,7401.jpg
17484,Men,Footwear,Shoes,Tan,Fall,2011.0,Casual,Enroute Men Casual Tan Casual Shoe,17484.jpg
40453,Men,Footwear,Shoes,Black,Winter,2018.0,Casual,Red Tape Men Black Shoes,40453.jpg
2506,Men,Footwear,Shoes,Brown,Fall,2010.0,Casual,Numero Uno Men's Casual Brown Shoe,2506.jpg
59329,Unisex,Footwear,Shoes,Black,Summer,2012.0,Casual,Gliders Unisex Zoro Shoes,59329.jpg
18415,Men,Footwear,Shoes,Brown,Fall,2011.0,Casual,Skechers Men USA Brown Shoe,18415.jpg
57513,Men,Footwear,Shoes,Brown,Summer,2012.0,Casual,Provogue Men Brown Casual Shoes,57513.jpg
18673,Men,Footwear,Shoes,Black,Fall,2011.0,Casual,Fila Men Sterling Black Shoes,18673.jpg
6427,Unisex,Footwear,Shoes,Purple,Summer,2011.0,Casual,Lotto Unisex Canvas Purple Shoe,6427.jpg
20889,Men,Footwear,Shoes,Grey,Fall,2011.0,Casual,Basics Men Grey Casual Shoes,20889.jpg
11955,Men,Footwear,Shoes,Blue,Fall,2012.0,Casual,Ganuchi Men Casual Blue Casual Shoes,11955.jpg
4184,Men,Footwear,Shoes,Brown,Summer,2011.0,Casual,Rockport Men D2N Desert Boot Dark Brown Shoe,4184.jpg
5939,Women,Footwear,Shoes,White,Summer,2011.0,Casual,ADIDAS Women's Agashae White Shoe,5939.jpg
11958,Men,Footwear,Shoes,Black,Fall,2012.0,Casual,Ganuchi Men Casual Black Casual Shoes,11958.jpg
10630,Men,Footwear,Shoes,Navy Blue,Winter,2015.0,Casual,Carlton London Men Casual Navy Blue Casual Shoes,10630.jpg
47241,Men,Footwear,Shoes,Blue,Summer,2013.0,Casual,Playboy Men Blue  Casual Shoes,47241.jpg
33770,Men,Footwear,Shoes,Brown,Summer,2012.0,Casual,ADIDAS Men Court Sequence Brown Shoes,33770.jpg
3557,Men,Footwear,Shoes,Black,Winter,2015.0,Casual,Skechers Men Black Lifestyle Casual Shoes,3557.jpg
14284,Boys,Footwear,Shoes,Brown,Fall,2011.0,Casual,Timberland Kids-Boys Asphlttrl Ek Chk Dk Casual Shoe,14284.jpg
10162,Men,Footwear,Shoes,White,Fall,2011.0,Casual,Puma Men 917 Lo Paint Splatter White Casual Shoes,10162.jpg
23908,Men,Footwear,Shoes,Black,Fall,2011.0,Casual,Fila Men Vendata Black Casual Shoes,23908.jpg
26669,Men,Footwear,Shoes,White,Summer,2012.0,Casual,Puma Men Rebound White Shoes,26669.jpg
17981,Unisex,Footwear,Shoes,Red,Summer,2012.0,Casual,Puma Unisex Red Hip Hop Shoes,17981.jpg
13065,Men,Footwear,Shoes,Black,Fall,2012.0,Casual,Numero Uno Men Black Casual Shoes,13065.jpg
22104,Men,Footwear,Shoes,Blue,Fall,2011.0,Casual,Flying Machine Men Blue Casual Shoes,22104.jpg
46883,Boys,Footwear,Shoes,Black,Fall,2012.0,Casual,Ben 10 Boys Black & Silver Shoes,46883.jpg
14505,Men,Footwear,Shoes,Black,Fall,2011.0,Casual,Flying Machine Men Casual Black Casual Shoes,14505.jpg
50750,Men,Footwear,Shoes,Brown,Summer,2018.0,Casual,Red Chief Men Brown Shoes,50750.jpg
46098,Men,Footwear,Shoes,Olive,Summer,2012.0,Casual,ADIDAS Men  light Olive Sheridan Shoes,46098.jpg
40459,Men,Footwear,Shoes,Grey,Winter,2018.0,Casual,Red Tape Men Grey Shoes,40459.jpg
17667,Women,Footwear,Shoes,Black,Winter,2015.0,Casual,Catwalk Women Buckel Black Casual Shoe,17667.jpg
26651,Men,Footwear,Shoes,Black,Summer,2012.0,Casual,Puma Men Royal Evo Black & Red Shoes,26651.jpg
17769,Men,Footwear,Shoes,Brown,Winter,2012.0,Casual,Buckaroo Men Meztli Brown Casual Shoe,17769.jpg
34541,Men,Footwear,Shoes,Navy Blue,Winter,2018.0,Casual,Red Tape Men Navy Blue Shoes,34541.jpg
10755,Women,Footwear,Shoes,Pink,Winter,2012.0,Casual,Disney Kids Princess Heart Pink Casual Shoes,10755.jpg
6433,Men,Footwear,Shoes,Blue,Summer,2011.0,Casual,Lotto Men's Canvas Blue Shoe,6433.jpg
7716,Men,Footwear,Shoes,Black,Fall,2011.0,Casual,Fila Men's Turbo Black Red Shoe,7716.jpg
7377,Men,Footwear,Shoes,Brown,Winter,2018.0,Casual,Red Tape Men's Brown Casual Shoe,7377.jpg
8962,Men,Footwear,Shoes,Black,Summer,2011.0,Casual,Numero Uno Men Black Canvas Shoe,8962.jpg
4286,Men,Footwear,Shoes,Grey,Summer,2011.0,Casual,Rockport Men Cashaw Grey Shoe,4286.jpg
35534,Girls,Footwear,Shoes,Yellow,Summer,2012.0,Casual,Enroute Girls Yellow Shoes,35534.jpg
40790,Men,Footwear,Shoes,Grey,Summer,2012.0,Casual,Quiksilver Men Grey Shoes,40790.jpg
39647,Men,Footwear,Shoes,White,Summer,2012.0,Casual,Lotto Men White Casual Shoe,39647.jpg
21566,Men,Footwear,Shoes,Black,Summer,2012.0,Casual,Numero Uno Men Casual Black Shoes,21566.jpg
32557,Men,Footwear,Shoes,Red,Summer,2013.0,Casual,Playboy Men Red Shoes,32557.jpg
9207,Women,Footwear,Shoes,Black,Fall,2011.0,Casual,Puma Women Nouli Lo Ripstop Black Casual Shoes,9207.jpg
33532,Women,Footwear,Shoes,Grey,Summer,2016.0,Casual,Cobblerz Women Grey Loafers,33532.jpg
32193,Men,Footwear,Shoes,Black,Summer,2012.0,Casual,ADIDAS Men Ohne Black Shoes,32193.jpg
22253,Men,Footwear,Shoes,Red,Summer,2011.0,Casual,ID Men Red Casual Shoes,22253.jpg
45865,Men,Footwear,Shoes,Olive,Summer,2012.0,Casual,Numero Uno Men Olive Shoes,45865.jpg
13987,Men,Footwear,Shoes,Navy Blue,Fall,2011.0,Casual,Puma Men 3.0 Mid Navy Blue Casual Shoes,13987.jpg
23804,Men,Footwear,Shoes,Black,Fall,2012.0,Casual,Puma Men Black Wirko Shoes,23804.jpg
13361,Women,Footwear,Shoes,Tan,Fall,2011.0,Casual,Timberland Women Femmes Tan Casual Shoes,13361.jpg
5903,Men,Footwear,Shoes,Red,Summer,2011.0,Casual,Puma Men's Faas 300 Red Shoe,5903.jpg
57531,Men,Footwear,Shoes,Mushroom Brown,Fall,2012.0,Casual,Provogue Men Mushroom Brown Casual Shoes,57531.jpg
5923,Men,Footwear,Shoes,Brown,Summer,2011.0,Casual,ADIDAS Men's Slimsollm Brown Shoe,5923.jpg
44769,Men,Footwear,Shoes,White,Summer,2012.0,Casual,Globalite Men White Macross Shoes,44769.jpg
40455,Men,Footwear,Shoes,Black,Winter,2018.0,Casual,Red Tape Men Black Shoes,40455.jpg
59338,Women,Footwear,Shoes,Black,Winter,2012.0,Casual,Gliders Women Black &Purple Shoes,59338.jpg
47235,Men,Footwear,Shoes,Black,Summer,2013.0,Casual,Playboy Men Black Casual Shoes,47235.jpg
16172,Men,Footwear,Shoes,Black,Summer,2012.0,Casual,Enroute Men Leather Black Casual Shoes,16172.jpg
23809,Men,Footwear,Shoes,Black,Summer,2011.0,Casual,Clarks Men Black Leather Boots,23809.jpg
20696,Men,Footwear,Shoes,Olive,Winter,2011.0,Casual,Buckaroo Men Bello Olive Casual Shoes,20696.jpg
3549,Men,Footwear,Shoes,White,Winter,2015.0,Casual,Skechers Men's Off White Lifestyle Shoe,3549.jpg
12922,Men,Footwear,Shoes,Blue,Fall,2012.0,Casual,iD Men Casual Blue Shoes,12922.jpg
22823,Men,Footwear,Shoes,Khaki,Summer,2016.0,Casual,Woodland Men Khaki Casual Shoes,22823.jpg
43222,Unisex,Footwear,Shoes,Black,Fall,2012.0,Casual,Converse Unisex Black Shoes,43222.jpg
43889,Women,Footwear,Shoes,Purple,Summer,2010.0,Casual,Puma Women Purple Wynne Shoes,43889.jpg
43884,Men,Footwear,Shoes,Grey,Summer,2012.0,Casual,Puma Men Grey Street Jump Shoes,43884.jpg
13366,Women,Footwear,Shoes,Brown,Fall,2011.0,Casual,Timberland Women Femmes Brown Casual Shoes,13366.jpg
22836,Men,Footwear,Shoes,Brown,Summer,2012.0,Casual,Woodland Men Brown Casual Shoes,22836.jpg
15231,Men,Footwear,Shoes,White,Fall,2011.0,Casual,ADIDAS Originals Men Veska PK Mid White Casual Shoes,15231.jpg
56721,Men,Footwear,Shoes,Black,Summer,2014.0,Casual,Converse Men Black Shoes,56721.jpg
5676,Men,Footwear,Shoes,Brown,Winter,2015.0,Casual,Skechers Men's Casual  Charcoal Shoe,5676.jpg
32741,Men,Footwear,Shoes,Brown,Summer,2013.0,Casual,Fila Men Calve Brown Casual Shoes,32741.jpg
13642,Men,Footwear,Shoes,Brown,Fall,2011.0,Casual,Carlton London Brown  Casual Shoe,13642.jpg
9085,Men,Footwear,Shoes,Grey,Winter,2011.0,Casual,Buckaroo Men Grey Shoes,9085.jpg
25472,Men,Footwear,Shoes,Navy Blue,Summer,2012.0,Casual,Nike Men Liteforce Navy Blue Casual Shoes,25472.jpg
9010,Men,Footwear,Shoes,Brown,Summer,2011.0,Casual,iD Men Casual Brown Shoe,9010.jpg
32497,Men,Footwear,Shoes,Grey,Summer,2012.0,Casual,Converse Men CT AS 17 NYC Grey Shoes,32497.jpg
17712,Women,Footwear,Shoes,Grey,Fall,2011.0,Casual,Vans Women E-Street Grey Casual Shoes,17712.jpg
24081,Women,Footwear,Shoes,Red,Winter,2015.0,Casual,Catwalk Women Red Casual Shoes,24081.jpg
6709,Unisex,Footwear,Shoes,White,Fall,2012.0,Casual,Puma Unisex Wirko White Red Shoes,6709.jpg
53386,Unisex,Footwear,Shoes,Green,Fall,2012.0,Casual,Puma Unisex Green Limnos Casual Shoes,53386.jpg
10639,Men,Footwear,Shoes,Black,Fall,2011.0,Casual,Nike Men Nike Capri II Black Casual Shoes,10639.jpg
46113,Men,Footwear,Shoes,Red,Summer,2012.0,Casual,ADIDAS Men Red Shoes,46113.jpg
42133,Men,Footwear,Shoes,Grey,Summer,2012.0,Casual,Nike Men Dunk High Grey Shoes,42133.jpg
15223,Men,Footwear,Shoes,Black,Fall,2011.0,Casual,ADIDAS Originals Men ZX Casual Black Casual Shoes,15223.jpg
39991,Men,Footwear,Shoes,Brown,Summer,2013.0,Casual,Gas Men Romance Brown Shoes,39991.jpg
15358,Men,Footwear,Shoes,Brown,Winter,2018.0,Casual,Red Tape Men Casual Brown Casual Shoes,15358.jpg
3259,Men,Footwear,Shoes,White,Fall,2010.0,Casual,Puma Men's Basket White Green Shoe,3259.jpg
5702,Men,Footwear,Shoes,Black,Winter,2015.0,Casual,Skechers Men's Torino Black Shoe,5702.jpg
40319,Women,Footwear,Shoes,White,Summer,2012.0,Casual,ADIDAS Women White Adi Weld Shoes,40319.jpg
50423,Men,Footwear,Shoes,Navy Blue,Summer,2012.0,Casual,U.S. Polo Assn. Men Navy Blue Shoes,50423.jpg
13357,Men,Footwear,Shoes,Black,Fall,2011.0,Casual,Timberland Men Jeunes Black Casual Shoes,13357.jpg
38548,Men,Footwear,Shoes,Black,Summer,2012.0,Casual,Puma Men Black RS Hi Leather Shoes,38548.jpg
39989,Men,Footwear,Shoes,Blue,Summer,2013.0,Casual,Gas Men Skate Blue Shoes,39989.jpg
34752,Men,Footwear,Shoes,Black,Summer,2012.0,Casual,Puma Men Bolt Lite Black Shoes,34752.jpg
21747,Unisex,Footwear,Shoes,Black,Fall,2011.0,Casual,Vans Unisex  Era Black Casual Shoes,21747.jpg
44238,Women,Footwear,Shoes,White,Summer,2012.0,Casual,Nike Women White and Red Sneakers,44238.jpg
34861,Men,Footwear,Shoes,Grey,Summer,2012.0,Casual,Vans Men Era Grey Shoes,34861.jpg
29233,Women,Footwear,Shoes,Black,Summer,2012.0,Casual,Puma Women Fun Pack Black Shoes,29233.jpg
46087,Women,Footwear,Shoes,Silver,Summer,2012.0,Casual,ADIDAS Women Silver Magique Shoes,46087.jpg
23619,Unisex,Footwear,Shoes,Green,Spring,2012.0,Casual,Converse Unisex Green Tongue Triple Color Casual Shoes,23619.jpg
47185,Men,Footwear,Shoes,Black,Summer,2010.0,Casual,Ganuchi Men Black Shoes,47185.jpg
3802,Men,Footwear,Shoes,Grey,Winter,2015.0,Casual,Skechers Men's Navy Grey Shoe,3802.jpg
39677,Men,Footwear,Shoes,White,Summer,2012.0,Casual,Lotto Men White Shoes,39677.jpg
14486,Men,Footwear,Shoes,Beige,Fall,2011.0,Casual,Flying Machine Men Casual Beige Casual Shoes,14486.jpg
31685,Men,Footwear,Shoes,White,Summer,2012.0,Casual,Nike Men Sweet Classic Leather White Shoes,31685.jpg
14503,Men,Footwear,Shoes,Blue,Fall,2011.0,Casual,Flying Machine Men Casual Blue Casual Shoes,14503.jpg
2509,Men,Footwear,Shoes,Grey,Fall,2010.0,Casual,Numero Uno Men's Casual Grey Shoes,2509.jpg
24700,Women,Footwear,Shoes,Black,Summer,2010.0,Casual,Puma Women Yugorun Black Casual Shoes,24700.jpg
34084,Men,Footwear,Shoes,Tan,Fall,2012.0,Casual,Clarks Men Manor Hall Natural Leather Tan Shoes,34084.jpg
26640,Men,Footwear,Shoes,White,Summer,2012.0,Casual,Puma Men Drift White Casual Shoes,26640.jpg
25473,Men,Footwear,Shoes,Red,Summer,2012.0,Casual,Nike Men Red Shoes,25473.jpg
47682,Men,Footwear,Shoes,Black,Spring,2013.0,Casual,Carlton London Men Black Leather Casual Shoes,47682.jpg
29559,Unisex,Footwear,Shoes,Black,Summer,2012.0,Casual,Vans Unisex Authentic Black Shoes,29559.jpg
54528,Men,Footwear,Shoes,White,Fall,2012.0,Casual,F Sports Men White Charger Shoes,54528.jpg
39948,Men,Footwear,Shoes,White,Spring,2013.0,Casual,GAS Men White Casual Shoes,39948.jpg
6815,Men,Footwear,Shoes,Brown,Fall,2012.0,Casual,Timberland Men's Chocorua Trail Brown Shoe,6815.jpg
14337,Men,Footwear,Shoes,White,Fall,2011.0,Casual,Nike Men Flyclave Ltr White Casual Shoes,14337.jpg
9205,Men,Footwear,Shoes,Black,Fall,2011.0,Casual,Puma Men SL Tech Lo NM Basic Black Casual Shoes,9205.jpg
24671,Unisex,Footwear,Shoes,Red,Fall,2010.0,Casual,Converse Unisex  Floral Print Red Casual Shoes,24671.jpg
4127,Men,Footwear,Shoes,Green,Summer,2011.0,Casual,Fila Men Green Fuel HI Shoes,4127.jpg
39675,Men,Footwear,Shoes,White,Fall,2012.0,Casual,Lotto Men White Shoes,39675.jpg
34857,Men,Footwear,Shoes,Black,Summer,2012.0,Casual,Vans Men Classic Slip-On Black Shoes,34857.jpg
8977,Women,Footwear,Shoes,Black,Fall,2011.0,Casual,Puma Women Saba Ballet DC3 Black Casual Shoes,8977.jpg
26638,Men,Footwear,Shoes,Red,Summer,2012.0,Casual,Puma Men Drift Red Casual Shoes,26638.jpg
6379,Men,Footwear,Shoes,Navy Blue,Summer,2011.0,Casual,Numero Uno Men's Navy Blue Shoe,6379.jpg
10175,Men,Footwear,Shoes,Black,Fall,2011.0,Casual,United Colors of Benetton Men Wango Black Casual Shoes,10175.jpg
12717,Men,Footwear,Shoes,White,Fall,2011.0,Casual,Nike Men Backboard White Casual Shoes,12717.jpg
33848,Men,Footwear,Shoes,Brown,Summer,2012.0,Casual,Puma Men Drift Cat Brown Shoes,33848.jpg
22236,Men,Footwear,Shoes,Blue,Summer,2011.0,Casual,ID Men Blue Casual Shoes,22236.jpg
38783,Men,Footwear,Shoes,Olive,Summer,2012.0,Casual,Woodland Men Olive Shoe,38783.jpg
17694,Men,Footwear,Shoes,Navy Blue,Fall,2011.0,Casual,Vans Men Authentic Navy Blue Casual Shoes,17694.jpg
47184,Men,Footwear,Shoes,Black,Summer,2012.0,Casual,Ganuchi Men Black Shoes,47184.jpg
22500,Women,Footwear,Shoes,Blue,Winter,2015.0,Casual,Catwalk Women Blue Casual Shoes,22500.jpg
58172,Women,Accessories,Bags,Grey,Fall,2012.0,Casual,Rocky S Women Stone Grey Handbag,58172.jpg
54388,Women,Accessories,Bags,Brown,Summer,2012.0,Casual,Baggit Women Brown Handbag,54388.jpg
44278,Women,Accessories,Bags,Black,Summer,2012.0,Casual,Murcia Women Black Handpainted Print Handbag,44278.jpg
17129,Women,Accessories,Bags,Black,Winter,2015.0,Casual,Lino Perros Women Classic Black  Handbag,17129.jpg
57846,Unisex,Accessories,Bags,Beige,Summer,2012.0,Casual,Lino Perros Unisex Beige Sling Bag,57846.jpg
36505,Women,Accessories,Bags,White,Summer,2012.0,Casual,United Colors of Benetton Women White Handbag,36505.jpg
20420,Women,Accessories,Bags,Purple,Winter,2015.0,Casual,Baggit Women Bijli Taj Purple Handbag,20420.jpg
33393,Women,Accessories,Bags,Brown,Summer,2012.0,Casual,Baggit Women Faltu Taj Brown Handbag,33393.jpg
57261,Women,Accessories,Bags,Brown,Summer,2012.0,Casual,Murcia Women Brown Handbag,57261.jpg
15660,Unisex,Accessories,Bags,Black,Fall,2011.0,Casual,Belkin Unisex Dash Laptop 16,15660.jpg
52622,Women,Accessories,Bags,Purple,Summer,2012.0,Casual,Mod-acc Women Purple Handbag,52622.jpg
16761,Women,Accessories,Bags,Olive,Winter,2015.0,Casual,Spice Art Women Leatherette  Olive Handbags,16761.jpg
25261,Women,Accessories,Bags,Beige,Summer,2012.0,Casual,Lino Perros Women Canvas Beige Handbag,25261.jpg
47351,Women,Accessories,Bags,Black,Summer,2012.0,Casual,Baggit Women Black Bag,47351.jpg
29741,Women,Accessories,Bags,Green,Summer,2012.0,Casual,Kiara Women Leatherette Green Handbag,29741.jpg
38444,Women,Accessories,Bags,Brown,Summer,2012.0,Casual,Baggit Women Green Handbag,38444.jpg
42933,Unisex,Accessories,Bags,Blue,Summer,2012.0,Casual,French Connection Unisex Blue Bag,42933.jpg
47391,Women,Accessories,Bags,Beige,Fall,2012.0,Casual,Baggit Women Beige Handbag,47391.jpg
49559,Women,Accessories,Bags,Purple,Summer,2012.0,Casual,Rocia Women Purple Handbag,49559.jpg
42936,Men,Accessories,Bags,Khaki,Summer,2012.0,Casual,French Connection Men Khaki Handbag,42936.jpg
29729,Women,Accessories,Bags,Green,Summer,2012.0,Casual,Kiara Women Leatherette Green Handbag,29729.jpg
20399,Women,Accessories,Bags,Brown,Winter,2015.0,Casual,Baggit Women Possible Taj Brown Handbag,20399.jpg
53914,Women,Accessories,Bags,White,Summer,2012.0,Casual,Kiara Women White Handbag,53914.jpg
2661,Women,Accessories,Bags,Pink,Winter,2015.0,Casual,Murcia Women Jute Sling Pink Bag,2661.jpg
1598,Women,Accessories,Bags,Blue,Summer,2011.0,Travel,Geonaute Women Blue Outdoor Bag,1598.jpg
20830,Unisex,Accessories,Bags,Navy Blue,Summer,2011.0,Sports,Nike Unisex Solid Navy Blue Bag,20830.jpg
46972,Women,Accessories,Bags,Purple,Summer,2012.0,Casual,Bulchee Women Purple Handbag,46972.jpg
8240,Women,Accessories,Bags,Mustard,Winter,2016.0,Casual,Fastrack Women Mustard Sling Bag,8240.jpg
25150,Women,Accessories,Bags,Black,Winter,2015.0,Casual,Lino Perros Women Leatherette Black Handbag,25150.jpg
10202,Women,Accessories,Bags,Green,Winter,2015.0,Casual,Murcia Women Asjke Green Green Handbags,10202.jpg
21934,Women,Accessories,Bags,Mustard,Winter,2015.0,Casual,Murcia Women Casual Mustard Handbag,21934.jpg
43571,Women,Accessories,Bags,Purple,Summer,2012.0,Casual,Puma Purple Kenobi II Tote Bag,43571.jpg
14812,Women,Accessories,Bags,Black,Summer,2011.0,Casual,United Colors of Benetton Women Solid Black Handbags,14812.jpg
47889,Women,Accessories,Bags,Brown,Summer,2012.0,Casual,Murcia Women Brown Handbag,47889.jpg
21484,Women,Accessories,Bags,Grey,Winter,2015.0,Casual,Kiara Women Grey Shiny Handbag,21484.jpg
21522,Women,Accessories,Bags,Black,Winter,2015.0,Casual,Kiara Women Classic Black Handbag,21522.jpg
47361,Women,Accessories,Bags,Black,Summer,2012.0,Casual,Baggit Women Black Voodoo Gang Handbag,47361.jpg
2673,Women,Accessories,Bags,Black,Winter,2015.0,Casual,Murcia Women Sleek Black Leatherette Hand Bag,2673.jpg
20487,Women,Accessories,Bags,Black,Winter,2015.0,Casual,Baggit Women Golmaal Taj Black Handbag,20487.jpg
49546,Women,Accessories,Bags,Maroon,Summer,2012.0,Casual,Rocia Women Maroon Handbag,49546.jpg
50237,Women,Accessories,Bags,Pink,Summer,2012.0,Casual,Stoln Women Pink Handbag,50237.jpg
43334,Women,Accessories,Bags,Maroon,Spring,2013.0,Casual,Murcia Women Maroon Handbag,43334.jpg
47139,Women,Accessories,Bags,Pink,Summer,2015.0,Casual,Be For Bag Women Combo pack Tote Bags,47139.jpg
58267,Women,Accessories,Bags,Bronze,Fall,2012.0,Casual,Baggit Women Bronze Handbag,58267.jpg
25171,Women,Accessories,Bags,Brown,Winter,2015.0,Casual,Lino Perros Women Black & Brown Handbag,25171.jpg
4604,Women,Accessories,Bags,Pink,Winter,2015.0,Casual,Wildcraft Pink & Grey Printed Tote Bag,4604.jpg
38422,Women,Accessories,Bags,Brown,Summer,2012.0,Casual,Baggit Women Brown Peepli Parinacrush Handbag,38422.jpg
21524,Women,Accessories,Bags,Brown,Winter,2015.0,Casual,Kiara Women Women Handbag,21524.jpg
20393,Women,Accessories,Bags,Brown,Winter,2015.0,Casual,Baggit Women Grand Hoor Brown Handbag,20393.jpg
36995,Women,Accessories,Bags,Red,Summer,2012.0,Casual,Lino Perros Women Red Handbag,36995.jpg
27061,Women,Accessories,Bags,Pink,Summer,2015.0,Casual,Yelloe Pink Laptop Pocket Handbag,27061.jpg
25276,Women,Accessories,Bags,Red,Summer,2012.0,Casual,Lino Perros Women Leatherite Red Handbag,25276.jpg
20459,Women,Accessories,Bags,Purple,Winter,2016.0,Casual,Baggit Women Libra Jhuti Purple Handbag,20459.jpg
27038,Women,Accessories,Bags,Beige,Summer,2012.0,Casual,Yelloe Beige Easy To Handle Handbag,27038.jpg
34885,Women,Accessories,Bags,Multi,Summer,2012.0,Casual,Envirosax Women Multi Coloured Bag,34885.jpg
27743,Women,Accessories,Bags,Black,Winter,2015.0,Casual,Murcia Women Black Sling bag,27743.jpg
29738,Women,Accessories,Bags,Teal,Summer,2012.0,Casual,Kiara Women Teal Handbag,29738.jpg
27737,Women,Accessories,Bags,Red,Winter,2015.0,Casual,Murcia Women Red Handbag,27737.jpg
38446,Women,Accessories,Bags,Beige,Summer,2012.0,Casual,Baggit Women Beige Handbag,38446.jpg
58277,Women,Accessories,Bags,Beige,Summer,2012.0,Casual,Baggit Women Beige Libra Jhuti Sling Bag,58277.jpg
58184,Women,Accessories,Bags,Beige,Summer,2012.0,Casual,Rocky S Women Beige Handbag,58184.jpg
37418,Women,Accessories,Bags,Multi,Summer,2012.0,Casual,Murcia Women Multi Handbag,37418.jpg
44244,Women,Accessories,Bags,Black,Summer,2012.0,Casual,Hidekraft Women Black Handbag,44244.jpg
54829,Women,Accessories,Bags,Brown,Winter,2012.0,Casual,Ivory Tag Women Brown Sling Bag,54829.jpg
15296,Unisex,Accessories,Bags,Black,Fall,2011.0,Casual,ADIDAS Originals Unisex Spo Shoulderbag Black,15296.jpg
58928,Women,Accessories,Bags,Olive,Summer,2010.0,Casual,Ivory Tag Olive Dip Sling Bag,58928.jpg
28442,Women,Accessories,Bags,Blue,Summer,2012.0,Casual,Kiara Women Blue Handbag,28442.jpg
24789,Women,Accessories,Bags,Brown,Winter,2015.0,Casual,Lino Perros Women Leatherite Brown Bag,24789.jpg
42860,Women,Accessories,Bags,Cream,Summer,2012.0,Casual,French Connection Women Cream Handbag,42860.jpg
27690,Women,Accessories,Bags,Black,Winter,2015.0,Casual,Murcia Women Black Handbag,27690.jpg
34559,Women,Accessories,Bags,Pink,Summer,2012.0,Casual,Puma Women Pink Fitness Small Handbag,34559.jpg
53679,Women,Accessories,Bags,Pink,Summer,2012.0,Casual,Kiara Women Pink Handbag,53679.jpg
54017,Women,Accessories,Bags,Grey,Summer,2012.0,Casual,Kiara Women Grey Handbag,54017.jpg
15436,Women,Accessories,Bags,Maroon,Fall,2011.0,Casual,Hidekraft Women Leather Maroon Handbags,15436.jpg
18793,Unisex,Accessories,Bags,Beige,Summer,2010.0,Casual,Peter England Unisex Casual Beige Bag,18793.jpg
47138,Women,Accessories,Bags,White,Summer,2015.0,Casual,Be For Bag Women Combo pack Tote Bags,47138.jpg
38462,Women,Accessories,Bags,Blue,Fall,2012.0,Casual,Baggit Women Blue Tinki Tower Sling Bag,38462.jpg
37070,Women,Accessories,Bags,Brown,Summer,2012.0,Casual,Lino Perros Women Brown Handbag,37070.jpg
53941,Women,Accessories,Bags,Grey,Summer,2012.0,Casual,Kiara Women Grey Handbag,53941.jpg
20611,Women,Accessories,Bags,Red,Winter,2015.0,Casual,Baggit Women Frankie Hoor Red Handbag,20611.jpg
52660,Women,Accessories,Bags,Pink,Summer,2012.0,Casual,Mod'acc Women Pink & Beige Handbag,52660.jpg
43292,Women,Accessories,Bags,Pink,Summer,2015.0,Casual,Murcia Women Pink Kate Handbag,43292.jpg
43570,Women,Accessories,Bags,Black,Summer,2012.0,Casual,Puma Women Black Handbag,43570.jpg
57236,Women,Accessories,Bags,Burgundy,Summer,2012.0,Casual,Murcia Women Burgundy Handbag,57236.jpg
37955,Women,Accessories,Bags,Black,Summer,2012.0,Casual,Yelloe Women Fur Black Handbag,37955.jpg
54392,Women,Accessories,Bags,Red,Summer,2012.0,Casual,Baggit Women Red Handbag,54392.jpg
25286,Women,Accessories,Bags,Pink,Summer,2012.0,Casual,Lino Perros Women Leatherette Pink Sling Bag,25286.jpg
47338,Women,Accessories,Bags,Orange,Summer,2012.0,Casual,Baggit Women Orange Frankie Eva Handbag,47338.jpg
47292,Women,Accessories,Bags,Purple,Summer,2012.0,Casual,Baggit Women Purple Handbag,47292.jpg
25720,Women,Accessories,Bags,Black,Summer,2012.0,Casual,Wrangler Women Black Canvas Sling Bag,25720.jpg
58269,Women,Accessories,Bags,Brown,Fall,2012.0,Casual,Baggit Women Brown Handbag,58269.jpg
14798,Women,Accessories,Bags,Brown,Summer,2011.0,Casual,United Colors of Benetton Women Solid Coffee Brown Handbags,14798.jpg
27668,Women,Accessories,Bags,White,Winter,2015.0,Casual,Murcia Women White Handbag,27668.jpg
20613,Women,Accessories,Bags,Purple,Winter,2015.0,Casual,Baggit Women Ishqx Barat Purple Handbag,20613.jpg
36038,Unisex,Accessories,Bags,Blue,Summer,2012.0,Casual,OTLS Unisex Blue Bag,36038.jpg
25207,Women,Accessories,Bags,Grey,Winter,2015.0,Casual,Lino Perros Women Classic Grey Handbag,25207.jpg
33415,Women,Accessories,Bags,Purple,Fall,2012.0,Casual,Baggit Women Quick Jhuti Purple Handbag,33415.jpg
48187,Women,Accessories,Bags,Multi,Winter,2016.0,Casual,Fossil Women Multi Coloured Handbag,48187.jpg
57230,Women,Accessories,Bags,Purple,Summer,2012.0,Casual,Murcia Women Purple Handbag,57230.jpg
47418,Women,Accessories,Bags,Beige,Summer,2012.0,Casual,Baggit Women Beige Handbag,47418.jpg
47377,Women,Accessories,Bags,Maroon,Summer,2012.0,Casual,Baggit Women Maroon Bag,47377.jpg
10198,Women,Accessories,Bags,Beige,Winter,2015.0,Casual,Murcia Women Hddcs Beige Handbags,10198.jpg
46987,Women,Accessories,Bags,Charcoal,Summer,2012.0,Casual,Bulchee Women Charcoal Handbag,46987.jpg
25272,Women,Accessories,Bags,Red,Summer,2012.0,Casual,Lino Perros Women Leatherette Red Handbag,25272.jpg
27742,Women,Accessories,Bags,Brown,Winter,2015.0,Casual,Murcia Women Brown Sling bag,27742.jpg
34871,Women,Accessories,Bags,Multi,Summer,2012.0,Casual,Envirosax Women Multi Coloured  Bag,34871.jpg
5851,Women,Accessories,Bags,Black,Summer,2011.0,Casual,ADIDAS Women Style Black Handbag,5851.jpg
25242,Women,Accessories,Bags,Olive,Summer,2012.0,Casual,Lino Perros Women Leatherite Olive Handbag,25242.jpg
54033,Women,Accessories,Bags,Teal,Summer,2012.0,Casual,Kiara Women Teal Handbag,54033.jpg
34762,Women,Accessories,Bags,Orange,Summer,2015.0,Casual,Be For Bag Women Orange Bag,34762.jpg
3385,Women,Accessories,Bags,Brown,Winter,2015.0,Casual,Murcia Brown Self Design Shoulder Bag,3385.jpg
20385,Women,Accessories,Bags,Purple,Winter,2015.0,Casual,Baggit Women Flare Baby Purple Handbag,20385.jpg
9485,Unisex,Accessories,Bags,Black,Winter,2013.0,Casual,Puma Unisex Black Foundation Shoulder Bag,9485.jpg
47814,Women,Accessories,Bags,Red,Summer,2012.0,Casual,Murcia Women Red Handbag,47814.jpg
57231,Women,Accessories,Bags,Black,Summer,2012.0,Casual,Murcia Women Black Handbag,57231.jpg
33430,Women,Accessories,Bags,Blue,Summer,2012.0,Casual,Baggit Women Pinto Checksy Blue Sling Bag,33430.jpg
15439,Women,Accessories,Bags,Black,Fall,2011.0,Casual,Hidekraft Women Leather Black Handbags,15439.jpg
20967,Women,Accessories,Bags,Black,Winter,2016.0,Casual,Fastrack Women Polyester Black Sling Bag,20967.jpg
52623,Women,Accessories,Bags,Black,Summer,2012.0,Casual,Mod'acc Women Black & Grey Handbag,52623.jpg
27683,Women,Accessories,Bags,White,Winter,2015.0,Casual,Murcia Women White Handbag,27683.jpg
47294,Women,Accessories,Bags,Purple,Summer,2012.0,Casual,Baggit Women Purple Bag,47294.jpg
58271,Women,Accessories,Bags,Beige,Fall,2012.0,Casual,Baggit Women Beige Handbag,58271.jpg
15651,Unisex,Accessories,Bags,Black,Fall,2011.0,Casual,Belkin Unisex Apple Move Toploader 15,15651.jpg
18033,Women,Accessories,Bags,Brown,Winter,2015.0,Casual,Lino Perros Women Solid Brown Handbag,18033.jpg
5505,Unisex,Accessories,Bags,Grey,Summer,2011.0,Casual,Nike Grey Printed Handheld Bag,5505.jpg
47378,Women,Accessories,Bags,Navy Blue,Summer,2012.0,Casual,Baggit Women Navy Blue Handbag,47378.jpg
24625,Women,Accessories,Bags,Mustard,Winter,2015.0,Casual,Murcia Women Mustard Handbag,24625.jpg
47298,Women,Accessories,Bags,Purple,Summer,2012.0,Casual,Baggit Women Purple Bag,47298.jpg
10223,Women,Accessories,Bags,Green,Winter,2015.0,Casual,Murcia Women Zoe Green Handbags,10223.jpg
14896,Women,Accessories,Bags,Black,Summer,2011.0,Casual,United Colors of Benetton Women Solid Black Handbags,14896.jpg
37079,Women,Accessories,Bags,Purple,Summer,2012.0,Casual,Lino Perros Women Purple Handbag,37079.jpg
53651,Women,Accessories,Bags,Blue,Summer,2012.0,Casual,Kiara Women Blue Handbag,53651.jpg
58173,Women,Accessories,Bags,Brown,Fall,2012.0,Casual,Rocky S Women Brown Handbag,58173.jpg
47410,Women,Accessories,Bags,Blue,Summer,2012.0,Casual,Baggit Women Grey Bag,47410.jpg
37856,Women,Accessories,Bags,Black,Summer,2012.0,Casual,Hidekraft Women Black Handbag,37856.jpg
8234,Women,Accessories,Bags,Pink,Winter,2016.0,Casual,Fastrack Women Cross Body Hobo Hand Bag,8234.jpg
43333,Women,Accessories,Bags,Brown,Summer,2012.0,Casual,Murcia Women Brown Handbag,43333.jpg
54491,Women,Accessories,Bags,Green,Summer,2012.0,Casual,Lino Perros Women Green Handbag,54491.jpg
51918,Women,Accessories,Bags,Green,Summer,2016.0,Casual,Nyk Women Green Horado Handbag,51918.jpg
49067,Women,Accessories,Bags,Olive,Summer,2012.0,Casual,Lino Perros Women Olive Handbag,49067.jpg
16760,Women,Accessories,Bags,Black,Winter,2015.0,Casual,Spice Art Women Leatherette  Black Handbags,16760.jpg
47142,Women,Accessories,Bags,White,Summer,2015.0,Casual,Be For Bag Women White and Pink Combo pack Tote Bags,47142.jpg
47434,Women,Accessories,Bags,Purple,Summer,2012.0,Casual,Baggit Women Purple Handbag,47434.jpg
47724,Women,Accessories,Bags,Bronze,Summer,2012.0,Casual,Murcia Women Bronze Handbag,47724.jpg
36676,Women,Accessories,Bags,Red,Summer,2012.0,Casual,Paridhan Women Red Handbag,36676.jpg
26426,Women,Accessories,Bags,Bronze,Summer,2012.0,Casual,Spice Art Women Leatherette Bronze Handbag,26426.jpg
33734,Women,Accessories,Bags,Navy Blue,Winter,2012.0,Casual,Pieces Women Navy Blue Zaki Handbag,33734.jpg
26220,Women,Accessories,Bags,Pink,Summer,2012.0,Casual,Hidekraft Women Leather Pink Handbag,26220.jpg
25258,Women,Accessories,Bags,Off White,Summer,2012.0,Casual,Lino Perros Women Leatherette Off White Handbag,25258.jpg
46980,Women,Accessories,Bags,Black,Summer,2012.0,Casual,Bulchee Women Black Handbag,46980.jpg
35916,Women,Accessories,Bags,Purple,Fall,2012.0,Casual,Peperone Women Purple Handbag,35916.jpg
36536,Women,Accessories,Bags,Blue,Summer,2012.0,Casual,United Colors of Benetton Women Blue Sling Bag,36536.jpg
49551,Women,Accessories,Bags,Beige,Summer,2012.0,Casual,Rocia Women Beige Handbag,49551.jpg
20387,Women,Accessories,Bags,Purple,Winter,2015.0,Casual,Baggit Women Bunny Taj Purple Handbag,20387.jpg
20512,Women,Accessories,Bags,Teal,Winter,2015.0,Casual,Baggit Women Teal Turnoff Taj Handbag,20512.jpg
43291,Women,Accessories,Bags,Grey,Summer,2012.0,Casual,Murcia Women Grey Kate Handbag,43291.jpg
52659,Women,Accessories,Bags,Cream,Summer,2012.0,Casual,Mod'acc Women Blue & Cream Handbag,52659.jpg
47398,Women,Accessories,Bags,Brown,Summer,2012.0,Casual,Baggit Women Brown Handbag,47398.jpg
10229,Women,Accessories,Bags,Black,Winter,2015.0,Casual,Murcia Women Hths Black Handbags,10229.jpg
48329,Women,Accessories,Bags,Purple,Summer,2012.0,Casual,Pitaraa Women Purple Sling Bag,48329.jpg
54812,Women,Accessories,Bags,Grey,Summer,2010.0,Casual,Ivory Tag Grey Fur Handbag,54812.jpg
10216,Women,Accessories,Bags,Green,Winter,2015.0,Casual,Murcia Women Hths Green Handbags,10216.jpg
8519,Women,Accessories,Bags,Pink,Summer,2011.0,Casual,Nike Women Nike Pink-Blue tote Pink Bags,8519.jpg
54834,Women,Accessories,Bags,Brown,Summer,2012.0,Casual,Ivory Tag Dazzling Rossete Brown Sling Bag,54834.jpg
47295,Women,Accessories,Bags,Purple,Summer,2012.0,Casual,Baggit Women Purple Sling Bag,47295.jpg
21543,Women,Accessories,Bags,Black,Winter,2015.0,Casual,Kiara Women Small Pocket Black Handbag,21543.jpg
17131,Women,Accessories,Bags,Black,Winter,2015.0,Casual,Lino Perros Women Classic Black Handbag,17131.jpg
47399,Women,Accessories,Bags,Green,Fall,2012.0,Casual,Baggit Women Green Bag,47399.jpg
26430,Women,Accessories,Bags,Brown,Winter,2015.0,Casual,Spice Art Women Leatherette Brown Handbag,26430.jpg
30183,Women,Accessories,Bags,Blue,Summer,2012.0,Casual,Nike Women Athletes Rowena Blue Handbag,30183.jpg
21976,Women,Accessories,Bags,Red,Winter,2015.0,Casual,Murcia Women Casual Red Handbag,21976.jpg
27672,Women,Accessories,Bags,Brown,Winter,2015.0,Casual,Murcia Women Brown Handbag,27672.jpg
29743,Women,Accessories,Bags,Green,Summer,2012.0,Casual,Kiara Women Light Green Handbag,29743.jpg
47289,Women,Accessories,Bags,Red,Summer,2012.0,Casual,Baggit Women Red Bag,47289.jpg
53943,Women,Accessories,Bags,Brown,Summer,2012.0,Casual,Kiara Women Brown Handbag,53943.jpg
25162,Women,Accessories,Bags,Black,Winter,2015.0,Casual,Lino Perros Women Leatherette Black Handbag,25162.jpg
54040,Women,Accessories,Bags,Black,Summer,2012.0,Casual,Kiara Women Black Handbag,54040.jpg
49567,Women,Accessories,Bags,Black,Summer,2015.0,Casual,Spice Art Women Black Handbag,49567.jpg
36674,Women,Accessories,Bags,Orange,Summer,2012.0,Casual,Paridhan Women Orange Handbag,36674.jpg
42859,Women,Accessories,Bags,Brown,Summer,2012.0,Casual,French Connection Women Brown Alexandra Handbag,42859.jpg
5854,Women,Accessories,Bags,Pink,Summer,2011.0,Casual,ADIDAS Women Pink Handbag,5854.jpg
51934,Women,Accessories,Bags,Yellow,Summer,2016.0,Casual,Nyk Women Yellow Arsenal Handbag,51934.jpg
57241,Women,Accessories,Bags,Blue,Summer,2012.0,Casual,Murcia Women Blue Handbag,57241.jpg
22003,Women,Accessories,Bags,Blue,Winter,2015.0,Casual,Murcia Women Casual Blue Handbag,22003.jpg
21945,Women,Accessories,Bags,Brown,Winter,2015.0,Casual,Murcia Women Brown Leather Handbag,21945.jpg
35176,Unisex,Accessories,Bags,Black,Summer,2015.0,Casual,Wildcraft Unisex Graffiti Black & Yellow Sling Bag,35176.jpg
50431,Unisex,Accessories,Bags,Khaki,Summer,2012.0,Casual,Lino Perros Unisex Khaki Bag,50431.jpg
2672,Women,Accessories,Bags,Red,Winter,2015.0,Ethnic,Murcia Women Ethnic Hand Bag,2672.jpg
48175,Women,Accessories,Bags,Black,Winter,2016.0,Casual,Fossil Women Black Handbag,48175.jpg
53997,Women,Accessories,Bags,Grey,Summer,2012.0,Casual,Kiara Women Grey Handbag,53997.jpg
42858,Women,Accessories,Bags,Brown,Summer,2012.0,Casual,French Connection Women Brown Sling Bag,42858.jpg
21521,Women,Accessories,Bags,Pink,Winter,2015.0,Casual,Kiara Women Rose Pink Handbag,21521.jpg
37409,Women,Accessories,Bags,Black,Summer,2012.0,Casual,Murcia Women Black Handbag,37409.jpg
3387,Women,Accessories,Bags,Black,Winter,2015.0,Casual,Murcia Women With Stitch Black Bag,3387.jpg
42834,Women,Accessories,Bags,Grey,Summer,2012.0,Casual,French Connection Women Grey & Brown Handbag,42834.jpg
35909,Women,Accessories,Bags,Yellow,Summer,2012.0,Casual,Peperone Women Yellow Sling Bag,35909.jpg
21975,Women,Accessories,Bags,Brown,Winter,2015.0,Casual,Murcia Women Casual Brown Handbag,21975.jpg
21526,Women,Accessories,Bags,Red,Winter,2015.0,Casual,Kiara Women Glossy Red Handbag,21526.jpg
5874,Women,Accessories,Bags,Black,Summer,2011.0,Casual,Puma Womens Thrill Black handbag,5874.jpg
53684,Women,Accessories,Bags,Purple,Summer,2012.0,Casual,Kiara Women Purple Handbag,53684.jpg
25208,Women,Accessories,Bags,Grey,Winter,2015.0,Casual,Lino Perros Women Leatherette Grey Handbag,25208.jpg
42837,Women,Accessories,Bags,Black,Summer,2012.0,Casual,French Connection Women Black Kite Handbag,42837.jpg
22011,Women,Accessories,Bags,Blue,Winter,2015.0,Casual,Murcia Women Casual Blue Handbag,22011.jpg
20398,Women,Accessories,Bags,Brown,Winter,2015.0,Casual,Baggit Women Golmaal Taj Brown Handbag,20398.jpg
3404,Women,Accessories,Bags,Red,Winter,2015.0,Casual,Murcia Women Red Hobo Handbag,3404.jpg
36036,Unisex,Accessories,Bags,Mustard,Summer,2012.0,Casual,OTLS Unisex Mustard Brown Bag,36036.jpg
8520,Women,Accessories,Bags,Grey,Summer,2011.0,Casual,Nike Women Nike Grey handbag Grey Bags,8520.jpg
34731,Women,Accessories,Bags,Mustard,Summer,2012.0,Casual,Baggit Women Mustard Selection Hunt Sling Bag,34731.jpg
42854,Women,Accessories,Bags,Brown,Summer,2010.0,Casual,French Connection Brown Colourblocked Tote Bag,42854.jpg
47689,Women,Accessories,Bags,Brown,Summer,2012.0,Casual,Murcia Women Brown Sling Bag,47689.jpg
52766,Women,Accessories,Bags,Black,Fall,2012.0,Casual,Fiorelli Women Black Leather Handbag,52766.jpg
20963,Women,Accessories,Bags,Black,Winter,2016.0,Casual,Fastrack Women Polyester Black Sling Bag,20963.jpg
16765,Women,Accessories,Bags,Black,Winter,2015.0,Casual,Spice Art Women Antique Black Potli,16765.jpg
49063,Women,Accessories,Bags,Brown,Summer,2012.0,Casual,Lino Perros Women Brown Handbag,49063.jpg
25296,Women,Accessories,Bags,Olive,Summer,2012.0,Casual,Lino Perros Women Sporty Olive Handbag,25296.jpg
47886,Women,Accessories,Bags,Brown,Summer,2012.0,Casual,Murcia Women Dark Brown Handbag,47886.jpg
25218,Women,Accessories,Bags,Pink,Winter,2015.0,Casual,Lino Perros Women Pink & Black Striped Handbag,25218.jpg
27748,Women,Accessories,Bags,Brown,Winter,2015.0,Casual,Murcia Women Brown Sling Bag,27748.jpg
53921,Women,Accessories,Bags,Brown,Summer,2012.0,Casual,Kiara Women Camel Brown Handbag,53921.jpg
28448,Women,Accessories,Bags,Brown,Summer,2012.0,Casual,Kiara Women Brown Handbag,28448.jpg
47341,Women,Free Items,Free Gifts,Black,Summer,2010.0,Casual,Baggit Black Sling Bag,47341.jpg
3384,Women,Accessories,Bags,Black,Winter,2015.0,Casual,Murcia Women Stitch Black Bag,3384.jpg
54512,Women,Accessories,Bags,Beige,Summer,2012.0,Casual,Lino Perros Women Beige Handbag,54512.jpg
9003,Women,Accessories,Bags,Black,Winter,2015.0,Casual,Murcia Women Tote Black Handbags,9003.jpg
10230,Women,Accessories,Bags,Brown,Winter,2015.0,Casual,Murcia Women Claudia Brown Handbags,10230.jpg
43277,Women,Accessories,Bags,Lavender,Winter,2012.0,Casual,Murcia Women Lavender Handbag,43277.jpg
2663,Women,Accessories,Bags,Brown,Winter,2015.0,Casual,Murcia Women Non Leather Brown Bag,2663.jpg
54409,Women,Accessories,Bags,Purple,Fall,2012.0,Casual,Baggit Women Purple Sling Bag,54409.jpg
49518,Women,Accessories,Bags,Gold,Summer,2012.0,Casual,Rocia Women Golden Handbag,49518.jpg
47794,Women,Accessories,Bags,Brown,Summer,2012.0,Casual,Murcia Women Brown Handbag,47794.jpg
33432,Women,Accessories,Bags,Green,Summer,2012.0,Casual,Baggit Green Handbag,33432.jpg
2365,Women,Accessories,Bags,Pink,Spring,2011.0,Sports,ADIDAS Pink Women Bag,2365.jpg
27678,Women,Accessories,Bags,Brown,Winter,2015.0,Casual,Murcia Women Brown Handbag,27678.jpg
25288,Women,Accessories,Bags,Turquoise Blue,Summer,2012.0,Casual,Lino Perros Women Leatherette Turquoise Blue Sling Bag,25288.jpg
42839,Women,Accessories,Bags,Brown,Summer,2012.0,Casual,French Connection Women Brown Handbag,42839.jpg
38755,Women,Accessories,Bags,Black,Summer,2012.0,Casual,Nike Women Black Handbag,38755.jpg
54007,Women,Accessories,Bags,Grey,Summer,2012.0,Casual,Kiara Women Grey Handbag,54007.jpg
14788,Women,Accessories,Bags,Black,Summer,2011.0,Casual,United Colors of Benetton Women Solid Black Handbags,14788.jpg
52754,Women,Accessories,Bags,Black,Fall,2012.0,Casual,Fiorelli Women Black and Taupe Leather Handbag,52754.jpg
37435,Women,Accessories,Bags,Black,Summer,2012.0,Casual,Murcia Women Black Handbag,37435.jpg
10220,Women,Accessories,Bags,Pink,Winter,2015.0,Casual,Murcia Women Mary Pink Handbags,10220.jpg
35918,Women,Accessories,Bags,Black,Summer,2012.0,Casual,Peperone Women Black Handbag,35918.jpg
35910,Women,Accessories,Bags,Brown,Summer,2012.0,Casual,Peperone Women Brown Handbag,35910.jpg
54386,Women,Accessories,Bags,Black,Summer,2012.0,Casual,Baggit Women Black & Grey Small Handbag,54386.jpg
20602,Women,Accessories,Bags,Red,Winter,2015.0,Casual,Baggit Women Red Selection Lisa Sling Bag,20602.jpg
16759,Women,Accessories,Bags,White,Winter,2015.0,Casual,Spice Art Women Copper Glass White Handbags,16759.jpg
22001,Women,Accessories,Bags,Green,Winter,2015.0,Casual,Murcia Women Casual Green Handbag,22001.jpg
10217,Women,Accessories,Bags,Pink,Winter,2015.0,Casual,Murcia Women Kkhh Pink Handbags,10217.jpg
21552,Women,Accessories,Bags,Purple,Winter,2015.0,Casual,Kiara Women Small Pocket Purple Handbag,21552.jpg
53897,Women,Accessories,Bags,Brown,Summer,2012.0,Casual,Kiara Women Camel Brown Handbag,53897.jpg
27722,Women,Accessories,Bags,Purple,Winter,2015.0,Casual,Murcia Women Purple Handbag,27722.jpg
47347,Women,Accessories,Bags,Teal,Fall,2012.0,Casual,Baggit Women Teal Bag,47347.jpg
42845,Women,Accessories,Bags,Brown,Summer,2012.0,Casual,French Connection Women Light Brown Handbag,42845.jpg
10228,Women,Accessories,Bags,Green,Winter,2015.0,Casual,Murcia Women SLB Bag Green Handbags,10228.jpg
47411,Women,Accessories,Bags,Purple,Summer,2012.0,Casual,Baggit Women Purple Bag,47411.jpg
29724,Women,Accessories,Bags,Peach,Summer,2012.0,Casual,Kiara Women Leatherette Peach Handbag,29724.jpg
21557,Women,Accessories,Bags,Purple,Winter,2015.0,Casual,Kiara Women Classic Purple Handbag,21557.jpg
14886,Women,Accessories,Bags,Black,Summer,2011.0,Casual,United Colors of Benetton Women Solid Black Handbags,14886.jpg
58196,Women,Accessories,Bags,White,Summer,2012.0,Casual,Puma Women White Handbag,58196.jpg
47305,Women,Accessories,Bags,Brown,Summer,2012.0,Casual,Baggit Women Brown Handbag,47305.jpg
38470,Women,Accessories,Bags,Brown,Summer,2012.0,Casual,Baggit Women Brown Marsx Hoor Handbag,38470.jpg
47423,Women,Accessories,Bags,Pink,Summer,2012.0,Casual,Baggit Women Pink Bag,47423.jpg
27736,Women,Accessories,Bags,Black,Winter,2015.0,Casual,Murcia Women Black Handbag,27736.jpg
10210,Women,Accessories,Bags,Red,Winter,2015.0,Casual,Murcia Women Kkhh Red Handbags,10210.jpg
34557,Women,Accessories,Bags,Pink,Summer,2012.0,Casual,Puma Women Fitness Barrel Pink Handbag,34557.jpg
43228,Women,Accessories,Bags,Brown,Summer,2012.0,Casual,United Colors of Benetton Women Brown Swede Finish Handbag,43228.jpg
33427,Women,Accessories,Bags,Blue,Summer,2012.0,Casual,Baggit Women Modishx Enzyme Blue Sling Bag,33427.jpg
38753,Women,Accessories,Bags,Black,Summer,2012.0,Casual,Nike Women Black Sling Bag,38753.jpg
9924,Women,Accessories,Bags,Black,Fall,2011.0,Casual,Puma Women Black Avenue Shopper Handbag,9924.jpg
48327,Women,Accessories,Bags,Green,Summer,2012.0,Casual,Pitaraa Women Green Sling Bag,48327.jpg
58931,Women,Accessories,Bags,Pink,Summer,2012.0,Casual,Ivory Tag Pink Furry Foldover Crossbody Bag,58931.jpg
21485,Women,Accessories,Bags,Green,Winter,2015.0,Casual,Kiara Women Buckel Green Handbag,21485.jpg
10730,Women,Accessories,Bags,Grey,Winter,2015.0,Casual,Murcia Women Lorra Grey Grey Handbags,10730.jpg
20386,Women,Accessories,Bags,Black,Winter,2015.0,Casual,Baggit Women Black Praise Taj Handbag,20386.jpg
21498,Women,Accessories,Bags,Black,Winter,2015.0,Casual,Kiara Women Black Handbag,21498.jpg
14877,Women,Accessories,Bags,Black,Summer,2011.0,Casual,United Colors of Benetton Women Solid Black Handbags,14877.jpg
47339,Women,Accessories,Bags,Navy Blue,Summer,2015.0,Casual,Baggit Women Navy Blue Sling Bag,47339.jpg
22010,Women,Accessories,Bags,Black,Winter,2015.0,Casual,Murcia Women Casual Black Handbag,22010.jpg
53710,Women,Accessories,Bags,Green,Summer,2012.0,Casual,Kiara Women Green Handbag,53710.jpg
50242,Women,Accessories,Bags,Orange,Summer,2012.0,Casual,Stoln Women Orange Handbag,50242.jpg
25204,Women,Accessories,Bags,Brown,Winter,2015.0,Casual,Lino Perros Women Leatherette Light Brown Handbag,25204.jpg
9920,Women,Accessories,Bags,Red,Fall,2011.0,Casual,Puma Women Ferrari LS Red Handbags,9920.jpg
38756,Women,Accessories,Bags,Fluorescent Green,Summer,2012.0,Casual,Nike Fluorescent Green Tote Bag,38756.jpg
53887,Women,Accessories,Bags,Pink,Summer,2012.0,Casual,Kiara Women Pink Handbag,53887.jpg
31913,Women,Accessories,Bags,Pink,Summer,2012.0,Casual,Fabindia Women Pink Sling Bag,31913.jpg
58155,Women,Accessories,Bags,Pink,Summer,2015.0,Casual,Be For Bag Women Multi Coloured Bag,58155.jpg
46974,Women,Accessories,Bags,Brown,Summer,2012.0,Casual,Bulchee Women Brown Handbag,46974.jpg
47382,Women,Accessories,Bags,Pink,Summer,2012.0,Casual,Baggit Women Pink Bag,47382.jpg
47128,Women,Accessories,Bags,White,Summer,2015.0,Casual,Be For Bag Women White Tote Bag,47128.jpg
27703,Women,Accessories,Bags,Grey,Winter,2015.0,Casual,Murcia Women Grey Handbag,27703.jpg
17120,Women,Accessories,Bags,Black,Winter,2015.0,Casual,Lino Perros Women Classic Black Handbag,17120.jpg
47419,Women,Accessories,Bags,Black,Fall,2012.0,Casual,Baggit Women Black Handbag,47419.jpg
22562,Women,Accessories,Bags,Tan,Winter,2015.0,Casual,Lino Perros Tan Women Casual Sling Bag,22562.jpg
58191,Women,Accessories,Bags,Olive,Summer,2012.0,Casual,Rocky S Women Olive Green Handbag,58191.jpg
47761,Women,Accessories,Bags,Black,Summer,2012.0,Casual,Murcia Women Black Handbag,47761.jpg
57247,Women,Accessories,Bags,Maroon,Summer,2012.0,Casual,Murcia Women Maroon Handbag,57247.jpg
53686,Women,Accessories,Bags,Purple,Summer,2012.0,Casual,Kiara Women Purple & Yellow Handbag,53686.jpg
8257,Women,Accessories,Bags,Red,Winter,2016.0,Casual,Fastrack Women Red Handbag,8257.jpg
21562,Women,Accessories,Bags,Purple,Winter,2015.0,Casual,Kiara Women Front Pocket Purple Handbag,21562.jpg
21532,Women,Accessories,Bags,Grey,Winter,2015.0,Casual,Kiara Women Sporty Look Grey Handbag,21532.jpg
42842,Women,Accessories,Bags,Brown,Summer,2012.0,Casual,French Connection Women Black Handbag,42842.jpg
44252,Women,Accessories,Bags,Purple,Summer,2012.0,Casual,Hidekraft Women Purple Handbag,44252.jpg
43280,Women,Accessories,Bags,Beige,Summer,2012.0,Casual,Murcia Women Beige Handbag,43280.jpg
51923,Women,Accessories,Bags,Pink,Summer,2016.0,Casual,Nyk Women Pink Abelia Handbag,51923.jpg
25216,Women,Accessories,Bags,Pink,Winter,2015.0,Casual,Lino Perros Women Pink Handbag,25216.jpg
26431,Women,Accessories,Bags,Grey,Winter,2015.0,Casual,Spice Art Women Leatherette Grey Handbag,26431.jpg
26439,Women,Accessories,Bags,Black,Winter,2015.0,Casual,Spice Art Women Beaded Bow Black Handbag,26439.jpg
54489,Women,Accessories,Bags,Orange,Summer,2012.0,Casual,Lino Perros Women Orange Sling Bag,54489.jpg
47812,Women,Accessories,Bags,Red,Summer,2012.0,Casual,Murcia Women Red Handbag,47812.jpg
35907,Women,Accessories,Bags,Green,Summer,2012.0,Casual,Peperone Women Green Sling Bag,35907.jpg
58266,Women,Accessories,Bags,Silver,Spring,2012.0,Casual,Baggit Women Grey Handbag,58266.jpg
10211,Women,Accessories,Bags,Grey,Winter,2015.0,Casual,Murcia Women Lambretta Grey Handbags,10211.jpg
53981,Women,Accessories,Bags,Yellow,Summer,2012.0,Casual,Kiara Women Burnt Yellow Sling Bag,53981.jpg
52650,Women,Accessories,Bags,Beige,Summer,2012.0,Casual,Mod'acc Women Beige Handbag,52650.jpg
25183,Women,Accessories,Bags,Brown,Winter,2015.0,Casual,Lino Perros Women Leatherite Brown Handbag,25183.jpg
19780,Women,Accessories,Bags,Blue,Fall,2011.0,Casual,United Colors of Benetton Women Blue Handbag,19780.jpg
34886,Women,Accessories,Bags,Multi,Summer,2012.0,Casual,Envirosax Women Multi Coloured Bag,34886.jpg
54807,Women,Accessories,Bags,Blue,Winter,2012.0,Casual,Ivory Tag Women Blue and Brown Floral Print Handbag,54807.jpg
54407,Women,Accessories,Bags,Purple,Summer,2012.0,Casual,Baggit Women Purple Sling Bag,54407.jpg
51915,Women,Accessories,Bags,Blue,Summer,2016.0,Casual,Nyk Women Ink Blue Biker Sling Bag,51915.jpg
37001,Women,Accessories,Bags,Blue,Summer,2012.0,Casual,Lino Perros Women Blue Sling Bag,37001.jpg
49542,Women,Accessories,Bags,Blue,Summer,2012.0,Casual,Rocia Women Blue Handbag,49542.jpg
25232,Women,Accessories,Bags,Blue,Winter,2015.0,Casual,Lino Perros Women Blue & Black Handbag,25232.jpg
21996,Women,Accessories,Bags,Yellow,Winter,2015.0,Casual,Murcia Women Casual Yellow Handbag,21996.jpg
24739,Women,Accessories,Bags,Brown,Winter,2015.0,Casual,Murcia Women Laser Cut Brown Handbag,24739.jpg
27060,Women,Accessories,Bags,Brown,Summer,2012.0,Casual,Yelloe Brown New level of utility Handbag,27060.jpg
36673,Women,Accessories,Bags,Purple,Summer,2012.0,Casual,Paridhan Women Purple Handbag,36673.jpg
33630,Women,Accessories,Bags,Beige,Summer,2012.0,Casual,Lino Perros Women Beige Handbag,33630.jpg
54827,Women,Accessories,Bags,Brown,Summer,2012.0,Casual,Ivory Tag Brown Hound Crossbody Bag,54827.jpg
21753,Women,Accessories,Bags,Brown,Winter,2015.0,Casual,Kiara Women Classic Brown Handbag,21753.jpg
51932,Women,Accessories,Bags,Black,Summer,2016.0,Casual,Nyk Women Black Vespa Handbag,51932.jpg
51955,Women,Accessories,Bags,Black,Summer,2012.0,Casual,Yelloe Women Black Handbag,51955.jpg
33444,Women,Accessories,Bags,Brown,Summer,2012.0,Casual,Baggit Women Camel Brown Sling Bag,33444.jpg
25151,Women,Accessories,Bags,Black,Winter,2015.0,Casual,Lino Perros Women Leatherette Black Handbag,25151.jpg
54177,Women,Accessories,Bags,Yellow,Summer,2012.0,Casual,Kiara Women Beige & Yellow Handbag,54177.jpg
25013,Unisex,Accessories,Bags,Maroon,Summer,2012.0,Casual,United Colors of Benetton Unisex Maroon Casual Handbags,25013.jpg
31911,Women,Accessories,Bags,Blue,Summer,2012.0,Casual,Fabindia Women Blue Sling Bag,31911.jpg
34872,Women,Accessories,Bags,Blue,Summer,2012.0,Casual,Envirosax Women Blue Bag,34872.jpg
51939,Women,Accessories,Bags,White,Summer,2016.0,Casual,Nyk Women White Handbag,51939.jpg
47412,Women,Accessories,Bags,Orange,Fall,2012.0,Casual,Baggit Women Orange Sling Bag,47412.jpg
33457,Women,Accessories,Bags,Maroon,Summer,2012.0,Casual,Baggit Women Billuz Roy Maroon Handbag,33457.jpg
54511,Women,Accessories,Bags,Grey,Summer,2012.0,Casual,Lino Perros Women Grey Handbag,54511.jpg
20604,Women,Accessories,Bags,Brown,Winter,2015.0,Casual,Baggit Women Umbrella Dum Brown Handbag,20604.jpg
44250,Women,Accessories,Bags,Red,Summer,2012.0,Casual,Hidekraft Women Red Handbag,44250.jpg
54183,Women,Accessories,Bags,Cream,Summer,2012.0,Casual,Kiara Women Cream Handbag,54183.jpg
34889,Women,Accessories,Bags,Pink,Summer,2012.0,Casual,Envirosax Women Pink Bag,34889.jpg
29733,Women,Accessories,Bags,Green,Summer,2012.0,Casual,Kiara Women Leatherette Green Handbag,29733.jpg
7099,Unisex,Accessories,Bags,Grey,Winter,2015.0,Casual,Wildcraft Unisex Grey Camera Bag,7099.jpg
27687,Women,Accessories,Bags,Brown,Winter,2015.0,Casual,Murcia Women Brown Handbag,27687.jpg
21957,Women,Accessories,Bags,Black,Winter,2015.0,Casual,Murcia Women Casual Black Handbag,21957.jpg
9442,Women,Accessories,Bags,Red,Fall,2011.0,Casual,Nike Women Graphic Play Red Bag,9442.jpg
25295,Women,Accessories,Bags,Purple,Summer,2012.0,Casual,Lino Perros Women Sporty Purple Handbag,25295.jpg
47334,Women,Accessories,Bags,Olive,Fall,2012.0,Casual,Baggit Women Olive Handbag,47334.jpg
29735,Women,Accessories,Bags,Green,Summer,2012.0,Casual,Kiara Women Light Green Handbag,29735.jpg
57838,Women,Accessories,Bags,Grey,Summer,2012.0,Casual,Lino Perros Women Grey Sling Bag,57838.jpg
54494,Women,Accessories,Bags,Black,Summer,2012.0,Casual,Lino Perros Women Black Handbag,54494.jpg
2665,Women,Accessories,Bags,Grey,Winter,2015.0,Casual,Murcia Women Fancy Cream Hand Bag,2665.jpg
27728,Women,Accessories,Bags,Black,Winter,2015.0,Casual,Murcia Women Black Handbag,27728.jpg
48330,Women,Accessories,Bags,Yellow,Summer,2012.0,Casual,Pitaraa Women Yellow Sling Bag,48330.jpg
34873,Women,Accessories,Bags,Multi,Summer,2012.0,Casual,Envirosax Women Multi Coloured Bag,34873.jpg
53931,Women,Accessories,Bags,Grey,Summer,2012.0,Casual,Kiara Women Grey Handbag,53931.jpg
20567,Women,Accessories,Bags,Gold,Winter,2015.0,Casual,Baggit Women Barbiex Avni Gold Handbag,20567.jpg
21933,Women,Accessories,Bags,Yellow,Winter,2015.0,Casual,Murcia Women Casual Yellow Handbag,21933.jpg
38314,Women,Accessories,Bags,Grey,Summer,2012.0,Casual,Puma Women Dazzle Grey Handbag,38314.jpg
52767,Women,Accessories,Bags,White,Fall,2012.0,Casual,Fiorelli Women White Leather Handbag,52767.jpg
47350,Women,Accessories,Bags,Green,Summer,2012.0,Casual,Baggit Women Green Bag,47350.jpg
2654,Women,Accessories,Bags,Red,Winter,2015.0,Casual,Murcia Women Basket Bag Assorted Bag,2654.jpg
14884,Women,Accessories,Bags,Grey,Summer,2011.0,Casual,United Colors of Benetton Women Solid Grey Handbags,14884.jpg
53999,Women,Accessories,Bags,Black,Summer,2012.0,Casual,Kiara Women Black Handbag,53999.jpg
25181,Women,Accessories,Bags,Brown,Winter,2015.0,Casual,Lino Perros Women Leatherite Brown Handbag,25181.jpg
10204,Women,Accessories,Bags,Purple,Winter,2015.0,Casual,Murcia Women Hahk Purple Handbags,10204.jpg
25260,Women,Accessories,Bags,Off White,Summer,2012.0,Casual,Lino Perros Women Classic Off White Handbag,25260.jpg
47692,Women,Accessories,Bags,Olive,Summer,2012.0,Casual,Murcia Women Olive Handbag,47692.jpg
15293,Unisex,Accessories,Bags,Blue,Fall,2011.0,Casual,ADIDAS Originals Unisex ST Airline Blue Bags,15293.jpg
48184,Women,Accessories,Bags,Brown,Winter,2016.0,Casual,Fossil Women Brown Handbag,48184.jpg
47373,Women,Accessories,Bags,Green,Summer,2012.0,Casual,Baggit Women Green Bag,47373.jpg
38451,Women,Accessories,Bags,Teal,Summer,2012.0,Casual,Baggit Women Teal Selection Jack Sling Bag,38451.jpg
20421,Women,Accessories,Bags,Brown,Winter,2015.0,Casual,Baggit Women Brown Handbag,20421.jpg
14815,Women,Accessories,Bags,Lavender,Summer,2011.0,Casual,United Colors of Benetton Women Solid Lavender Handbags,14815.jpg
42891,Women,Accessories,Bags,Purple,Summer,2012.0,Casual,French Connection Women Purple Sling Bag,42891.jpg
54396,Women,Accessories,Bags,Black,Summer,2012.0,Casual,Baggit Women Black Sling Bag,54396.jpg
58932,Women,Accessories,Bags,Beige,Summer,2012.0,Casual,Ivory Tag Women Beige Furry Foldover Sling Bag,58932.jpg
47343,Women,Accessories,Bags,Tan,Summer,2012.0,Casual,Baggit Women Brown Handbag,47343.jpg
25198,Women,Accessories,Bags,Beige,Winter,2015.0,Casual,Lino Perros Women Leatherette Beige Handbag,25198.jpg
34865,Women,Accessories,Bags,Black,Summer,2012.0,Casual,Envirosax Women Black Bag,34865.jpg
21494,Women,Accessories,Bags,Black,Winter,2015.0,Casual,Kiara Women Steel Strap Black Handbag,21494.jpg
3399,Women,Accessories,Bags,Yellow,Winter,2015.0,Casual,Murcia Women Yellow Handbag,3399.jpg
33425,Women,Accessories,Bags,Brown,Fall,2012.0,Casual,Baggit Women Brown Sling Bag,33425.jpg
25278,Women,Accessories,Bags,Black,Summer,2012.0,Casual,Lino Perros Women Black Handbag,25278.jpg
25166,Women,Accessories,Bags,Black,Winter,2015.0,Casual,Lino Perros Women Leatherette Black Handbag,25166.jpg
13949,Women,Accessories,Bags,Blue,Summer,2011.0,Casual,United Colors of Benetton Women Solid Blue Handbags,13949.jpg
21964,Women,Accessories,Bags,Brown,Winter,2015.0,Casual,Murcia Women Casual Brown Handbag,21964.jpg
53654,Women,Accessories,Bags,Green,Summer,2012.0,Casual,Kiara Women Green Handbag,53654.jpg
9584,Unisex,Accessories,Bags,Black,Fall,2011.0,Casual,Puma Unisex Ferrari LS Portable Black Bags,9584.jpg
37414,Women,Accessories,Bags,Black,Summer,2012.0,Casual,Murcia Women Black Handbag,37414.jpg
36655,Women,Accessories,Bags,Black,Summer,2012.0,Casual,Paridhan Women Black Sling Bag,36655.jpg
54019,Women,Accessories,Bags,Blue,Summer,2012.0,Casual,Kiara Women Blue Handbag,54019.jpg
25425,Women,Accessories,Bags,Blue,Summer,2012.0,Casual,Puma Women Shopper Sea Blue Handbag,25425.jpg
25149,Women,Accessories,Bags,Black,Winter,2015.0,Casual,Lino Perros Women Black Handbag,25149.jpg
53657,Women,Accessories,Bags,Peach,Summer,2012.0,Casual,Kiara Women Peach Handbag,53657.jpg
15442,Women,Accessories,Bags,Yellow,Fall,2011.0,Casual,Hidekraft Women Leather Yellow Handbags,15442.jpg
47927,Women,Accessories,Bags,Peach,Summer,2012.0,Casual,Murcia Women Peach Handbag,47927.jpg
25159,Women,Accessories,Bags,Black,Winter,2015.0,Casual,Lino Perros Women Leatherette Black Handbag,25159.jpg
42867,Women,Accessories,Bags,Black,Spring,2012.0,Casual,French Connection Women Black Winter Quilt Cross Sling Bag,42867.jpg
37412,Women,Accessories,Bags,Beige,Summer,2012.0,Casual,Murcia Women Basket Thatch Beige Handbag,37412.jpg
53656,Women,Accessories,Bags,Blue,Summer,2012.0,Casual,Kiara Women Blue Handbag,53656.jpg
33456,Women,Accessories,Bags,Green,Summer,2012.0,Casual,Baggit Women Billuz Roy Green Handbag,33456.jpg
25229,Women,Accessories,Bags,Blue,Winter,2015.0,Casual,Lino Perros Women Leatherette Blue Handbag,25229.jpg
21956,Women,Accessories,Bags,Brown,Winter,2015.0,Casual,Murcia Women Casual Brown Handbag,21956.jpg
10726,Women,Accessories,Bags,Brown,Winter,2015.0,Casual,Murcia Women Brown Brown Handbags,10726.jpg
37081,Women,Accessories,Bags,Brown,Summer,2012.0,Casual,Lino Perros Women Brown Handbag,37081.jpg
20499,Women,Accessories,Bags,Beige,Winter,2016.0,Casual,Baggit Women Jhuti Beige Handbag,20499.jpg
36070,Women,Accessories,Bags,Navy Blue,Winter,2012.0,Casual,OTLS Navy Tote Bag,36070.jpg
9444,Women,Accessories,Bags,Blue,Fall,2011.0,Casual,Nike Women Sami Standard Blue Bag,9444.jpg
53930,Women,Accessories,Bags,Grey,Summer,2012.0,Casual,KIARA Women Grey Handbag,53930.jpg
33443,Women,Accessories,Bags,Brown,Summer,2012.0,Casual,Baggit Women Brown Handbag,33443.jpg
20853,Women,Accessories,Bags,Brown,Winter,2015.0,Casual,Spice Art Women Casual Mouse Brown HandBag,20853.jpg
17141,Women,Accessories,Bags,Brown,Winter,2015.0,Casual,Lino Perros Women Flower Brown Handbag,17141.jpg
25267,Women,Accessories,Bags,Red,Summer,2012.0,Casual,Lino Perros Women Leatherette Red Handbag,25267.jpg
25174,Women,Accessories,Bags,Brown,Winter,2015.0,Casual,Lino Perros Women Leatherette Brown Handbag,25174.jpg
14791,Women,Accessories,Bags,Grey,Summer,2011.0,Casual,United Colors of Benetton Women Solid Grey Handbags,14791.jpg
53900,Women,Accessories,Bags,Brown,Summer,2012.0,Casual,Kiara Women Brown Handbag,53900.jpg
5286,Unisex,Accessories,Bags,Grey,Winter,2015.0,Casual,Wildcraft Unisex Grey Sling Bag,5286.jpg
50427,Unisex,Accessories,Bags,Blue,Summer,2012.0,Casual,Lino Perros Unisex Blue Bag,50427.jpg
20612,Women,Accessories,Bags,Pink,Winter,2015.0,Casual,Baggit Women Ishqx Barat Pink Handbag,20612.jpg
25251,Women,Accessories,Bags,Orange,Summer,2012.0,Casual,Lino Perros Women Leatherette Orange Handbag,25251.jpg
16768,Women,Accessories,Bags,Black,Winter,2015.0,Casual,Spice Art Women Black Handbag,16768.jpg
20044,Women,Accessories,Bags,Silver,Fall,2011.0,Casual,United Colors of Benetton Women Solid Silver Handbags,20044.jpg
20511,Women,Accessories,Bags,Black,Winter,2015.0,Casual,Baggit Women Roxy Net Black Handbag,20511.jpg
21488,Women,Accessories,Bags,Maroon,Winter,2015.0,Casual,Kiara Women Steel Design Maroon Handbag,21488.jpg
37417,Women,Accessories,Bags,Silver,Summer,2012.0,Casual,Murcia Women Jute Silver Handbag,37417.jpg
20461,Women,Accessories,Bags,White,Winter,2015.0,Casual,Baggit Women Golmaal Taj White Handbag,20461.jpg
18041,Women,Accessories,Bags,Maroon,Winter,2015.0,Casual,Lino Perros Women Solid Maroon Handbag,18041.jpg
42844,Women,Accessories,Bags,Black,Summer,2012.0,Casual,French Connection Women Black Handbag,42844.jpg
58274,Women,Accessories,Bags,Navy Blue,Fall,2012.0,Casual,Baggit Women Navy Blue Handbag,58274.jpg
25264,Women,Accessories,Bags,Off White,Summer,2012.0,Casual,Lino Perros Women Jute Off White Handbag,25264.jpg
27695,Women,Accessories,Bags,Purple,Winter,2015.0,Casual,Murcia Women Purple Handbag,27695.jpg
4603,Women,Accessories,Bags,Blue,Winter,2015.0,Casual,Wildcraft Blue & Grey Printed Tote Bag,4603.jpg
8239,Women,Accessories,Bags,Pink,Winter,2016.0,Casual,Fastrack Women Pink Black Sling Bag,8239.jpg
43290,Women,Accessories,Bags,Orange,Summer,2012.0,Casual,Murcia Women Tribal Orange Handbag,43290.jpg
47330,Women,Accessories,Bags,Brown,Summer,2012.0,Casual,Baggit Women Brown Sling Bag,47330.jpg
47381,Women,Accessories,Bags,Taupe,Summer,2012.0,Casual,Baggit Women Taupe Bag,47381.jpg
21505,Women,Accessories,Bags,Brown,Winter,2015.0,Casual,Kiara Women Small  Brown Handbag,21505.jpg
38696,Women,Accessories,Bags,Mustard,Summer,2015.0,Casual,Spice Art Women Checks Design Mustard Handbag,38696.jpg
25717,Unisex,Accessories,Bags,Khaki,Summer,2012.0,Casual,Wrangler Unisex Canvas Khaki Sling Bag,25717.jpg
9586,Unisex,Accessories,Bags,Pink,Fall,2011.0,Casual,Puma Unisex Dazzle Shopper Pink Bags,9586.jpg
2670,Women,Accessories,Bags,Yellow,Winter,2015.0,Casual,Murcia Women Yellow Leatherette Hand Bag,2670.jpg
52658,Women,Accessories,Bags,Black,Summer,2012.0,Casual,Mod-acc Women Black Handbag,52658.jpg
22005,Women,Accessories,Bags,Red,Winter,2015.0,Casual,Murcia Women Casual Red Handbag,22005.jpg
9587,Unisex,Accessories,Bags,Yellow,Fall,2011.0,Casual,Puma Unisex Yellow Sling Bag,9587.jpg
27727,Women,Accessories,Bags,Red,Winter,2015.0,Casual,Murcia Women Red Handbag,27727.jpg
57252,Women,Accessories,Bags,Blue,Summer,2015.0,Casual,Murcia Women Blue Handbag,57252.jpg
24624,Women,Accessories,Bags,Green,Winter,2015.0,Casual,Murcia Women Green Leather Handbag,24624.jpg
14806,Women,Accessories,Bags,Purple,Summer,2011.0,Casual,United Colors of Benetton Women Solid Purple Handbags,14806.jpg
53660,Women,Accessories,Bags,Coffee Brown,Summer,2012.0,Casual,Kiara Women Coffee Brown Handbags,53660.jpg
47342,Women,Accessories,Bags,Teal,Summer,2012.0,Casual,Baggit Women Teal Bag,47342.jpg
53064,Women,Accessories,Bags,Brown,Summer,2012.0,Casual,Rocia Women Brown Handbag,53064.jpg
25157,Women,Accessories,Bags,Black,Winter,2015.0,Casual,Lino Perros Women Leatherette Black Handbag,25157.jpg
52616,Women,Accessories,Bags,Beige,Summer,2012.0,Casual,Mod'acc Women Beige Handbag,52616.jpg
25719,Women,Accessories,Bags,Blue,Summer,2012.0,Casual,Wrangler Women Denim Blue Handbag,25719.jpg
27712,Women,Accessories,Bags,Pink,Winter,2015.0,Casual,Murcia Women Pink Handbag,27712.jpg
35908,Women,Accessories,Bags,Purple,Summer,2012.0,Casual,Peperone Women Purple Sling Bag,35908.jpg
25199,Women,Accessories,Bags,Beige,Winter,2015.0,Casual,Lino Perros Women Leatherette Beige Handbag,25199.jpg
43273,Women,Accessories,Bags,Black,Summer,2012.0,Casual,Murcia Women Black Handbag,43273.jpg
27056,Women,Accessories,Bags,White,Summer,2012.0,Casual,Yelloe White Chain Detail Handbag,27056.jpg
52636,Women,Accessories,Bags,Black,Summer,2012.0,Casual,Mod-acc Women Black Handbag,52636.jpg
35900,Women,Accessories,Bags,Green,Fall,2012.0,Casual,Peperone Women Green Handbag,35900.jpg
57835,Women,Accessories,Bags,Brown,Summer,2012.0,Casual,Lino Perros Women Brown Sling Bag,57835.jpg
47376,Women,Accessories,Bags,Black,Fall,2012.0,Casual,Baggit Women Black Handbag,47376.jpg
21541,Women,Accessories,Bags,Brown,Winter,2015.0,Casual,Kiara Women Classic Brown Handbag,21541.jpg
25200,Women,Accessories,Bags,Brown,Winter,2015.0,Casual,Lino Perros Women Leatherette Brown Handbag,25200.jpg
54014,Women,Accessories,Bags,Blue,Summer,2012.0,Casual,Kiara Women Blue Handbag,54014.jpg
49519,Women,Accessories,Bags,Gold,Summer,2012.0,Casual,Rocia Women Gold Handbag,49519.jpg
14800,Women,Accessories,Bags,Brown,Summer,2011.0,Casual,United Colors of Benetton Women Solid Brown Handbags,14800.jpg
50241,Women,Accessories,Bags,Blue,Summer,2012.0,Casual,Stoln Women Blue Handbag,50241.jpg
17133,Women,Accessories,Bags,Red,Winter,2015.0,Casual,Lino Perros Women Golden Buckle Red Handbag,17133.jpg
34776,Women,Accessories,Bags,Orange,Summer,2015.0,Casual,Be For Bag Women Pack of 3 Bag,34776.jpg
53695,Women,Accessories,Bags,Beige,Summer,2012.0,Casual,Kiara Women Beige Handbag,53695.jpg
27693,Women,Accessories,Bags,Maroon,Winter,2015.0,Casual,Murcia Women Maroon Handbag,27693.jpg
53678,Women,Accessories,Bags,Pink,Summer,2012.0,Casual,Kiara Women Pink Handbag,53678.jpg
21987,Women,Accessories,Bags,Brown,Winter,2015.0,Casual,Murcia Women Casual Brown Handbag,21987.jpg
33426,Women,Accessories,Bags,Orange,Summer,2012.0,Casual,Baggit Women Marsx Baby Orange Handbag,33426.jpg
58174,Women,Accessories,Bags,White,Fall,2012.0,Casual,Rocky S Women White Handbag,58174.jpg
49556,Women,Accessories,Bags,Black,Summer,2012.0,Casual,Rocia Women Black Handbag,49556.jpg
54487,Women,Accessories,Bags,Orange,Summer,2010.0,Casual,Lino Perros Women Orange Handbag,54487.jpg
47340,Women,Accessories,Bags,Green,Summer,2012.0,Casual,Baggit Women Green Handbag,47340.jpg
34767,Women,Accessories,Bags,Beige,Summer,2015.0,Casual,Be For Bag Women Zoli Beige Bag,34767.jpg
27731,Women,Accessories,Bags,Black,Winter,2015.0,Casual,Murcia Women Black Handbag,27731.jpg
25225,Women,Accessories,Bags,Blue,Winter,2015.0,Casual,Lino Perros Women Blue Handbag,25225.jpg
38450,Women,Accessories,Bags,Purple,Summer,2012.0,Casual,Baggit Women Purple Handbag,38450.jpg
47144,Women,Accessories,Bags,White,Summer,2015.0,Casual,Be For Bag Women Combo Pack Tote Bags,47144.jpg
25215,Women,Accessories,Bags,Pink,Winter,2015.0,Casual,Lino Perros Women Leatherette Pink Handbag,25215.jpg
57244,Women,Accessories,Bags,Beige,Summer,2012.0,Casual,Murcia Women Beige Handbag,57244.jpg
25243,Women,Accessories,Bags,Olive,Summer,2012.0,Casual,Lino Perros Women Canvas Olive Handbag,25243.jpg
25186,Women,Accessories,Bags,Brown,Winter,2015.0,Casual,Lino Perros Women Leatherette Brown Handbag,25186.jpg
44245,Women,Accessories,Bags,Brown,Summer,2012.0,Casual,Hidekraft Women Brown Handbag,44245.jpg
25249,Women,Accessories,Bags,Brown,Summer,2012.0,Casual,Lino Perros Women Leatherette Brown Handbag,25249.jpg
53652,Women,Accessories,Bags,Black,Summer,2012.0,Casual,Kiara Women Black Handbag,53652.jpg
21972,Women,Accessories,Bags,Peach,Winter,2015.0,Casual,Murcia Women Casual Peach Handbag,21972.jpg
46985,Women,Accessories,Bags,Black,Summer,2012.0,Casual,Bulchee Women Black Handbag,46985.jpg
25268,Women,Accessories,Bags,Red,Summer,2012.0,Casual,Lino Perros Women Red & Grey Checks Handbag,25268.jpg
47297,Women,Accessories,Bags,Beige,Summer,2012.0,Casual,Baggit Women Beige Handbag,47297.jpg
34556,Women,Accessories,Bags,Black,Summer,2012.0,Casual,Puma Women Black Handbag,34556.jpg
9913,Unisex,Accessories,Bags,Black,Fall,2011.0,Casual,Puma Unisex Dizzy Shopper Black Bags,9913.jpg
21496,Women,Accessories,Bags,Mustard,Winter,2015.0,Casual,Kiara Women Mustard Leatherite Handbag,21496.jpg
10248,Women,Accessories,Bags,Brown,Winter,2015.0,Casual,Murcia Women Asjke Coffee Brown Handbags,10248.jpg
21995,Women,Accessories,Bags,Grey,Winter,2015.0,Casual,Murcia Women Grey Casual Handbag,21995.jpg
34877,Women,Accessories,Bags,Navy Blue,Summer,2012.0,Casual,Envirosax Women Navy Blue Bag,34877.jpg
25179,Women,Accessories,Bags,Brown,Winter,2015.0,Casual,Lino Perros Women Leatherette Brown Handbag,25179.jpg
52618,Women,Accessories,Bags,Black,Summer,2012.0,Casual,Mod'acc Women Black Handbag,52618.jpg
27059,Women,Accessories,Bags,Grey,Summer,2012.0,Casual,Yelloe Women Subtle and Sophisticated Grey Handbag,27059.jpg
15295,Unisex,Accessories,Bags,Black,Fall,2011.0,Casual,ADIDAS Originals Unisex SY Airline Black Bags,15295.jpg
34891,Women,Accessories,Bags,Brown,Summer,2012.0,Casual,Envirosax Women Brown Bag,34891.jpg
25170,Women,Accessories,Bags,Brown,Winter,2015.0,Casual,Lino Perros Women Leatherette Dark Brown Handbag,25170.jpg
36507,Women,Accessories,Bags,Grey,Summer,2012.0,Casual,United Colors of Benetton Women Grey Bag,36507.jpg
33437,Women,Accessories,Bags,Blue,Summer,2012.0,Casual,Baggit Women Confident Gipsy Blue Handbag,33437.jpg
18040,Women,Accessories,Bags,Olive,Winter,2015.0,Casual,Lino Perros Women Solid Olive Handbag,18040.jpg
44242,Women,Accessories,Bags,Black,Summer,2012.0,Casual,Hidekraft Women Black Handbag,44242.jpg
38458,Women,Accessories,Bags,Orange,Summer,2012.0,Casual,Baggit Women Orange Sling Bag,38458.jpg
54397,Women,Accessories,Bags,Blue,Summer,2012.0,Casual,Baggit Women Blue Handbag,54397.jpg
53671,Women,Accessories,Bags,Orange,Summer,2012.0,Casual,Kiara Women Orange Handbag,53671.jpg
36054,Unisex,Accessories,Bags,Blue,Fall,2012.0,Casual,OTLS Unisex Blue Dual Flap Bag,36054.jpg
48179,Women,Accessories,Bags,Green,Winter,2016.0,Casual,Fossil Women Green Handbag,48179.jpg
36669,Women,Accessories,Bags,Brown,Summer,2012.0,Casual,Paridhan Women Brown Handbag,36669.jpg
18030,Women,Accessories,Bags,Brown,Winter,2015.0,Casual,Lino Perros Women Printed Camel Handbag,18030.jpg
38454,Women,Accessories,Bags,Grey,Summer,2012.0,Casual,Baggit Women Grey Stanley Jhumroo Bag,38454.jpg
25273,Women,Accessories,Bags,Red,Summer,2012.0,Casual,Lino Perros Women Red Handbag,25273.jpg
58278,Women,Accessories,Bags,Brown,Fall,2012.0,Casual,Baggit Women Brown Handbag,58278.jpg
25290,Women,Accessories,Bags,Brown,Summer,2012.0,Casual,Lino Perros Women Leatherette Brown Sling Bag,25290.jpg
33435,Women,Accessories,Bags,Brown,Summer,2012.0,Casual,Baggit Women Motto Taj Brown Sling Bag,33435.jpg
27744,Women,Accessories,Bags,Black,Winter,2015.0,Casual,Murcia Women Leather Black Handbag,27744.jpg
53653,Women,Accessories,Bags,Grey,Summer,2012.0,Casual,Kiara Women Grey And Olive Handbag,53653.jpg
34773,Women,Accessories,Bags,White,Summer,2015.0,Casual,Be For Bag Women Pack of 3 Bag,34773.jpg
58265,Women,Accessories,Bags,Brown,Summer,2012.0,Casual,Baggit Women Brown Handbag,58265.jpg
34898,Women,Accessories,Bags,Multi,Summer,2012.0,Casual,Envirosax Women Multi Coloured Bag,34898.jpg
33634,Women,Accessories,Bags,Olive,Summer,2012.0,Casual,Lino Perros Women Polyester Olive Handbag,33634.jpg
27701,Women,Accessories,Bags,Brown,Winter,2015.0,Casual,Murcia Women Brown Handbag,27701.jpg
10731,Women,Accessories,Bags,Brown,Winter,2015.0,Casual,Murcia Women Lorra Coffee Brown Handbags,10731.jpg
53891,Women,Accessories,Bags,Grey,Summer,2012.0,Casual,Kiara Women Grey Handbag,53891.jpg
24622,Women,Accessories,Bags,Brown,Winter,2015.0,Casual,Murcia Women Brown Handbag,24622.jpg
34761,Women,Accessories,Bags,Blue,Summer,2015.0,Casual,Be For Bag Women Blue Tote Bag,34761.jpg
25230,Women,Accessories,Bags,Blue,Winter,2015.0,Casual,Lino Perros Women Leatherette Blue Handbag,25230.jpg
34759,Women,Accessories,Bags,Black,Summer,2015.0,Casual,Be For Bag Women Black & Yellow Tote Bag,34759.jpg
54408,Women,Accessories,Bags,Pink,Fall,2012.0,Casual,Baggit Women Pink Sling Bag,54408.jpg
43293,Women,Accessories,Bags,Blue,Summer,2015.0,Casual,Murcia Women Blue Kate Handbag,43293.jpg
38754,Women,Accessories,Bags,Green,Summer,2012.0,Casual,Nike Women Green Sling Bag,38754.jpg
21549,Women,Accessories,Bags,Blue,Winter,2015.0,Casual,Kiara Women Blue Handbag,21549.jpg
20460,Women,Accessories,Bags,White,Winter,2015.0,Casual,Baggit Women Babe Opart White Handbag,20460.jpg
38436,Women,Accessories,Bags,Black,Summer,2012.0,Casual,Baggit Women Black Handbag,38436.jpg
25145,Women,Accessories,Bags,Beige,Winter,2015.0,Casual,Lino Perros Women Beige Handbag,25145.jpg
34765,Women,Accessories,Bags,Beige,Summer,2015.0,Casual,Be For Bag Women Zoli Beige Tote Bag,34765.jpg
47383,Women,Accessories,Bags,Blue,Summer,2012.0,Casual,Baggit Blue Printed Tote Bag,47383.jpg
47131,Women,Accessories,Bags,White,Summer,2015.0,Casual,Be For Bag Women Pink Bag,47131.jpg
35898,Women,Accessories,Bags,Purple,Summer,2012.0,Casual,Peperone Women Purple Handbag,35898.jpg
25153,Women,Accessories,Bags,Black,Winter,2015.0,Casual,Lino Perros Women Leatherette Black Handbag,25153.jpg
33386,Women,Accessories,Bags,Purple,Summer,2012.0,Casual,Baggit Women Banjara Taj Purple Handbag,33386.jpg
3398,Women,Accessories,Bags,Black,Winter,2015.0,Casual,Murcia Women Black Handbag,3398.jpg
10727,Women,Accessories,Bags,Brown,Winter,2015.0,Casual,Murcia Women Dusvatar Brown Brown Handbags,10727.jpg
50187,Women,Accessories,Bags,Orange,Summer,2012.0,Casual,Paridhan Women Orange Handbag,50187.jpg
21544,Women,Accessories,Bags,Blue,Winter,2015.0,Casual,Kiara Women Small Pocket Blue Handbag,21544.jpg
21997,Women,Accessories,Bags,Pink,Winter,2015.0,Casual,Murcia Women Casual Pink Handbag,21997.jpg
47355,Women,Accessories,Bags,Blue,Summer,2012.0,Casual,Baggit Women Brown & Blue Handbag,47355.jpg
42869,Women,Accessories,Bags,Black,Summer,2012.0,Casual,French Connection Women Black Handbag,42869.jpg
52641,Women,Accessories,Bags,Red,Summer,2012.0,Casual,Mod-acc Women Red Handbag,52641.jpg
57239,Women,Accessories,Bags,Black,Summer,2012.0,Casual,Murcia Women Black Slingbag,57239.jpg
46976,Women,Accessories,Bags,Black,Summer,2012.0,Casual,Bulchee Women Black Handbag,46976.jpg
42846,Women,Accessories,Bags,Multi,Summer,2012.0,Casual,French Connection Women Multi Stripe Hand Bag,42846.jpg
51947,Unisex,Accessories,Bags,Black,Summer,2012.0,Casual,Yelloe Unisex Black Sling Bag,51947.jpg
53687,Women,Accessories,Bags,Pink,Summer,2012.0,Casual,Kiara Women Pink & Yellow Handbag,53687.jpg
25269,Women,Accessories,Bags,Maroon,Summer,2012.0,Casual,Lino Perros Women Leatherette Maroon Handbag,25269.jpg
20509,Women,Accessories,Bags,Teal,Winter,2015.0,Casual,Baggit Women Varsh Taj Teal Handbag,20509.jpg
57240,Women,Accessories,Bags,Black,Summer,2012.0,Casual,Murcia Women Black Handbag,57240.jpg
57226,Women,Accessories,Bags,Black,Summer,2012.0,Casual,Murcia Women Black Handbag,57226.jpg
52633,Women,Accessories,Bags,Grey,Summer,2012.0,Casual,Mod-acc Women Grey Handbag,52633.jpg
10250,Women,Accessories,Bags,Brown,Winter,2015.0,Casual,Murcia Women Hahk Brown Handbags,10250.jpg
21965,Women,Accessories,Bags,Navy Blue,Winter,2015.0,Casual,Murcia Women Casual Navy Blue Handbag,21965.jpg
53942,Women,Accessories,Bags,Coffee Brown,Summer,2012.0,Casual,Kiara Women Coffee Brown Handbag,53942.jpg
37088,Women,Accessories,Bags,Beige,Summer,2012.0,Casual,Lino Perros Women Beige Handbag,37088.jpg
36037,Unisex,Accessories,Bags,Beige,Summer,2012.0,Casual,OTLS Unisex Beige Bag,36037.jpg
20925,Women,Accessories,Bags,Black,Winter,2016.0,Casual,Fastrack Women Leatherette Black Sling Bag,20925.jpg
50425,Women,Accessories,Bags,Red,Summer,2012.0,Casual,Lino Perros Women Red Handbag,50425.jpg
37000,Women,Accessories,Bags,Red,Summer,2012.0,Casual,Lino Perros Women Red Sling Bag,37000.jpg
51937,Women,Accessories,Bags,Teal,Summer,2016.0,Casual,Nyk Women Teal Tiny Handbag,51937.jpg
47145,Women,Accessories,Bags,Blue,Summer,2015.0,Casual,Be For Bag Women Combo pack Tote Bags,47145.jpg
25233,Women,Accessories,Bags,Navy Blue,Winter,2015.0,Casual,Lino Perros Women Navy Blue Handbag,25233.jpg
58178,Women,Accessories,Bags,Grey,Summer,2012.0,Casual,Rocky S Women Grey Handbag,58178.jpg
20528,Women,Accessories,Bags,Blue,Winter,2015.0,Casual,Baggit Women Kool Excel Blue Handbag,20528.jpg
37074,Women,Accessories,Bags,Black,Summer,2012.0,Casual,Lino Perros Women Black Handbag,37074.jpg
21519,Women,Accessories,Bags,White,Winter,2015.0,Casual,Kiara Women Glossy White Handbag,21519.jpg
57254,Women,Accessories,Bags,Red,Summer,2012.0,Casual,Murcia Women Red Handbag,57254.jpg
58171,Women,Accessories,Bags,Grey,Fall,2012.0,Casual,Rocky S Women Grey Handbag,58171.jpg
37076,Women,Accessories,Bags,Brown,Summer,2012.0,Casual,Lino Perros Women Brown Handbag,37076.jpg
10773,Women,Accessories,Bags,Red,Winter,2016.0,Casual,Fastrack Red Printed Tote Bag,10773.jpg
50184,Women,Accessories,Bags,Brown,Summer,2012.0,Casual,Paridhan Women Brown Handbag,50184.jpg
25248,Women,Accessories,Bags,Orange,Summer,2012.0,Casual,Lino Perros Women Leatherette Orange Handbag,25248.jpg
53698,Women,Accessories,Bags,White,Summer,2012.0,Casual,Kiara Women White Handbag,53698.jpg
21511,Women,Accessories,Bags,Pink,Winter,2015.0,Casual,Kiara Women Rose Pink Handbag,21511.jpg
2649,Women,Accessories,Bags,Black,Winter,2015.0,Casual,Murcia Women Leather Office Black Bag,2649.jpg
14816,Women,Accessories,Bags,Red,Summer,2011.0,Casual,United Colors of Benetton Women Solid Red Handbags,14816.jpg
49543,Women,Accessories,Bags,Rust,Summer,2012.0,Casual,Rocia Women Rust Handbag,49543.jpg
22502,Women,Footwear,Shoes,Blue,Winter,2015.0,Casual,Catwalk  Women Blue Casual Flats,22502.jpg
39591,Women,Footwear,Shoes,Blue,Winter,2015.0,Casual,Catwalk Women Blue Wedges,39591.jpg
32841,Women,Footwear,Shoes,Gold,Winter,2012.0,Casual,Grendha Women Jola Cigana Gold Flats,32841.jpg
45362,Women,Footwear,Shoes,Olive,Summer,2016.0,Casual,Cobblerz Women Olive Green Sandals,45362.jpg
54142,Women,Footwear,Shoes,Beige,Winter,2012.0,Casual,Rocia Women Beige Sandals,54142.jpg
56961,Women,Footwear,Shoes,Black,Winter,2012.0,Casual,HM Women Black Flats,56961.jpg
45375,Women,Footwear,Shoes,Grey,Summer,2016.0,Casual,Cobblerz Women Grey Sandals,45375.jpg
33110,Women,Footwear,Shoes,Black,Winter,2015.0,Casual,Catwalk Women Black Peep Toes,33110.jpg
49622,Women,Footwear,Shoes,Black,Winter,2015.0,Casual,Catwalk Women Black Flats,49622.jpg
20275,Women,Footwear,Shoes,Multi,Winter,2015.0,Casual,Catwalk Women Casual Multi Flats,20275.jpg
55644,Women,Footwear,Shoes,Black,Winter,2015.0,Casual,Catwalk Women Black Heels,55644.jpg
41673,Women,Footwear,Shoes,Gold,Winter,2012.0,Casual,Catwalk Women Gold Heels,41673.jpg
45343,Women,Footwear,Shoes,Multi,Summer,2016.0,Casual,Cobblerz Women Multicoloured Sandals,45343.jpg
47637,Women,Footwear,Shoes,Yellow,Spring,2013.0,Casual,Carlton London Women Yellow Peep Toes,47637.jpg
45331,Women,Footwear,Shoes,Blue,Summer,2016.0,Casual,Cobblerz Women Blue Heels,45331.jpg
47455,Women,Footwear,Shoes,Purple,Summer,2012.0,Casual,Tiptopp Women Purple Flip-Flops,47455.jpg
2900,Women,Footwear,Shoes,Silver,Winter,2015.0,Casual,Catwalk Women Wedding Collection Silver Heels,2900.jpg
49618,Women,Footwear,Shoes,Black,Winter,2015.0,Casual,Catwalk Women Bronze Heels,49618.jpg
14362,Women,Footwear,Shoes,Beige,Winter,2015.0,Casual,Catwalk Women Casual Beige Flats,14362.jpg
3137,Women,Footwear,Shoes,Brown,Winter,2015.0,Ethnic,Catwalk Women Ethnic Leather Flat Brown Flats,3137.jpg
34075,Women,Footwear,Shoes,White,Fall,2012.0,Formal,Clarks Women Henderson Toy Bone Leather White Flats,34075.jpg
22295,Women,Footwear,Shoes,Black,Winter,2012.0,Casual,Inc. 5 Women Casual Black Flats,22295.jpg
27079,Women,Footwear,Shoes,Black,Winter,2012.0,Casual,Catwalk Women Black Flats,27079.jpg
2874,Women,Footwear,Shoes,Black,Winter,2015.0,Casual,Catwalk Women Black Heels,2874.jpg
56995,Women,Footwear,Shoes,Purple,Winter,2012.0,Casual,HM Women Purple Wedges,56995.jpg
22306,Women,Footwear,Shoes,Brown,Winter,2012.0,Casual,Inc. 5 Women Casual Brown Flats,22306.jpg
56882,Women,Footwear,Shoes,Red,Winter,2012.0,Casual,HM Women Red Heels,56882.jpg
41669,Women,Footwear,Shoes,Silver,Winter,2012.0,Casual,Catwalk Women Silver Heels,41669.jpg
20757,Women,Footwear,Shoes,Brown,Winter,2012.0,Casual,Carlton London  Women Casual Brown Wedges,20757.jpg
41712,Women,Footwear,Shoes,Teal,Winter,2012.0,Casual,Catwalk Women Teal Wedges,41712.jpg
33105,Women,Footwear,Shoes,Black,Winter,2015.0,Casual,Catwalk Women Black Flats,33105.jpg
43945,Women,Footwear,Shoes,Brown,Winter,2012.0,Casual,Catwalk Women Brown Heels,43945.jpg
39715,Women,Footwear,Shoes,Brown,Spring,2013.0,Casual,Catwalk Women Brown Wedges,39715.jpg
49596,Women,Footwear,Shoes,Gold,Winter,2015.0,Casual,Catwalk Women Gold Heels,49596.jpg
45355,Women,Footwear,Shoes,Beige,Summer,2016.0,Casual,Cobblerz Women Beige Sandals,45355.jpg
14478,Women,Footwear,Shoes,Red,Summer,2012.0,Casual,Enroute Women Casual Red Flats,14478.jpg
19020,Women,Footwear,Shoes,Gold,Winter,2015.0,Casual,Catwalk Women Gold Strap Heels,19020.jpg
18555,Women,Footwear,Shoes,Brown,Winter,2015.0,Casual,Catwalk Women Casual Brown Flats,18555.jpg
56958,Women,Footwear,Shoes,Blue,Winter,2012.0,Casual,HM Women Blue Flats,56958.jpg
59028,Women,Footwear,Shoes,Pink,Winter,2012.0,Casual,Carlton London Women Plum Heels,59028.jpg
46607,Women,Footwear,Shoes,Silver,Winter,2012.0,Casual,Catwalk Women Silver Heels,46607.jpg
43949,Women,Footwear,Shoes,Black,Winter,2012.0,Casual,Catwalk Women Black Heels,43949.jpg
14354,Women,Footwear,Shoes,Brown,Winter,2015.0,Casual,Catwalk Women Casual Brown Flats,14354.jpg
39584,Women,Footwear,Shoes,Black,Winter,2015.0,Casual,Catwalk Women Black Heels,39584.jpg
45371,Women,Footwear,Shoes,Taupe,Summer,2016.0,Casual,Cobblerz Women Taupe Brown Sandals,45371.jpg
47613,Women,Footwear,Shoes,Brown,Winter,2012.0,Casual,Portia Women Brown Heels,47613.jpg
54109,Women,Footwear,Shoes,Beige,Winter,2012.0,Casual,Rocia Women Beige Flats,54109.jpg
20754,Women,Footwear,Shoes,Black,Spring,2013.0,Casual,Carlton London Women Black Heels,20754.jpg
55632,Women,Footwear,Shoes,Black,Winter,2015.0,Casual,Catwalk Women Black Flats,55632.jpg
22307,Women,Footwear,Shoes,Beige,Winter,2012.0,Casual,Inc. 5 Women Casual Beige Flats,22307.jpg
14440,Women,Footwear,Shoes,White,Summer,2012.0,Casual,Enroute Women Casual White Flats,14440.jpg
49599,Women,Footwear,Shoes,Black,Winter,2015.0,Casual,Catwalk Women Black Heels,49599.jpg
15564,Women,Footwear,Shoes,Blue,Winter,2015.0,Casual,Catwalk Women Casual Blue Flats,15564.jpg
21047,Women,Footwear,Shoes,White,Fall,2011.0,Casual,Clarks Women Santa Cruz White Flats,21047.jpg
56920,Women,Footwear,Shoes,Black,Winter,2012.0,Casual,HM Women Black Sandals,56920.jpg
33518,Women,Footwear,Shoes,Blue,Summer,2016.0,Casual,Cobblerz Women Blue Peep Toes,33518.jpg
39569,Women,Footwear,Shoes,Black,Winter,2015.0,Casual,Catwalk Women Black Flats,39569.jpg
43933,Women,Footwear,Shoes,Black,Winter,2012.0,Casual,Catwalk Women Black Heels,43933.jpg
56933,Women,Footwear,Shoes,Purple,Winter,2012.0,Casual,HM Women Purple Flats,56933.jpg
46598,Women,Footwear,Shoes,Beige,Summer,2012.0,Casual,Catwalk Women Beige Heels,46598.jpg
17673,Women,Footwear,Shoes,Black,Winter,2015.0,Casual,Catwalk Women Black Pumps,17673.jpg
43953,Women,Footwear,Shoes,Purple,Winter,2012.0,Casual,Catwalk Women Purple Flats,43953.jpg
10289,Women,Footwear,Shoes,Black,Fall,2012.0,Casual,Clarks Women Soma Silk Leather Black Heels,10289.jpg
35815,Women,Footwear,Shoes,White,Summer,2012.0,Casual,Enroute Women White Heels,35815.jpg
39563,Women,Footwear,Shoes,Gold,Winter,2015.0,Casual,Catwalk Women Gold Flats,39563.jpg
14370,Women,Footwear,Shoes,Black,Winter,2015.0,Casual,Catwalk Women Casual Black Flats,14370.jpg
32833,Women,Footwear,Shoes,Brown,Winter,2012.0,Casual,iPanema Women Kirey Brown Flats,32833.jpg
39573,Women,Footwear,Shoes,Beige,Winter,2015.0,Casual,Catwalk Women Beige Flats,39573.jpg
2895,Women,Footwear,Shoes,Blue,Winter,2015.0,Casual,Catwalk Women Heeled Black Silver Strap Heels,2895.jpg
13047,Women,Footwear,Shoes,White,Winter,2012.0,Casual,Inc 5 Women Casual White Wedges,13047.jpg
14441,Women,Footwear,Shoes,White,Summer,2012.0,Casual,Enroute Women Casual White Flats,14441.jpg
47592,Women,Footwear,Shoes,White,Winter,2012.0,Casual,Portia Women White Flats,47592.jpg
32856,Women,Footwear,Shoes,Purple,Winter,2012.0,Casual,Grendha Women Kall Ad Purple Flats,32856.jpg
20279,Women,Footwear,Shoes,Beige,Winter,2015.0,Casual,Catwalk Women Casual Beige Heels,20279.jpg
2887,Women,Footwear,Shoes,Beige,Winter,2015.0,Casual,Catwalk Women Black Ballerinas,2887.jpg
46620,Women,Footwear,Shoes,Brown,Summer,2016.0,Casual,Catwalk Women Brown Sandals,46620.jpg
32852,Women,Footwear,Shoes,White,Winter,2012.0,Casual,Grendha Women Ciaudia White Flats,32852.jpg
22290,Women,Footwear,Shoes,Silver,Winter,2012.0,Casual,Inc. 5 Women Casual Silver Flats,22290.jpg
45815,Women,Footwear,Shoes,Orange,Summer,2012.0,Casual,Senorita Women Orange Flats,45815.jpg
26178,Women,Footwear,Shoes,Black,Winter,2012.0,Casual,Rocia Women Black Heels,26178.jpg
33106,Women,Footwear,Shoes,Blue,Winter,2015.0,Casual,Catwalk Women Blue Flats,33106.jpg
49600,Women,Footwear,Shoes,White,Winter,2015.0,Casual,Catwalk Women White Flats,49600.jpg
41736,Women,Footwear,Shoes,Gold,Winter,2012.0,Casual,Catwalk Women Golden Heels,41736.jpg
33092,Women,Footwear,Shoes,Gold,Winter,2015.0,Casual,Catwalk Women Gold Flats,33092.jpg
39588,Women,Footwear,Shoes,Black,Winter,2015.0,Casual,Catwalk Women Black Wedges,39588.jpg
46618,Women,Footwear,Shoes,Black,Winter,2012.0,Casual,Catwalk Women Black Sandals,46618.jpg
33125,Women,Footwear,Shoes,Grey,Winter,2015.0,Casual,Catwalk Women Grey Stilettoes,33125.jpg
59025,Women,Footwear,Shoes,Black,Winter,2012.0,Casual,Carlton London Women Black Pumps,59025.jpg
17677,Women,Footwear,Shoes,Tan,Winter,2015.0,Casual,Catwalk Women Weaved Strap Tan Flats,17677.jpg
17672,Women,Footwear,Shoes,Brown,Winter,2015.0,Casual,Catwalk Women Brown Pumps,17672.jpg
15546,Women,Footwear,Shoes,Bronze,Winter,2015.0,Casual,Catwalk Women Casual Bronze Heels,15546.jpg
54132,Women,Footwear,Shoes,Black,Winter,2012.0,Casual,Rocia Women Black Heels,54132.jpg
56679,Women,Footwear,Shoes,Brown,Winter,2012.0,Casual,Portia Women Brown Sandals,56679.jpg
47620,Women,Footwear,Shoes,Black,Fall,2014.0,Casual,Portia Women Black Flats,47620.jpg
8172,Women,Footwear,Shoes,Blue,Winter,2015.0,Casual,Catwalk Women Slim Casual Beige Wedges,8172.jpg
53147,Women,Footwear,Shoes,Bronze,Winter,2015.0,Casual,Catwalk Women Brown Wedges,53147.jpg
22289,Women,Footwear,Shoes,Gold,Winter,2012.0,Casual,Inc. 5 Women Casual Golden Flats,22289.jpg
41730,Women,Footwear,Shoes,White,Winter,2012.0,Casual,Catwalk Women White Heels,41730.jpg
26179,Women,Footwear,Shoes,Gold,Winter,2012.0,Casual,Rocia Women Golden Heels,26179.jpg
10299,Women,Footwear,Shoes,Black,Fall,2013.0,Casual,Clarks Women Black Leather Wedges,10299.jpg
32847,Women,Footwear,Shoes,Beige,Winter,2012.0,Casual,Grendha Women Romance Beige Flats,32847.jpg
22258,Women,Footwear,Shoes,Blue,Winter,2012.0,Casual,Inc. 5 Women Casual Blue Heels,22258.jpg
47558,Women,Footwear,Shoes,Silver,Winter,2012.0,Casual,Portia Women Silver & Copper Flats,47558.jpg
2901,Women,Footwear,Shoes,Black,Winter,2015.0,Formal,Catwalk Women Corporate Leather Black Heels,2901.jpg
47579,Women,Footwear,Shoes,Black,Winter,2012.0,Casual,Portia Women Black & Brown Sandals,47579.jpg
43929,Women,Footwear,Shoes,White,Spring,2013.0,Casual,Catwalk Women White Heeled Shoes,43929.jpg
33109,Women,Footwear,Shoes,Pink,Winter,2015.0,Casual,Catwalk Women Pink Wedges,33109.jpg
17655,Women,Footwear,Shoes,Black,Winter,2015.0,Casual,Catwalk Women Pumps Black Peep Toes,17655.jpg
54136,Women,Footwear,Shoes,Silver,Winter,2012.0,Casual,Rocia Women Silver Flats,54136.jpg
59054,Women,Footwear,Shoes,Silver,Winter,2012.0,Casual,Carlton London Women Silver Heels,59054.jpg
41726,Women,Footwear,Shoes,Multi,Winter,2012.0,Casual,Catwalk Women Multi Colour Heels,41726.jpg
11493,Women,Footwear,Shoes,Pink,Winter,2015.0,Casual,Catwalk Women Lifestyle Pink Wedges,11493.jpg
39619,Women,Footwear,Shoes,Black,Winter,2015.0,Casual,Catwalk Women Black Heels,39619.jpg
14368,Women,Footwear,Shoes,Black,Winter,2015.0,Casual,Catwalk Women Casual Black Flats,14368.jpg
19029,Women,Footwear,Shoes,Black,Winter,2015.0,Casual,Catwalk Women Moccasin Black Heels,19029.jpg
50146,Women,Footwear,Shoes,Red,Winter,2012.0,Casual,Rocia Women Red Heels,50146.jpg
22264,Women,Footwear,Shoes,Gold,Winter,2012.0,Casual,Inc. 5 Women Casual Golden Flats,22264.jpg
41703,Women,Footwear,Shoes,Teal,Winter,2012.0,Casual,Catwalk Women Teal Wedges,41703.jpg
22268,Women,Footwear,Shoes,Black,Winter,2012.0,Casual,Inc. 5 Women Casual Black Wedges,22268.jpg
14415,Women,Footwear,Shoes,Black,Summer,2012.0,Casual,Enroute Women Black Wedges,14415.jpg
20280,Women,Footwear,Shoes,Green,Winter,2015.0,Casual,Catwalk Women Casual Green Flats,20280.jpg
49619,Women,Footwear,Shoes,White,Winter,2015.0,Casual,Catwalk Women White Heels,49619.jpg
56878,Women,Footwear,Shoes,Silver,Winter,2012.0,Casual,HM Women Silver Heels,56878.jpg
33095,Women,Footwear,Shoes,Beige,Winter,2015.0,Casual,Catwalk Women Beige Flats,33095.jpg
56952,Women,Footwear,Shoes,Brown,Winter,2012.0,Casual,HM Women Brown Heels,56952.jpg
24084,Women,Footwear,Shoes,Bronze,Winter,2015.0,Casual,Catwalk Women Bronze Flats,24084.jpg
56885,Women,Footwear,Shoes,Red,Winter,2012.0,Casual,HM Women Red Heels,56885.jpg
47547,Women,Footwear,Shoes,Silver,Winter,2012.0,Casual,Portia Women Silver Flats,47547.jpg
13025,Women,Footwear,Shoes,Maroon,Winter,2012.0,Casual,Inc 5 Women Casual Maroon Flats,13025.jpg
39193,Women,Footwear,Shoes,Gold,Winter,2015.0,Casual,Catwalk Women Gold Flats,39193.jpg
35807,Women,Footwear,Shoes,Pink,Summer,2012.0,Casual,Enroute Women Pink Flats,35807.jpg
45800,Women,Footwear,Shoes,Copper,Summer,2012.0,Casual,Senorita Women Copper Flats,45800.jpg
56908,Women,Footwear,Shoes,Blue,Winter,2012.0,Casual,HM Women Blue Heels,56908.jpg
56914,Women,Footwear,Shoes,Black,Winter,2012.0,Casual,HM Women Black Heels,56914.jpg
34457,Women,Footwear,Shoes,Beige,Winter,2012.0,Formal,Rocia Women Beige Wedges,34457.jpg
33123,Women,Footwear,Shoes,Silver,Winter,2015.0,Casual,Catwalk Women Silver Heels,33123.jpg
50153,Women,Footwear,Shoes,Black,Winter,2012.0,Casual,Rocia Women Black Heels,50153.jpg
21030,Women,Footwear,Shoes,Red,Fall,2012.0,Casual,Clarks Women Balti Zing Red Heels,21030.jpg
36614,Women,Footwear,Shoes,Multi,Winter,2015.0,Casual,Catwalk Women Multi-Coloured Heels,36614.jpg
56932,Women,Footwear,Shoes,Metallic,Winter,2012.0,Casual,HM Women Metallic Flats,56932.jpg
41688,Women,Footwear,Shoes,Black,Winter,2012.0,Casual,Catwalk Women Black Heels,41688.jpg
41680,Women,Footwear,Shoes,Bronze,Winter,2012.0,Casual,Catwalk Women Bronze Heels,41680.jpg
49580,Women,Footwear,Shoes,Gold,Winter,2015.0,Casual,Catwalk Women Golden Heels,49580.jpg
45356,Women,Footwear,Shoes,Black,Summer,2016.0,Casual,Cobblerz Women Black Sandals,45356.jpg
56864,Women,Footwear,Shoes,Gold,Winter,2012.0,Casual,HM Women Golden Heels,56864.jpg
41676,Women,Footwear,Shoes,Black,Winter,2012.0,Casual,Catwalk Women Black Heels,41676.jpg
33534,Women,Footwear,Shoes,Beige,Summer,2016.0,Casual,Cobblerz Women Beige Pumps,33534.jpg
43927,Women,Footwear,Shoes,Gold,Winter,2012.0,Casual,Catwalk Women Gold Heels,43927.jpg
45783,Women,Footwear,Shoes,Maroon,Summer,2012.0,Casual,Senorita Women Maroon Sandals,45783.jpg
35794,Women,Footwear,Shoes,Black,Summer,2012.0,Casual,Enroute Women Black Wedges,35794.jpg
20753,Women,Footwear,Shoes,Silver,Winter,2012.0,Casual,Carlton London  Women Classy Silver Stilettos,20753.jpg
11510,Women,Footwear,Shoes,Beige,Winter,2015.0,Casual,Catwalk Women Lifestyle Beige Flats,11510.jpg
13641,Women,Footwear,Shoes,Navy Blue,Winter,2012.0,Casual,Carlton London Women Casual Navy Flats,13641.jpg
27077,Women,Footwear,Shoes,Blue,Winter,2015.0,Casual,Catwalk Women Blue Heels,27077.jpg
53870,Women,Footwear,Shoes,Brown,Winter,2012.0,Casual,Rocia Women Brown Sandals,53870.jpg
46591,Women,Footwear,Shoes,Black,Summer,2012.0,Casual,Catwalk Women Black Heels,46591.jpg
13039,Women,Footwear,Shoes,White,Winter,2012.0,Casual,Inc 5 Women Casual White Flats,13039.jpg
39597,Women,Footwear,Shoes,Bronze,Winter,2015.0,Casual,Catwalk Women Bronze Flats,39597.jpg
33107,Women,Footwear,Shoes,Pink,Winter,2015.0,Casual,Catwalk Women Pink Flats,33107.jpg
35821,Women,Footwear,Shoes,Black,Summer,2012.0,Casual,Enroute Women Black Heels,35821.jpg
21734,Women,Footwear,Shoes,White,Winter,2015.0,Casual,Catwalk Women Casual White Heels,21734.jpg
49606,Women,Footwear,Shoes,Silver,Winter,2015.0,Casual,Catwalk Women Metal Grey Heels,49606.jpg
51760,Women,Footwear,Shoes,Grey,Winter,2015.0,Casual,Catwalk Women Grey Peep Toes,51760.jpg
39568,Women,Footwear,Shoes,Silver,Winter,2015.0,Casual,Catwalk Women Silver Flats,39568.jpg
32824,Women,Footwear,Shoes,Blue,Winter,2012.0,Casual,iPanema Women Blue Premium Flats,32824.jpg
57299,Women,Footwear,Shoes,Black,Winter,2012.0,Casual,Rocia Women Black Flats,57299.jpg
56949,Women,Footwear,Shoes,Black,Winter,2012.0,Casual,HM Women Black Sandals,56949.jpg
36619,Women,Footwear,Shoes,Turquoise Blue,Winter,2015.0,Casual,Catwalk Women Turquoise Blue Flats,36619.jpg
13273,Women,Footwear,Shoes,Gold,Winter,2012.0,Casual,Inc 5 Women Casual Gold Heels,13273.jpg
33120,Women,Footwear,Shoes,Silver,Winter,2015.0,Casual,Catwalk Women Silver Heels,33120.jpg
27078,Women,Footwear,Shoes,Black,Winter,2015.0,Casual,Catwalk Women Black Heels,27078.jpg
2899,Women,Footwear,Shoes,Gold,Winter,2015.0,Casual,Catwalk Women Wedding Collection Gold Heels,2899.jpg
2877,Women,Footwear,Shoes,Brown,Winter,2015.0,Casual,Catwalk Women Rose Mary Flats,2877.jpg
30692,Women,Footwear,Shoes,Brown,Winter,2015.0,Casual,Catwalk Women Brown Heels,30692.jpg
42749,Women,Footwear,Shoes,Black,Winter,2012.0,Casual,Rocia Women Black Heels,42749.jpg
21042,Women,Footwear,Shoes,Black,Fall,2012.0,Casual,Clarks Women Aerial Flower Black Heels,21042.jpg
39586,Women,Footwear,Shoes,Red,Winter,2015.0,Casual,Catwalk Women Red Flats,39586.jpg
56940,Women,Footwear,Shoes,Brown,Winter,2012.0,Casual,HM Women Brown Flats,56940.jpg
2611,Women,Footwear,Shoes,Gold,Winter,2012.0,Casual,Carlton London Women Stylish Gold Flats,2611.jpg
46584,Women,Footwear,Shoes,White,Summer,2012.0,Casual,Catwalk Women White Sandals,46584.jpg
44454,Women,Footwear,Shoes,Black,Summer,2012.0,Casual,Senorita Women Black Sandals,44454.jpg
57857,Women,Footwear,Shoes,Brown,Winter,2015.0,Casual,Catwalk Women Brown Flats,57857.jpg
45352,Women,Footwear,Shoes,Olive,Summer,2016.0,Casual,Cobblerz Women Olive Green Sandals,45352.jpg
41709,Women,Footwear,Shoes,Black,Winter,2012.0,Casual,Catwalk Women Black Heels,41709.jpg
47564,Women,Footwear,Shoes,Brown,Winter,2012.0,Casual,Portia Women Brown Sandals,47564.jpg
30690,Women,Footwear,Shoes,Brown,Winter,2015.0,Casual,Catwalk Women Brown Flats,30690.jpg
45370,Women,Footwear,Shoes,Brown,Summer,2016.0,Casual,Cobblerz Women Brown Sandals,45370.jpg
10271,Women,Footwear,Shoes,Red,Fall,2012.0,Casual,Clarks Women Sona Silk Leather Red Heels,10271.jpg
41704,Women,Footwear,Shoes,Brown,Winter,2012.0,Casual,Catwalk Women Brown Wedges,41704.jpg
41739,Women,Footwear,Shoes,Silver,Winter,2012.0,Casual,Catwalk Women Silver Heels,41739.jpg
14377,Women,Footwear,Shoes,Copper,Winter,2015.0,Casual,Catwalk Women Casual Copper Flats,14377.jpg
20752,Women,Footwear,Shoes,Gold,Winter,2012.0,Casual,Carlton London Women Classy Gold Stilettos,20752.jpg
59042,Women,Footwear,Shoes,Black,Winter,2012.0,Casual,Carlton London Women Black Heels,59042.jpg
47621,Women,Footwear,Shoes,Yellow,Fall,2014.0,Casual,Portia Women Yellow Flats,47621.jpg
27034,Women,Footwear,Shoes,Bronze,Winter,2015.0,Casual,Catwalk Women Bronze Heels,27034.jpg
22304,Women,Footwear,Shoes,Beige,Winter,2012.0,Casual,Inc. 5 Women Casual Beige Heels,22304.jpg
59050,Women,Footwear,Shoes,Red,Winter,2012.0,Casual,Carlton London Women Red & Black Heels,59050.jpg
41668,Women,Footwear,Shoes,Silver,Winter,2012.0,Casual,Catwalk Women Silver Heels,41668.jpg
11499,Women,Footwear,Shoes,Blue,Winter,2015.0,Casual,Catwalk Women Lifestyle Blue Flats,11499.jpg
49597,Women,Footwear,Shoes,Brown,Winter,2015.0,Casual,Catwalk Women Brown Flats,49597.jpg
19044,Women,Footwear,Shoes,Bronze,Winter,2015.0,Casual,Catwalk Women Bronze Flats,19044.jpg
35808,Women,Footwear,Shoes,Cream,Summer,2012.0,Casual,Enroute Women Cream Flats,35808.jpg
15700,Women,Footwear,Shoes,Pink,Winter,2015.0,Casual,Catwalk Women Casual Pink Flats,15700.jpg
14361,Women,Footwear,Shoes,Black,Winter,2015.0,Casual,Catwalk Women Casual Black Heels,14361.jpg
39560,Women,Footwear,Shoes,Blue,Winter,2015.0,Casual,Catwalk Women Blue Flats,39560.jpg
56946,Women,Footwear,Shoes,Gold,Winter,2012.0,Casual,HM Women Golden Heels,56946.jpg
32846,Women,Footwear,Shoes,Brown,Winter,2012.0,Casual,Grendha Women Jola Cigana Brown Flats,32846.jpg
39609,Women,Footwear,Shoes,Brown,Winter,2015.0,Casual,Catwalk Women Brown Heels,39609.jpg
33090,Women,Footwear,Shoes,Gold,Winter,2015.0,Casual,Catwalk Women Gold Flats,33090.jpg
49588,Women,Footwear,Shoes,Black,Winter,2015.0,Casual,Catwalk Women Black Heels,49588.jpg
41715,Women,Footwear,Shoes,Brown,Winter,2012.0,Casual,Catwalk Women Brown Wedges,41715.jpg
20782,Women,Footwear,Shoes,Gold,Winter,2012.0,Casual,Carlton London Women Classy Gold Heels,20782.jpg
14437,Women,Footwear,Shoes,Silver,Summer,2012.0,Casual,Enroute Women Silver Wedges,14437.jpg
46588,Women,Footwear,Shoes,Gold,Winter,2012.0,Casual,Catwalk Women Golden Heels,46588.jpg
49592,Women,Footwear,Shoes,Gold,Winter,2015.0,Casual,Catwalk Women Gold Heels,49592.jpg
45333,Women,Footwear,Shoes,Green,Summer,2016.0,Casual,Cobblerz Women Green Sandals,45333.jpg
20761,Women,Footwear,Shoes,Brown,Spring,2013.0,Casual,Carlton London Women Casual Bronze Wedges,20761.jpg
39869,Women,Footwear,Shoes,Grey,Spring,2013.0,Casual,Catwalk Women Grey & Blue Flats,39869.jpg
14419,Women,Footwear,Shoes,Gold,Summer,2012.0,Casual,Enroute Women Casual Gold Flats,14419.jpg
21038,Women,Footwear,Shoes,Black,Fall,2012.0,Casual,Clarks Women Balti Zing Black Heels,21038.jpg
56865,Women,Footwear,Shoes,Black,Winter,2012.0,Casual,HM Women Black Flats,56865.jpg
17666,Women,Footwear,Shoes,Multi,Winter,2015.0,Casual,Catwalk Women Classic Multi Heels,17666.jpg
14383,Women,Footwear,Shoes,Copper,Winter,2015.0,Casual,Catwalk Women Casual Copper Flats,14383.jpg
20265,Women,Footwear,Shoes,Brown,Winter,2012.0,Casual,Catwalk Women Casual Brown Flats,20265.jpg
56873,Women,Footwear,Shoes,Black,Winter,2012.0,Casual,HM Women Black Flats,56873.jpg
50160,Women,Footwear,Shoes,Black,Winter,2014.0,Casual,Rocia Women Black Wedges,50160.jpg
50156,Women,Footwear,Shoes,Gold,Winter,2012.0,Casual,Rocia Women Gold Toned Heels,50156.jpg
14358,Women,Footwear,Shoes,Brown,Winter,2015.0,Casual,Catwalk Women Casual Brown Heels,14358.jpg
56910,Women,Footwear,Shoes,Red,Winter,2012.0,Casual,HM Women Red Flats,56910.jpg
56934,Women,Footwear,Shoes,Silver,Winter,2012.0,Casual,HM Women Silver Flats,56934.jpg
37970,Women,Footwear,Shoes,Black,Fall,2012.0,Formal,Clarks Women Chart Leather Black Formal Shoes,37970.jpg
49827,Women,Footwear,Shoes,Brown,Winter,2012.0,Casual,iPanema Women Gold Flats,49827.jpg
45341,Women,Footwear,Shoes,Beige,Summer,2016.0,Casual,Cobblerz Women Beige & Green Sandals,45341.jpg
47574,Women,Footwear,Shoes,White,Winter,2012.0,Casual,Portia Women White Wedges,47574.jpg
49615,Women,Footwear,Shoes,Brown,Winter,2015.0,Casual,Catwalk Women Brown Heels,49615.jpg
20899,Women,Footwear,Shoes,White,Winter,2015.0,Casual,Catwalk Women White Casual Flats,20899.jpg
14425,Women,Footwear,Shoes,Tan,Summer,2012.0,Casual,Enroute Women Casual Tan Flats,14425.jpg
14381,Women,Footwear,Shoes,Brown,Winter,2015.0,Casual,Catwalk Women Casual Brown Sandals,14381.jpg
45376,Women,Footwear,Shoes,Brown,Summer,2016.0,Casual,Cobblerz Women Brown Sandals,45376.jpg
35803,Women,Footwear,Shoes,Tan,Summer,2012.0,Casual,Enroute Women Tan Flats,35803.jpg
56923,Women,Footwear,Shoes,Orange,Winter,2012.0,Casual,HM Women Orange Flats,56923.jpg
41737,Women,Footwear,Shoes,Black,Winter,2012.0,Casual,Catwalk Women Black Heels,41737.jpg
20281,Women,Footwear,Shoes,Pink,Winter,2015.0,Casual,Catwalk Women Casual Pink Flats,20281.jpg
59034,Women,Footwear,Shoes,Bronze,Winter,2012.0,Casual,Carlton London Women Black Heels,59034.jpg
56909,Women,Footwear,Shoes,Green,Winter,2012.0,Casual,HM Women Green Flats,56909.jpg
19038,Women,Footwear,Shoes,Beige,Winter,2015.0,Casual,Catwalk Women Beige Heels,19038.jpg
56872,Women,Footwear,Shoes,Red,Winter,2012.0,Casual,HM Women Red Sandals,56872.jpg
14462,Women,Footwear,Shoes,Gold,Summer,2012.0,Casual,Enroute Women Casual Gold Peep Toes,14462.jpg
14451,Women,Footwear,Shoes,Multi,Summer,2012.0,Casual,Enroute Women Casual Multi Flats,14451.jpg
14433,Women,Footwear,Shoes,Brown,Summer,2012.0,Casual,Enroute Women Casual Brown Flats,14433.jpg
35341,Women,Footwear,Shoes,Brown,Summer,2012.0,Casual,Senorita Women Brown Heels,35341.jpg
13044,Women,Footwear,Shoes,Black,Winter,2012.0,Casual,Inc 5 Women Casual Black Wedges,13044.jpg
56989,Women,Footwear,Shoes,Brown,Winter,2012.0,Casual,HM Women Brown Flats,56989.jpg
2876,Women,Footwear,Shoes,Black,Winter,2015.0,Casual,Catwalk Women Party Heeled Strap Black Heels,2876.jpg
14466,Women,Footwear,Shoes,Taupe,Summer,2012.0,Casual,Enroute Women Casual Taupe Heels,14466.jpg
43943,Women,Footwear,Shoes,Black,Winter,2012.0,Casual,Catwalk Women Black Heels,43943.jpg
35788,Women,Footwear,Shoes,Black,Summer,2012.0,Casual,Enroute Women Black Heels,35788.jpg
11503,Women,Footwear,Shoes,Blue,Spring,2013.0,Casual,Catwalk Women Lifestyle Blue Flats,11503.jpg
56866,Women,Footwear,Shoes,Brown,Winter,2012.0,Casual,HM Women Brown Flats,56866.jpg
55642,Women,Footwear,Shoes,Black,Winter,2015.0,Casual,Catwalk Women Black Peep Toes,55642.jpg
39567,Women,Footwear,Shoes,Blue,Winter,2015.0,Casual,Catwalk Women Blue Flats,39567.jpg
13033,Women,Footwear,Shoes,Black,Winter,2012.0,Casual,Inc 5 Women Casual Black Heels,13033.jpg
59142,Women,Footwear,Shoes,Brown,Fall,2012.0,Casual,Tiptopp Women Brown Sandals,59142.jpg
18558,Women,Footwear,Shoes,Tan,Winter,2015.0,Casual,Catwalk Women Casual Tan Heels,18558.jpg
49584,Women,Footwear,Shoes,Black,Winter,2015.0,Casual,Catwalk Women Black Heels,49584.jpg
14429,Women,Footwear,Shoes,Black,Summer,2012.0,Casual,Enroute Women Casual Black Heels,14429.jpg
44465,Women,Footwear,Shoes,Red,Summer,2012.0,Casual,Senorita Women Red Wedges,44465.jpg
56969,Women,Footwear,Shoes,Black,Winter,2012.0,Casual,HM Women Brown Flats,56969.jpg
53457,Women,Footwear,Shoes,Red,Winter,2015.0,Casual,Catwalk Women Red Wedges,53457.jpg
50145,Women,Footwear,Shoes,Black,Winter,2012.0,Casual,Rocia Women Black Flats,50145.jpg
15492,Women,Footwear,Shoes,Black,Summer,2015.0,Formal,Carlton London Women Black Heels,15492.jpg
20907,Women,Footwear,Shoes,Gold,Winter,2015.0,Casual,Catwalk Women Casual Gold Sandals,20907.jpg
41713,Women,Footwear,Shoes,Orange,Spring,2013.0,Casual,Catwalk Women Orange Wedges,41713.jpg
22255,Women,Footwear,Shoes,Green,Winter,2012.0,Casual,Inc. 5 Women Casual Green Flats,22255.jpg
45364,Women,Footwear,Shoes,Beige,Summer,2016.0,Casual,Cobblerz Women Beige Sandals,45364.jpg
35806,Women,Footwear,Shoes,Orange,Summer,2012.0,Casual,Enroute Women Orange Flats,35806.jpg
22539,Women,Footwear,Shoes,Brown,Winter,2012.0,Casual,Inc.5  Women Grey Flats,22539.jpg
39576,Women,Footwear,Shoes,Black,Winter,2015.0,Casual,Catwalk Women Black Flats,39576.jpg
6302,Women,Footwear,Shoes,Black,Winter,2015.0,Casual,Catwalk Black Slip-on Flat Shoes,6302.jpg
56962,Women,Footwear,Shoes,Brown,Winter,2012.0,Casual,HM Women Brown Flats,56962.jpg
56963,Women,Footwear,Shoes,Black,Winter,2012.0,Casual,HM Women Black Flats,56963.jpg
18543,Women,Footwear,Shoes,Black,Winter,2015.0,Casual,Catwalk Women  Black Heels,18543.jpg
46611,Women,Footwear,Shoes,Brown,Summer,2012.0,Casual,Catwalk Women Brown Heels,46611.jpg
59187,Women,Footwear,Shoes,Maroon,Summer,2012.0,Casual,Senorita Women Maroon Heels,59187.jpg
50154,Women,Footwear,Shoes,Beige,Winter,2012.0,Casual,Rocia Women Beige Leopard Print Heels,50154.jpg
45327,Women,Footwear,Shoes,Yellow,Summer,2016.0,Casual,Cobblerz Women Yellow & Orange Sandals,45327.jpg
39589,Women,Footwear,Shoes,Silver,Winter,2015.0,Casual,Catwalk Women Silver Heels,39589.jpg
17676,Women,Footwear,Shoes,Black,Winter,2015.0,Casual,Catwalk Women Weaved Strap Black Flats,17676.jpg
13144,Women,Footwear,Shoes,Black,Winter,2012.0,Casual,Inc 5 Women Casual Black Heels,13144.jpg
19026,Women,Footwear,Shoes,Beige,Winter,2015.0,Casual,Catwalk Women Peep Toe Beige Peep Toes,19026.jpg
59212,Women,Footwear,Shoes,Beige,Fall,2012.0,Casual,Senorita Women Beige Flats,59212.jpg
54131,Women,Footwear,Shoes,Brown,Winter,2012.0,Casual,Rocia Women Brown Sandals,54131.jpg
39621,Women,Footwear,Shoes,Brown,Winter,2012.0,Casual,Catwalk Women Golden Heels,39621.jpg
39578,Women,Footwear,Shoes,Bronze,Winter,2015.0,Casual,Catwalk Women Bronze Heels,39578.jpg
50151,Women,Footwear,Shoes,Black,Winter,2012.0,Casual,Rocia Women Black Flats,50151.jpg
20272,Women,Footwear,Shoes,Silver,Winter,2015.0,Casual,Catwalk Women Casual Silver Flats,20272.jpg
20760,Women,Footwear,Shoes,Black,Winter,2012.0,Casual,Carlton London Women Casual Black Wedges,20760.jpg
56928,Women,Footwear,Shoes,Brown,Winter,2012.0,Casual,HM Women Brown Flats,56928.jpg
47606,Women,Footwear,Shoes,White,Winter,2012.0,Casual,Portia Women White Wedges,47606.jpg
46589,Women,Footwear,Shoes,Gold,Spring,2013.0,Casual,Catwalk Women Golden Flats,46589.jpg
44458,Women,Footwear,Shoes,Black,Summer,2012.0,Casual,Senorita Women Black Sandals,44458.jpg
45788,Women,Footwear,Shoes,Brown,Summer,2012.0,Casual,Senorita Women Brown Sandals,45788.jpg
15566,Women,Footwear,Shoes,Brown,Winter,2015.0,Casual,Catwalk Women Brown Heels,15566.jpg
27075,Women,Footwear,Shoes,Black,Winter,2015.0,Casual,Catwalk Women Black Heels,27075.jpg
22275,Women,Footwear,Shoes,White,Winter,2012.0,Casual,Inc. 5 Women Casual White Flats,22275.jpg
18559,Women,Footwear,Shoes,Brown,Winter,2015.0,Casual,Catwalk Women Casual Brown Flats,18559.jpg
53149,Women,Footwear,Shoes,Red,Winter,2015.0,Ethnic,Catwalk Women Red Heels,53149.jpg
47626,Women,Footwear,Shoes,Black,Winter,2012.0,Casual,Portia Women Black Wedges,47626.jpg
13019,Women,Footwear,Shoes,Pink,Winter,2012.0,Casual,Inc 5 Women Casual Pink Heels,13019.jpg
53458,Women,Footwear,Shoes,Mustard,Winter,2015.0,Casual,Catwalk Women Mustard Wedges,53458.jpg
14372,Women,Footwear,Shoes,Green,Winter,2015.0,Casual,Catwalk Women Casual Green Flats,14372.jpg
27193,Women,Footwear,Shoes,Blue,Winter,2015.0,Casual,Catwalk Women Blue Flats,27193.jpg
47638,Women,Footwear,Shoes,Black,Winter,2012.0,Casual,Carlton London Women Black Peep Toes,47638.jpg
15569,Women,Footwear,Shoes,Red,Winter,2015.0,Casual,Catwalk Women Casual Red Flats,15569.jpg
50163,Women,Footwear,Shoes,Black,Winter,2012.0,Casual,Rocia Women Black Heels,50163.jpg
49616,Women,Footwear,Shoes,Brown,Winter,2015.0,Casual,Catwalk Women Brown Heels,49616.jpg
56897,Women,Footwear,Shoes,Maroon,Winter,2012.0,Casual,HM Women Maroon Heels,56897.jpg
50164,Women,Footwear,Shoes,White,Winter,2012.0,Casual,Rocia Women White Wedges,50164.jpg
13143,Women,Footwear,Shoes,Silver,Winter,2012.0,Casual,Inc 5 Women Casual Silver Flats,13143.jpg
15491,Women,Footwear,Shoes,Nude,Spring,2013.0,Formal,Carlton London Women Nude Heels,15491.jpg
6342,Women,Footwear,Shoes,Blue,Winter,2015.0,Casual,Catwalk Blue Wedges,6342.jpg
41721,Women,Footwear,Shoes,Brown,Winter,2012.0,Casual,Catwalk Women Brown Heels,41721.jpg
51761,Women,Footwear,Shoes,Brown,Winter,2015.0,Casual,Catwalk Women Brown Peep Toes,51761.jpg
13644,Women,Footwear,Shoes,Silver,Fall,2011.0,Casual,Carlton London Women Casual Silver Flats,13644.jpg
46601,Women,Footwear,Shoes,Gold,Winter,2012.0,Casual,Catwalk Women Gold Coloured Heels,46601.jpg
59045,Women,Footwear,Shoes,Turquoise Blue,Winter,2012.0,Party,Carlton London Women Turquoise Blue Pumps,59045.jpg
45369,Women,Footwear,Shoes,Black,Summer,2016.0,Casual,Cobblerz Women Black Sandals,45369.jpg
33130,Women,Footwear,Shoes,Brown,Winter,2015.0,Casual,Catwalk Women Brown Stilettos,33130.jpg
37969,Women,Footwear,Shoes,Taupe,Fall,2012.0,Casual,Clarks Women Taupe Heels,37969.jpg
59023,Women,Footwear,Shoes,Black,Spring,2013.0,Casual,Carlton London Women Black Flats,59023.jpg
35472,Women,Footwear,Shoes,Gold,Winter,2015.0,Casual,Catwalk Women Gold Sandals,35472.jpg
56959,Women,Footwear,Shoes,Red,Winter,2012.0,Casual,HM Women Red Flats,56959.jpg
35819,Women,Footwear,Shoes,Grey,Summer,2012.0,Casual,Enroute Women Bluish Grey Flats,35819.jpg
32844,Women,Footwear,Shoes,White,Winter,2012.0,Casual,Grendha Women Jola Cigana White Flats,32844.jpg
56924,Women,Footwear,Shoes,Yellow,Winter,2012.0,Casual,HM Women Yellow Flats,56924.jpg
33519,Women,Footwear,Shoes,Black,Summer,2016.0,Casual,Cobblerz Women Black Wedges,33519.jpg
56938,Women,Footwear,Shoes,Brown,Winter,2012.0,Casual,HM Women Brown Heels,56938.jpg
54110,Women,Footwear,Shoes,Black,Winter,2012.0,Casual,Rocia Women Black Flats,54110.jpg
56965,Women,Footwear,Shoes,Maroon,Winter,2012.0,Casual,HM Women Maroon Flats,56965.jpg
14461,Women,Footwear,Shoes,Taupe,Fall,2011.0,Casual,Enroute Women Casual Taupe Wedges,14461.jpg
41473,Women,Footwear,Shoes,Beige,Winter,2012.0,Casual,Carlton London Women Beige Heels,41473.jpg
56880,Women,Footwear,Shoes,Blue,Winter,2012.0,Casual,HM Women Blue Heels,56880.jpg
11508,Women,Footwear,Shoes,Black,Winter,2015.0,Casual,Catwalk Women Lifestyle Black Heels,11508.jpg
39575,Women,Footwear,Shoes,Beige,Winter,2015.0,Casual,Catwalk Women Beige Flats,39575.jpg
56875,Women,Footwear,Shoes,Black,Winter,2012.0,Casual,HM Women Black Heels,56875.jpg
6308,Women,Footwear,Shoes,White,Winter,2015.0,Casual,Catwalk White footwear Flats,6308.jpg
42750,Women,Footwear,Shoes,Brown,Winter,2012.0,Casual,Rocia Women Brown Heels,42750.jpg
50149,Women,Footwear,Shoes,White,Winter,2012.0,Casual,Rocia Women White Flats,50149.jpg
55640,Women,Footwear,Shoes,Silver,Winter,2015.0,Casual,Catwalk Women Silver Heels,55640.jpg
33124,Women,Footwear,Shoes,Black,Winter,2015.0,Casual,Catwalk Women Black Stilettos,33124.jpg
47615,Women,Footwear,Shoes,Black,Fall,2014.0,Casual,Portia Women Black Flats,47615.jpg
57854,Women,Footwear,Shoes,Brown,Winter,2015.0,Casual,Catwalk Women Brown Flats,57854.jpg
56917,Women,Footwear,Shoes,Brown,Winter,2012.0,Casual,HM Women Brown Sandals,56917.jpg
50165,Women,Footwear,Shoes,Black,Winter,2012.0,Casual,Rocia Women Black Wedges,50165.jpg
15544,Women,Footwear,Shoes,Black,Winter,2015.0,Casual,Catwalk Women Casual Black Heels,15544.jpg
33526,Women,Footwear,Shoes,Blue,Summer,2016.0,Casual,Cobblerz Women Blue Sandals,33526.jpg
54108,Women,Footwear,Shoes,Beige,Winter,2012.0,Casual,Rocia Women Beige Flats,54108.jpg
15524,Women,Footwear,Shoes,Grey,Fall,2011.0,Casual,Rockport Women Jeanie Thong Chain Grey Flats,15524.jpg
41734,Women,Footwear,Shoes,Silver,Winter,2012.0,Casual,Catwalk Women Silver Flats,41734.jpg
20898,Women,Footwear,Shoes,Brown,Winter,2015.0,Casual,Catwalk Women Brown  Casual Flats,20898.jpg
56896,Women,Footwear,Shoes,Black,Winter,2012.0,Casual,HM Women Black Heels,56896.jpg
56944,Women,Footwear,Shoes,Green,Winter,2012.0,Casual,HM Women Green Flats,56944.jpg
43930,Women,Footwear,Shoes,Black,Winter,2012.0,Casual,Catwalk Women Black Heeled Shoes,43930.jpg
11507,Women,Footwear,Shoes,Brown,Winter,2015.0,Casual,Catwalk Women Lifestyle Brown Flats,11507.jpg
50161,Women,Footwear,Shoes,White,Winter,2014.0,Casual,Rocia Women White Wedges,50161.jpg
17680,Women,Footwear,Shoes,Grey,Winter,2015.0,Casual,Catwalk Women Flower Grey Heels,17680.jpg
15568,Women,Footwear,Shoes,Green,Winter,2015.0,Casual,Catwalk Women Casual Green Flats,15568.jpg
13548,Women,Footwear,Shoes,Green,Spring,2013.0,Casual,Carlton London Women Casual Green Flats,13548.jpg
56973,Women,Footwear,Shoes,Black,Winter,2012.0,Casual,HM Women Black Heels,56973.jpg
11513,Women,Footwear,Shoes,Blue,Winter,2015.0,Casual,Catwalk Women Lifestyle Blue Flats,11513.jpg
49605,Women,Footwear,Shoes,Brown,Winter,2015.0,Casual,Catwalk Women Brown Heels,49605.jpg
56986,Women,Footwear,Shoes,Black,Winter,2012.0,Casual,HM Women Black Wedges,56986.jpg
32830,Women,Footwear,Shoes,Gold,Winter,2012.0,Casual,iPanema Women Kirey Gold Flats,32830.jpg
57853,Women,Footwear,Shoes,Green,Winter,2015.0,Casual,Catwalk Women Green Flats,57853.jpg
27521,Women,Footwear,Shoes,White,Winter,2015.0,Casual,Catwalk Women White Heels,27521.jpg
30693,Women,Footwear,Shoes,Brown,Winter,2015.0,Casual,Catwalk Women Brown Heels,30693.jpg
43932,Women,Footwear,Shoes,Blue,Winter,2012.0,Casual,Catwalk Women Blue Heels,43932.jpg
21026,Women,Footwear,Shoes,Beige,Summer,2011.0,Casual,Clarks Women Balti Zing Beige Heels,21026.jpg
39620,Women,Footwear,Shoes,Beige,Winter,2015.0,Casual,Catwalk Women Beige Heels,39620.jpg
35802,Women,Footwear,Shoes,Mustard,Summer,2012.0,Casual,Enroute Women Mustard Flats,35802.jpg
18765,Women,Footwear,Shoes,Brown,Winter,2015.0,Casual,Catwalk Women Casual Brown Flats,18765.jpg
19034,Women,Footwear,Shoes,Blue,Winter,2015.0,Casual,Catwalk Women Comfort Blue Flats,19034.jpg
15565,Women,Footwear,Shoes,Gold,Winter,2015.0,Casual,Catwalk Women Casual Gold Heels,15565.jpg
59030,Women,Footwear,Shoes,Black,Winter,2012.0,Casual,Carlton London Women Black Heels,59030.jpg
45359,Women,Footwear,Shoes,White,Summer,2016.0,Casual,Cobblerz Women White Sandals,45359.jpg
47610,Women,Footwear,Shoes,Yellow,Winter,2014.0,Casual,Portia Women Yellow Flats,47610.jpg
57298,Women,Footwear,Shoes,Beige,Winter,2012.0,Casual,Rocia Women Beige Flats,57298.jpg
41706,Women,Footwear,Shoes,Brown,Winter,2012.0,Casual,Catwalk Women Brown Wedges,41706.jpg
47562,Women,Footwear,Shoes,White,Winter,2012.0,Casual,Portia Women White Sandals,47562.jpg
45363,Women,Footwear,Shoes,Beige,Summer,2016.0,Casual,Cobblerz Women Beige Sandals,45363.jpg
32840,Women,Footwear,Shoes,Blue,Winter,2012.0,Casual,Grendha Women Jola Cigana Blue Flats,32840.jpg
20766,Women,Footwear,Shoes,Black,Winter,2012.0,Casual,Carlton London Women Classy Black Heels,20766.jpg
55643,Women,Footwear,Shoes,Beige,Winter,2015.0,Casual,Catwalk Women Beige Heels,55643.jpg
39582,Women,Footwear,Shoes,Brown,Winter,2015.0,Casual,Catwalk Women Brown Flats,39582.jpg
33135,Women,Footwear,Shoes,Bronze,Winter,2015.0,Ethnic,Catwalk Women Bronze Heels,33135.jpg
50157,Women,Footwear,Shoes,Silver,Winter,2012.0,Casual,Rocia Women Silver Toned Heels,50157.jpg
46600,Women,Footwear,Shoes,Silver,Winter,2012.0,Casual,Catwalk Women Silver Toned Flats,46600.jpg
47596,Women,Footwear,Shoes,White,Winter,2012.0,Casual,Portia Women White Sandals,47596.jpg
20904,Women,Footwear,Shoes,Brown,Winter,2015.0,Casual,Catwalk Women  Brown Heels,20904.jpg
55649,Women,Footwear,Shoes,Blue,Winter,2015.0,Ethnic,Catwalk Women Blue Heels,55649.jpg
15497,Women,Footwear,Shoes,Black,Winter,2012.0,Formal,Carlton London Women Casual Black Heels,15497.jpg
13003,Women,Footwear,Shoes,Blue,Winter,2012.0,Casual,Inc 5 Women Casual Blue Flats,13003.jpg
45348,Women,Footwear,Shoes,Black,Summer,2016.0,Casual,Cobblerz Women Black Sandals,45348.jpg
45337,Women,Footwear,Shoes,Black,Summer,2016.0,Casual,Cobblerz Women Black & Grey Sandals,45337.jpg
36618,Women,Footwear,Shoes,Bronze,Winter,2015.0,Casual,Catwalk Women Bronze Flats,36618.jpg
47458,Women,Footwear,Shoes,Black,Summer,2012.0,Casual,Tiptopp Women Black Wedges,47458.jpg
41689,Women,Footwear,Shoes,Red,Winter,2012.0,Casual,Catwalk Women Red Flats,41689.jpg
35363,Women,Footwear,Shoes,Multi,Winter,2012.0,Casual,Senorita Women Multi Coloured Flats,35363.jpg
37963,Women,Footwear,Shoes,Black,Winter,2013.0,Casual,Clarks Women Black Handcrafted Leather Sandals,37963.jpg
20277,Women,Footwear,Shoes,White,Winter,2015.0,Casual,Catwalk Women Casual White Flats,20277.jpg
15563,Women,Footwear,Shoes,Yellow,Winter,2015.0,Casual,Catwalk Women Casual Yellow Flats,15563.jpg
11492,Women,Footwear,Shoes,Brown,Winter,2015.0,Casual,Catwalk Women Bronze Brown Wedges,11492.jpg
57858,Women,Footwear,Shoes,Brown,Winter,2015.0,Casual,Catwalk Women Brown Flats,57858.jpg
46593,Women,Footwear,Shoes,Beige,Winter,2012.0,Casual,Catwalk Women Beige Heels,46593.jpg
21720,Women,Footwear,Shoes,Black,Winter,2015.0,Casual,Catwalk Women Casual Black Heels,21720.jpg
39203,Women,Footwear,Shoes,Multi,Winter,2015.0,Casual,Catwalk Women Multi Colour Flats,39203.jpg
56861,Women,Footwear,Shoes,Blue,Winter,2012.0,Casual,HM Women Blue Flats,56861.jpg
36620,Women,Footwear,Shoes,Yellow,Winter,2015.0,Casual,Catwalk Women Yellow Flats,36620.jpg
55653,Women,Footwear,Shoes,Green,Winter,2015.0,Casual,Catwalk Women Green Flats,55653.jpg
14476,Women,Footwear,Shoes,Blue,Summer,2012.0,Casual,Enroute Women Steelblue Heels,14476.jpg
50152,Women,Footwear,Shoes,Cream,Winter,2012.0,Casual,Rocia Women Cream Heels,50152.jpg
56862,Women,Footwear,Shoes,Brown,Winter,2012.0,Casual,HM Women Brown Flats,56862.jpg
34458,Women,Footwear,Shoes,Black,Winter,2012.0,Formal,Rocia Women Black Wedges,34458.jpg
33515,Women,Footwear,Shoes,Tan,Summer,2016.0,Casual,Cobblerz Women Tan Brown Pumps,33515.jpg
20278,Women,Footwear,Shoes,Black,Winter,2015.0,Casual,Catwalk Women Casual Black Flats,20278.jpg
53150,Women,Footwear,Shoes,Green,Winter,2015.0,Casual,Catwalk Women Green Heels,53150.jpg
56931,Women,Footwear,Shoes,Gold,Winter,2012.0,Casual,HM Women Golden Flats,56931.jpg
14367,Women,Footwear,Shoes,Brown,Winter,2015.0,Casual,Catwalk Women Casual Brown Flats,14367.jpg
20730,Women,Footwear,Shoes,Black,Summer,2012.0,Casual,Enroute Women Black Peep Toes,20730.jpg
55635,Women,Footwear,Shoes,Gold,Winter,2015.0,Casual,Catwalk Women Gold Heels,55635.jpg
57304,Women,Footwear,Shoes,Brown,Winter,2012.0,Casual,Rocia Women Brown Wedges,57304.jpg
56903,Women,Footwear,Shoes,Blue,Winter,2012.0,Casual,HM Women Blue Heels,56903.jpg
54124,Women,Footwear,Shoes,Black,Winter,2012.0,Casual,Rocia Women Black Flats,54124.jpg
45350,Women,Footwear,Shoes,Black,Summer,2016.0,Casual,Cobblerz Women Black Sandals,45350.jpg
33087,Women,Footwear,Shoes,Brown,Winter,2015.0,Casual,Catwalk Women Brown Flats,33087.jpg
56968,Women,Footwear,Shoes,Black,Winter,2012.0,Casual,HM Women Black Flats,56968.jpg
15489,Women,Footwear,Shoes,Black,Spring,2013.0,Formal,Carlton London Women Black Solid Pumps,15489.jpg
46587,Women,Footwear,Shoes,Brown,Summer,2012.0,Casual,Catwalk Women Brown Flats,46587.jpg
2897,Women,Footwear,Shoes,Silver,Winter,2015.0,Casual,Catwalk Women Golden Heels,2897.jpg
46603,Women,Footwear,Shoes,Gold,Summer,2012.0,Casual,Catwalk Women Gold Toned Wedges,46603.jpg
39594,Women,Footwear,Shoes,Black,Winter,2015.0,Casual,Catwalk Women Black Stilettos,39594.jpg
43944,Women,Footwear,Shoes,Gold,Winter,2012.0,Casual,Catwalk Women Golden Heels,43944.jpg
54127,Women,Footwear,Shoes,Black,Winter,2012.0,Casual,Rocia Women Black Heels,54127.jpg
20266,Women,Footwear,Shoes,White,Winter,2015.0,Casual,Catwalk Women Casual White Heels,20266.jpg
53868,Women,Footwear,Shoes,Brown,Winter,2012.0,Casual,Rocia Women Brown Flats,53868.jpg
32858,Women,Footwear,Shoes,Beige,Winter,2012.0,Casual,Grendha Women Beige Flats,32858.jpg
6298,Women,Footwear,Shoes,Blue,Winter,2015.0,Casual,Catwalk Summer Blue Flats,6298.jpg
14369,Women,Footwear,Shoes,Black,Winter,2015.0,Casual,Catwalk Women Casual Black Heels,14369.jpg
39873,Women,Footwear,Shoes,Silver,Winter,2012.0,Casual,Catwalk Women Silver Flats,39873.jpg
13559,Women,Footwear,Shoes,Black,Spring,2013.0,Casual,Carlton London Women Casual Black Flats,13559.jpg
14363,Women,Footwear,Shoes,Beige,Winter,2015.0,Casual,Catwalk Women Casual Beige Flats,14363.jpg
53144,Women,Footwear,Shoes,Red,Winter,2015.0,Casual,Catwalk Women Red Sandals,53144.jpg
43928,Women,Footwear,Shoes,White,Winter,2012.0,Casual,Catwalk Women White Heels,43928.jpg
39200,Women,Footwear,Shoes,Black,Winter,2015.0,Casual,Catwalk Women Black Heels,39200.jpg
14365,Women,Footwear,Shoes,Beige,Winter,2015.0,Casual,Catwalk Women Casual Beige Flats,14365.jpg
45365,Women,Footwear,Shoes,Black,Summer,2016.0,Casual,Cobblerz Women Black Sandals,45365.jpg
2910,Women,Footwear,Shoes,Brown,Winter,2015.0,Casual,Catwalk Women Wedding Collection Bronze Heels,2910.jpg
59757,Women,Footwear,Shoes,Black,Winter,2012.0,Casual,Rocia Women Black Flats,59757.jpg
41718,Women,Footwear,Shoes,Blue,Winter,2012.0,Casual,Catwalk Women Blue Flats,41718.jpg
33102,Women,Footwear,Shoes,Blue,Winter,2015.0,Casual,Catwalk Women Blue Flats,33102.jpg
14431,Women,Footwear,Shoes,Black,Summer,2012.0,Casual,Enroute Women Casual Black Flats,14431.jpg
2880,Women,Footwear,Shoes,Grey,Summer,2016.0,Formal,Catwalk Women Leather Formal Grey Heels,2880.jpg
14396,Women,Footwear,Shoes,Navy Blue,Fall,2011.0,Casual,Enroute Women Casual Navy Flats,14396.jpg
50148,Women,Footwear,Shoes,Black,Winter,2012.0,Casual,Rocia Women Black Flats,50148.jpg
22257,Women,Footwear,Shoes,Black,Winter,2012.0,Casual,Inc. 5 Women Casual Black Heels,22257.jpg
47577,Women,Footwear,Shoes,Maroon,Winter,2012.0,Casual,Portia Women Maroon Wedges,47577.jpg
54123,Women,Footwear,Shoes,Brown,Winter,2012.0,Casual,Rocia Women Brown Flats,54123.jpg
35471,Women,Footwear,Shoes,Blue,Winter,2015.0,Casual,Catwalk Women Blue Flats,35471.jpg
56913,Women,Footwear,Shoes,Yellow,Winter,2012.0,Casual,HM Women Yellow Flats,56913.jpg
39603,Women,Footwear,Shoes,Black,Winter,2015.0,Casual,Catwalk Women Black Heels,39603.jpg
35797,Women,Footwear,Shoes,Copper,Summer,2012.0,Casual,Enroute Women Copper Flats,35797.jpg
27520,Women,Footwear,Shoes,Grey,Winter,2015.0,Casual,Catwalk Women Grey Heels,27520.jpg
33133,Women,Footwear,Shoes,Black,Winter,2015.0,Casual,Catwalk Women Black Stilettos,33133.jpg
11498,Women,Footwear,Shoes,White,Winter,2015.0,Casual,Catwalk Women Lifestyle White Heels,11498.jpg
46608,Women,Footwear,Shoes,Silver,Winter,2012.0,Casual,Catwalk Women Silver Heels,46608.jpg
45366,Women,Footwear,Shoes,Brown,Summer,2016.0,Casual,Cobblerz Women Brown Sandals,45366.jpg
49621,Women,Footwear,Shoes,Brown,Winter,2015.0,Casual,Catwalk Women Brown Heels,49621.jpg
59143,Women,Footwear,Shoes,Black,Summer,2012.0,Casual,Tiptopp Women Black Sandals,59143.jpg
43934,Women,Footwear,Shoes,Black,Winter,2012.0,Casual,Catwalk Women Black Heels,43934.jpg
49581,Women,Footwear,Shoes,Black,Winter,2015.0,Casual,Catwalk Women Black Heels,49581.jpg
39583,Women,Footwear,Shoes,Red,Summer,2016.0,Casual,Catwalk Women Red Flats,39583.jpg
33094,Women,Footwear,Shoes,Beige,Winter,2015.0,Casual,Catwalk Women Beige Flats,33094.jpg
41740,Women,Footwear,Shoes,Black,Spring,2013.0,Casual,Catwalk Women Black Wedges,41740.jpg
57303,Women,Footwear,Shoes,Brown,Winter,2012.0,Casual,Rocia Women Brown Wedges,57303.jpg
20274,Women,Footwear,Shoes,White,Winter,2015.0,Casual,Catwalk Women Casual White Flats,20274.jpg
19023,Women,Footwear,Shoes,Silver,Winter,2015.0,Casual,Catwalk Women Sequins Sliver Heels,19023.jpg
56966,Women,Footwear,Shoes,Black,Winter,2012.0,Casual,HM Women Black Flats,56966.jpg
59018,Women,Footwear,Shoes,Black,Winter,2012.0,Formal,Carlton London Women Black Pumps,59018.jpg
32857,Women,Footwear,Shoes,Blue,Winter,2012.0,Casual,Grendha Women Vicky Ad Blue Flats,32857.jpg
46594,Women,Footwear,Shoes,Beige,Spring,2013.0,Casual,Catwalk Women Beige Flats,46594.jpg
59047,Women,Footwear,Shoes,Black,Winter,2012.0,Casual,Carlton London Women Black Heels,59047.jpg
53132,Women,Footwear,Shoes,Grey,Winter,2015.0,Casual,Catwalk Women Grey Flats,53132.jpg
59024,Women,Footwear,Shoes,Brown,Winter,2012.0,Casual,Carlton London Women Brown Flats,59024.jpg
30691,Women,Footwear,Shoes,Silver,Winter,2015.0,Casual,Catwalk Women Silver Heels,30691.jpg
59046,Women,Footwear,Shoes,White,Winter,2012.0,Casual,Carlton London Women White Heels,59046.jpg
43931,Women,Footwear,Shoes,White,Winter,2012.0,Casual,Catwalk Women White Heeled Shoes,43931.jpg
2890,Women,Footwear,Shoes,Brown,Winter,2015.0,Casual,Catwalk Women Leather Brown Cut Flats,2890.jpg
41682,Women,Footwear,Shoes,Black,Winter,2012.0,Casual,Catwalk Women Black Heels,41682.jpg
33116,Women,Footwear,Shoes,Black,Winter,2015.0,Casual,Catwalk Women Black Stilettos,33116.jpg
36616,Women,Footwear,Shoes,Brown,Winter,2015.0,Casual,Catwalk Women Brown Wedges,36616.jpg
56869,Women,Footwear,Shoes,Black,Winter,2012.0,Casual,HM Women Black Flats,56869.jpg
35810,Women,Footwear,Shoes,Bronze,Summer,2012.0,Casual,Enroute Women Bronze Flats,35810.jpg
46581,Women,Footwear,Shoes,Black,Summer,2016.0,Casual,Catwalk Women Black Heels,46581.jpg
19047,Women,Footwear,Shoes,Multi,Winter,2015.0,Casual,Catwalk Women Multi Flats,19047.jpg
56935,Women,Footwear,Shoes,Blue,Winter,2012.0,Casual,HM Women Blue Flats,56935.jpg
45328,Women,Footwear,Shoes,Black,Summer,2016.0,Casual,Cobblerz Women Black Heels,45328.jpg
22294,Women,Footwear,Shoes,Beige,Winter,2012.0,Casual,Inc. 5 Women Casual Beige Flats,22294.jpg
14390,Women,Footwear,Shoes,Brown,Winter,2015.0,Casual,Catwalk Women Casual Brown Heels,14390.jpg
39208,Women,Footwear,Shoes,Beige,Winter,2015.0,Casual,Catwalk Women Beige Heels,39208.jpg
13000,Women,Footwear,Shoes,Black,Winter,2012.0,Casual,Inc 5 Women Casual Black Heels,13000.jpg
14389,Women,Footwear,Shoes,Brown,Winter,2015.0,Casual,Catwalk Women Brown Heels,14389.jpg
11518,Women,Footwear,Shoes,Grey,Winter,2015.0,Casual,Catwalk Women Gun Metal Grey Heels,11518.jpg
14409,Women,Footwear,Shoes,White,Summer,2012.0,Casual,Enroute Women Casual White Heels,14409.jpg
46590,Women,Footwear,Shoes,Green,Summer,2016.0,Casual,Catwalk Women Green Heels,46590.jpg
3139,Women,Footwear,Shoes,Brown,Winter,2015.0,Ethnic,Catwalk Women Ethnic Strap Brown Flats,3139.jpg
56859,Women,Footwear,Shoes,Blue,Winter,2012.0,Casual,HM Women Blue Flats,56859.jpg
44464,Women,Footwear,Shoes,Black,Summer,2013.0,Casual,Senorita Women Black Wedges,44464.jpg
56925,Women,Footwear,Shoes,Multi,Winter,2012.0,Casual,HM Women Multi Coloured Flats,56925.jpg
50783,Women,Footwear,Shoes,Black,Winter,2015.0,Casual,Clarks Women Black Onslow Beat Leather Wedges,50783.jpg
41677,Women,Footwear,Shoes,Beige,Spring,2013.0,Casual,Catwalk Women Beige Heels,41677.jpg
11512,Women,Footwear,Shoes,Brown,Winter,2015.0,Casual,Catwalk Women Bronze Brown Wedges,11512.jpg
17663,Women,Footwear,Shoes,Brown,Winter,2015.0,Casual,Catwalk Women Pumps Brown Heels,17663.jpg
54141,Women,Footwear,Shoes,Brown,Winter,2012.0,Casual,Rocia Women Brown Sandals,54141.jpg
46819,Women,Footwear,Shoes,Silver,Summer,2016.0,Casual,Catwalk Women Silver Flats,46819.jpg
32813,Women,Footwear,Shoes,Purple,Winter,2012.0,Casual,iPanema Women Ritmos Purple Flats,32813.jpg
14438,Women,Footwear,Shoes,Yellow,Summer,2012.0,Casual,Enroute Women Casual Yellow Heels,14438.jpg
59759,Women,Footwear,Shoes,Black,Winter,2012.0,Casual,Rocia Women Black Flats,59759.jpg
49609,Women,Footwear,Shoes,Brown,Winter,2015.0,Casual,Catwalk Women Brown Heels,49609.jpg
53136,Women,Footwear,Shoes,Black,Winter,2015.0,Casual,Catwalk Women Black Heels,53136.jpg
14373,Women,Footwear,Shoes,Brown,Winter,2015.0,Casual,Catwalk Women Casual Brown Flats,14373.jpg
35378,Women,Footwear,Shoes,Green,Summer,2012.0,Casual,Senorita Women Green Flats,35378.jpg
56894,Women,Footwear,Shoes,Black,Winter,2012.0,Casual,HM Women Black Heels,56894.jpg
45784,Women,Footwear,Shoes,Black,Fall,2012.0,Casual,Senorita Women Black Sandals,45784.jpg
21723,Women,Footwear,Shoes,Beige,Winter,2015.0,Casual,Catwalk Women Casual Beige Heels,21723.jpg
39592,Women,Footwear,Shoes,Yellow,Winter,2015.0,Casual,Catwalk Women Yellow Wedges,39592.jpg
35469,Women,Footwear,Shoes,Multi,Winter,2015.0,Casual,Catwalk Women Beads Multi Coloured Flats,35469.jpg
13016,Women,Footwear,Shoes,Brown,Winter,2012.0,Casual,Inc 5 Women Casual Brown Wedges,13016.jpg
45321,Women,Footwear,Shoes,Beige,Summer,2016.0,Casual,Cobblerz Women Beige & Pink Peep Toes,45321.jpg
13027,Women,Footwear,Shoes,Gold,Winter,2012.0,Casual,Inc 5 Women Casual Gold Flats,13027.jpg
56947,Women,Footwear,Shoes,Gold,Winter,2012.0,Casual,HM Women Golden Heels,56947.jpg
13035,Women,Footwear,Shoes,Black,Winter,2012.0,Casual,Inc 5 Women Casual Black Heels,13035.jpg
11500,Women,Footwear,Shoes,Black,Winter,2015.0,Casual,Catwalk Women Lifestyle Black Heels,11500.jpg
56886,Women,Footwear,Shoes,Black,Winter,2012.0,Casual,HM Women Black Heels,56886.jpg
54134,Women,Footwear,Shoes,Brown,Winter,2012.0,Casual,Rocia Women Brown Heels,54134.jpg
35796,Women,Footwear,Shoes,Black,Summer,2012.0,Casual,Enroute Women Black Flats,35796.jpg
45354,Women,Footwear,Shoes,White,Summer,2016.0,Casual,Cobblerz Women White Sandals,45354.jpg
39196,Women,Footwear,Shoes,White,Winter,2015.0,Casual,Catwalk Women White Flats,39196.jpg
18556,Women,Footwear,Shoes,Brown,Winter,2015.0,Casual,Catwalk Women Casual Brown Flats,18556.jpg
13002,Women,Footwear,Shoes,Red,Winter,2012.0,Casual,Inc 5 Women Casual Red Flats,13002.jpg
47563,Women,Footwear,Shoes,Black,Winter,2012.0,Casual,Portia Women Black Sandals,47563.jpg
27081,Women,Footwear,Shoes,Gold,Winter,2015.0,Casual,Catwalk Women Gold Flats,27081.jpg
24077,Women,Footwear,Shoes,Brown,Winter,2015.0,Casual,Catwalk Women Brown Sandals,24077.jpg
14378,Women,Footwear,Shoes,White,Winter,2015.0,Casual,Catwalk Women Casual White Flats,14378.jpg
47612,Women,Footwear,Shoes,Black,Winter,2012.0,Casual,Portia Women Black Wedges,47612.jpg
47608,Women,Footwear,Shoes,Blue,Winter,2012.0,Casual,Portia Women Blue Flats,47608.jpg
45821,Women,Footwear,Shoes,Red,Summer,2012.0,Casual,Senorita Women Red Flats,45821.jpg
33517,Women,Footwear,Shoes,Black,Summer,2016.0,Casual,Cobblerz Women Black Peep Toes,33517.jpg
41717,Women,Footwear,Shoes,Black,Winter,2012.0,Casual,Catwalk Women Black Wedges,41717.jpg
49583,Women,Footwear,Shoes,Orange,Winter,2015.0,Casual,Catwalk Women Orange Flats,49583.jpg
55651,Women,Footwear,Shoes,Blue,Winter,2015.0,Casual,Catwalk Women Blue Flats,55651.jpg
11506,Women,Footwear,Shoes,Grey,Winter,2015.0,Casual,Catwalk Women Lifestyle Grey Flats,11506.jpg
2878,Women,Footwear,Shoes,Brown,Winter,2015.0,Casual,Catwalk Women Royalty Brown Flats,2878.jpg
45340,Women,Footwear,Shoes,Silver,Summer,2016.0,Party,Cobblerz Women Silver-Toned Sandals,45340.jpg
51759,Women,Footwear,Shoes,Beige,Winter,2015.0,Casual,Catwalk Women Beige Peep Toes,51759.jpg
18557,Women,Footwear,Shoes,Black,Winter,2015.0,Casual,Catwalk Women Casual Black Heels,18557.jpg
2894,Women,Footwear,Shoes,Multi,Winter,2015.0,Casual,Catwalk Women Ethnic Flat Multi Color Flats,2894.jpg
27082,Women,Footwear,Shoes,Brown,Winter,2015.0,Casual,Catwalk Women Brown Flats,27082.jpg
2885,Women,Footwear,Shoes,Beige,Winter,2015.0,Casual,Catwalk Women Leather Cut Boot Beige Flats,2885.jpg
39195,Women,Footwear,Shoes,Gold,Winter,2015.0,Casual,Catwalk Women Gold Heels,39195.jpg
54125,Women,Footwear,Shoes,Brown,Winter,2012.0,Casual,Rocia Women Brown Heels,54125.jpg
32812,Women,Footwear,Shoes,Black,Winter,2012.0,Casual,iPanema Women Ritmos Black Flats,32812.jpg
15545,Women,Footwear,Shoes,Black,Winter,2015.0,Casual,Catwalk Women Casual Black Flats,15545.jpg
41670,Women,Footwear,Shoes,Gold,Winter,2012.0,Casual,Catwalk Women Golden Heels,41670.jpg
49607,Women,Footwear,Shoes,Brown,Winter,2015.0,Casual,Catwalk Women Brown Heeled Shoes,49607.jpg
45795,Women,Footwear,Shoes,Black,Summer,2012.0,Casual,Senorita Women Black Sandals,45795.jpg
39868,Women,Footwear,Shoes,Brown,Winter,2012.0,Casual,Catwalk Women Brown Flats,39868.jpg
54135,Women,Footwear,Shoes,Gold,Winter,2012.0,Casual,Rocia Women Golden Flats,54135.jpg
49614,Women,Footwear,Shoes,Brown,Winter,2015.0,Casual,Catwalk Women Brown Heels,49614.jpg
45817,Women,Footwear,Shoes,Brown,Summer,2012.0,Casual,Senorita Women Brown Flats,45817.jpg
47598,Women,Footwear,Shoes,Black,Winter,2012.0,Casual,Portia Women Black Wedges,47598.jpg
56904,Women,Footwear,Shoes,Blue,Winter,2012.0,Casual,HM Women Blue Flats,56904.jpg
39207,Women,Footwear,Shoes,Black,Winter,2015.0,Casual,Catwalk Women Black Sandals,39207.jpg
32826,Women,Footwear,Shoes,Grey,Winter,2012.0,Casual,iPanema Women Premium Grey Flats,32826.jpg
45811,Women,Footwear,Shoes,Yellow,Summer,2012.0,Casual,Senorita Women Yellow Flats,45811.jpg
45339,Women,Footwear,Shoes,Gold,Summer,2016.0,Casual,Cobblerz Women Gold-Toned Sandals,45339.jpg
14401,Women,Footwear,Shoes,Blue,Summer,2012.0,Casual,Enroute Women Steelblue Heels,14401.jpg
47618,Women,Footwear,Shoes,Pink,Winter,2012.0,Casual,Portia Women Pink Flats,47618.jpg
55639,Women,Footwear,Shoes,Black,Winter,2015.0,Casual,Catwalk Women Black Heels,55639.jpg
41705,Women,Footwear,Shoes,Blue,Winter,2012.0,Casual,Catwalk Women Blue Wedges,41705.jpg
33533,Women,Footwear,Shoes,Black,Summer,2016.0,Casual,Cobblerz Women Black Pumps,33533.jpg
33535,Women,Footwear,Shoes,Black,Summer,2016.0,Casual,Cobblerz Women Black & Maroon Pumps,33535.jpg
39194,Women,Footwear,Shoes,Silver,Winter,2015.0,Casual,Catwalk Women Silver Heels,39194.jpg
41702,Women,Footwear,Shoes,Brown,Winter,2012.0,Casual,Catwalk Women Brown Wedges,41702.jpg
35358,Women,Footwear,Shoes,Black,Summer,2012.0,Casual,Senorita Women Black Flats,35358.jpg
13553,Women,Footwear,Shoes,Brown,Fall,2011.0,Casual,Carlton London Brown Flats,13553.jpg
45825,Women,Footwear,Shoes,Black,Summer,2012.0,Casual,Senorita Women Black Flats,45825.jpg
59760,Women,Footwear,Shoes,White,Winter,2012.0,Casual,Rocia Women White Flats,59760.jpg
11496,Women,Footwear,Shoes,Grey,Winter,2015.0,Casual,Catwalk Women Gun Metal Grey Flats,11496.jpg
14411,Women,Footwear,Shoes,Silver,Summer,2012.0,Casual,Enroute Women Silver Heels,14411.jpg
49587,Women,Footwear,Shoes,Multi,Winter,2015.0,Casual,Catwalk Women Multi Coloured Heels,49587.jpg
36832,Women,Apparel,Topwear,Green,Summer,2012.0,Ethnic,Vishudh Women Green White & Green Kurta,36832.jpg
58658,Women,Apparel,Topwear,Green,Summer,2012.0,Ethnic,ALayna Women Green Kurta,58658.jpg
12789,Women,Apparel,Topwear,White,Fall,2011.0,Ethnic,Mother Earth Women Sajiya Collt White Kurtas,12789.jpg
22031,Women,Apparel,Topwear,Blue,Fall,2011.0,Ethnic,Vishudh Women Printed Blue Kurta,22031.jpg
39452,Women,Apparel,Topwear,Blue,Summer,2012.0,Ethnic,Diva Women Printed Blue Kurta,39452.jpg
12089,Women,Apparel,Topwear,Brown,Fall,2011.0,Ethnic,W Women Brown Printed Kurta,12089.jpg
52100,Women,Apparel,Topwear,Red,Summer,2012.0,Ethnic,Myntra Women Red Printed Kurta,52100.jpg
59369,Women,Apparel,Topwear,Black,Summer,2012.0,Ethnic,Vishudh Women Black & White Kurta,59369.jpg
31698,Women,Apparel,Topwear,Pink,Summer,2012.0,Ethnic,Folklore Women Printed Pink Kurta,31698.jpg
58645,Women,Apparel,Topwear,White,Summer,2012.0,Ethnic,ALayna Women Printed White Kurta,58645.jpg
22052,Women,Apparel,Topwear,Maroon,Fall,2011.0,Ethnic,Vishudh Women Printed Maroon Kurta,22052.jpg
11616,Women,Apparel,Topwear,Green,Summer,2011.0,Ethnic,W Women Solid Green Kurtas,11616.jpg
58666,Women,Apparel,Topwear,Navy Blue,Summer,2012.0,Ethnic,ALayna Women Navy Blue Kurta,58666.jpg
39173,Women,Apparel,Topwear,Red,Summer,2012.0,Ethnic,Aneri Women Red Kurta,39173.jpg
24533,Women,Apparel,Topwear,Pink,Fall,2011.0,Ethnic,Mother Earth Women Pink Printed Kurta,24533.jpg
18274,Women,Apparel,Topwear,Purple,Fall,2011.0,Ethnic,Aneri Women Niti Purple Kurta,18274.jpg
28965,Women,Apparel,Topwear,White,Summer,2012.0,Ethnic,BIBA Women Ethnic White Kurta,28965.jpg
11564,Women,Apparel,Topwear,Purple,Summer,2011.0,Ethnic,W Women Printed Purple  Kurtas,11564.jpg
39166,Women,Apparel,Topwear,Black,Summer,2012.0,Ethnic,Aneri Women Black & White Printed Kurta,39166.jpg
18273,Women,Apparel,Topwear,Blue,Fall,2011.0,Ethnic,Aneri Women Niti Blue Kurta,18273.jpg
21926,Women,Apparel,Topwear,Blue,Fall,2011.0,Ethnic,BIBA Women Printed Blue Kurta,21926.jpg
12061,Women,Apparel,Topwear,White,Fall,2011.0,Ethnic,W Women Printed White Kurtas,12061.jpg
11613,Women,Apparel,Topwear,Blue,Summer,2011.0,Ethnic,W Women Solid Teal Blue Kurtas,11613.jpg
40634,Women,Apparel,Topwear,Red,Summer,2012.0,Ethnic,Span Women Red Kurta,40634.jpg
24380,Women,Apparel,Topwear,Purple,Fall,2011.0,Ethnic,Folklore Women Purple Printed Kurta,24380.jpg
22779,Women,Apparel,Topwear,Orange,Summer,2011.0,Ethnic,BIBA Women Printed Orange Kurta,22779.jpg
22016,Women,Apparel,Topwear,Black,Fall,2011.0,Ethnic,BIBA Women Sequin Black Kurta,22016.jpg
28717,Women,Apparel,Topwear,Purple,Summer,2012.0,Ethnic,W Women Printed Purple Kurta,28717.jpg
11626,Women,Apparel,Topwear,Purple,Summer,2011.0,Ethnic,W Women Printed Purple Kurtas,11626.jpg
59382,Women,Apparel,Topwear,Blue,Summer,2012.0,Ethnic,Vishudh Women Blue Printed Kurta,59382.jpg
42424,Women,Apparel,Topwear,Blue,Summer,2012.0,Ethnic,Aurelia Women Blue Kurta,42424.jpg
27289,Women,Apparel,Topwear,Grey,Fall,2011.0,Ethnic,Mother Earth Women Striped Grey Kurta,27289.jpg
42681,Women,Apparel,Topwear,Blue,Summer,2012.0,Ethnic,Alma Women Blue Kurta,42681.jpg
11807,Women,Apparel,Topwear,Blue,Fall,2011.0,Ethnic,Vishudh Women Cotton Silk Blue Kurtas,11807.jpg
19087,Women,Apparel,Topwear,Off White,Fall,2011.0,Ethnic,W Women Gathered Design Off White Kurta,19087.jpg
39151,Women,Apparel,Topwear,Green,Summer,2012.0,Ethnic,Aneri Women Green & Brown Printed Kurta,39151.jpg
32232,Women,Apparel,Topwear,Blue,Summer,2012.0,Ethnic,Fabindia Women Printed Blue Kurta,32232.jpg
59362,Women,Apparel,Topwear,White,Summer,2012.0,Ethnic,Vishudh Women White Printed Kurta,59362.jpg
31308,Women,Apparel,Topwear,Black,Summer,2012.0,Ethnic,W Women Black Kurta,31308.jpg
23230,Women,Apparel,Topwear,Blue,Fall,2011.0,Ethnic,Aneri Women Blue Checks Kurta,23230.jpg
28727,Women,Apparel,Topwear,Cream,Summer,2012.0,Ethnic,W Women Printed Cream Kurta,28727.jpg
22063,Women,Apparel,Topwear,White,Fall,2011.0,Ethnic,Vishudh Women Printed White and Navy Blue Kurta,22063.jpg
24151,Women,Apparel,Topwear,Black,Fall,2011.0,Ethnic,Aurelia Women Black Printed Kurta,24151.jpg
42533,Women,Apparel,Topwear,Blue,Fall,2012.0,Ethnic,Mother Earth Women Blue Printed Kurta,42533.jpg
32228,Women,Apparel,Topwear,Mustard,Summer,2012.0,Ethnic,Fabindia Women Printed Mustard Kurta,32228.jpg
12080,Women,Apparel,Topwear,Yellow,Fall,2011.0,Ethnic,W Women Printed Yellow Kurtas,12080.jpg
59918,Women,Apparel,Topwear,Multi,Summer,2012.0,Ethnic,Diva Women Multi Coloured Kurta,59918.jpg
43269,Women,Apparel,Topwear,Pink,Summer,2012.0,Ethnic,Aneri Women Pink Kurta,43269.jpg
39183,Women,Apparel,Topwear,Multi,Summer,2012.0,Ethnic,Aneri Women Multi Coloured Kurta,39183.jpg
53427,Women,Apparel,Topwear,White,Fall,2012.0,Ethnic,Alma Women White Printed Kurta,53427.jpg
21885,Women,Apparel,Topwear,Green,Fall,2011.0,Ethnic,BIBA Women Printed Green Kurta,21885.jpg
11606,Women,Apparel,Topwear,Grey,Summer,2011.0,Ethnic,W Women Solid Grey Kurtas,11606.jpg
36830,Women,Apparel,Topwear,Purple,Summer,2012.0,Ethnic,Vishudh Women Purple Kurta,36830.jpg
18254,Women,Apparel,Topwear,Green,Fall,2011.0,Ethnic,Aneri Women Protima Green Kurta,18254.jpg
46017,Women,Apparel,Topwear,Orange,Summer,2012.0,Ethnic,Fabindia Women Orange Printed Kurta,46017.jpg
33039,Women,Apparel,Topwear,Grey,Summer,2012.0,Ethnic,Mother Earth Women Printed Grey Kurta,33039.jpg
40657,Women,Apparel,Topwear,Green,Summer,2012.0,Ethnic,Span Women Green Kurta,40657.jpg
28710,Women,Apparel,Topwear,Multi,Summer,2012.0,Ethnic,W Women Printed Multi Coloured Kurta,28710.jpg
32234,Women,Apparel,Topwear,Grey,Summer,2012.0,Ethnic,Fabindia Women Printed Grey Kurta,32234.jpg
23221,Women,Apparel,Topwear,Maroon,Fall,2011.0,Ethnic,Aneri Women Maroon Embroidery Kurta,23221.jpg
58668,Women,Apparel,Topwear,Multi,Summer,2012.0,Ethnic,ALayna Women Multi Coloured Kurta,58668.jpg
42428,Women,Apparel,Topwear,Brown,Summer,2012.0,Ethnic,Aurelia Women Brown & Orange Kurta,42428.jpg
53431,Women,Apparel,Topwear,Black,Fall,2012.0,Ethnic,Alma Women Black Printed Kurta,53431.jpg
19104,Women,Apparel,Topwear,Beige,Fall,2011.0,Ethnic,Mother Earth Women Printed Beige Kurta,19104.jpg
40658,Women,Apparel,Topwear,Multi,Summer,2012.0,Ethnic,Span Women Multi Coloured Kurta,40658.jpg
21892,Women,Apparel,Topwear,Purple,Fall,2011.0,Ethnic,BIBA Women Printed Purple Kurta,21892.jpg
24503,Women,Apparel,Topwear,Red,Fall,2011.0,Ethnic,Mother Earth Women Red Printed Kurta,24503.jpg
12070,Women,Apparel,Topwear,White,Fall,2011.0,Ethnic,W Women Printed White Kurtas,12070.jpg
28962,Women,Apparel,Topwear,White,Summer,2012.0,Ethnic,BIBA Women Printed White Kurta,28962.jpg
54580,Women,Apparel,Topwear,Red,Summer,2012.0,Ethnic,Sushilas Women Printed Red Kurta,54580.jpg
23237,Women,Apparel,Topwear,Blue,Fall,2011.0,Ethnic,Aneri Women Jhilmil Blue Kurta,23237.jpg
39174,Women,Apparel,Topwear,Blue,Summer,2012.0,Ethnic,Aneri Women Blue Printed Kurta,39174.jpg
32240,Women,Apparel,Topwear,Blue,Summer,2012.0,Ethnic,Fabindia Women Blue Kurta,32240.jpg
11550,Women,Apparel,Topwear,Blue,Summer,2011.0,Ethnic,W Women Printed Blue Kurtas,11550.jpg
11543,Women,Apparel,Topwear,Grey,Summer,2011.0,Ethnic,W Women Solid Grey Kurtas,11543.jpg
7409,Women,Apparel,Topwear,Pink,Summer,2011.0,Ethnic,W Women Round Neck Short Sleeve Pink Kurta,7409.jpg
24157,Women,Apparel,Topwear,Green,Fall,2011.0,Ethnic,Aurelia Women Green Kurta,24157.jpg
7421,Women,Apparel,Topwear,Blue,Summer,2011.0,Ethnic,W Women U Neck Short Sleeve Blue Kurta,7421.jpg
24558,Women,Apparel,Topwear,Blue,Fall,2011.0,Ethnic,Vishudh Women Blue Printed Kurta,24558.jpg
36501,Women,Apparel,Topwear,White,Summer,2012.0,Ethnic,Folklore Women White Printed Kurta,36501.jpg
28703,Women,Apparel,Topwear,Pink,Summer,2012.0,Ethnic,W Women Printed Pink Kurta,28703.jpg
24371,Women,Apparel,Topwear,Maroon,Fall,2011.0,Ethnic,Folklore Women Maroon Printed Kurta,24371.jpg
22021,Women,Apparel,Topwear,Pink,Fall,2011.0,Ethnic,Vishudh Women Printed Pink Kurta,22021.jpg
19059,Women,Apparel,Topwear,Black,Fall,2011.0,Ethnic,Aurelia Women Solid Black Kurta,19059.jpg
32279,Women,Apparel,Topwear,Purple,Summer,2012.0,Ethnic,Fabindia Women Printed Purple Kurta,32279.jpg
7416,Women,Apparel,Topwear,White,Summer,2011.0,Ethnic,W Women V Neck Solid Short Sleeve White Kurta,7416.jpg
30848,Women,Apparel,Topwear,White,Summer,2012.0,Ethnic,Fabindia Women White Printed Kurta,30848.jpg
28712,Women,Apparel,Topwear,Blue,Summer,2012.0,Ethnic,W Women Printed Blue Kurta,28712.jpg
36815,Women,Apparel,Topwear,Green,Summer,2012.0,Ethnic,Vishudh Women Olive Vishudh Kurta,36815.jpg
18257,Women,Apparel,Topwear,Green,Fall,2011.0,Ethnic,Aneri Women Antara Green Kurta,18257.jpg
40605,Women,Apparel,Topwear,Teal,Summer,2012.0,Ethnic,Span Women Teal Kurta,40605.jpg
45845,Women,Apparel,Topwear,Green,Summer,2012.0,Ethnic,Vishudh Women Green Kurta,45845.jpg
39455,Women,Apparel,Topwear,Multi,Summer,2012.0,Ethnic,Diva Women Multi Coloured Kurta,39455.jpg
59916,Women,Apparel,Topwear,Brown,Summer,2012.0,Ethnic,Diva Women Brown Kurta,59916.jpg
28957,Women,Apparel,Topwear,White,Summer,2012.0,Ethnic,BIBA Women Printed White Kurta,28957.jpg
46015,Women,Apparel,Topwear,White,Summer,2012.0,Ethnic,Fabindia Women White Printed Kurta,46015.jpg
40437,Women,Apparel,Topwear,Brown,Summer,2012.0,Ethnic,La-Emotio Women Brown Kurta,40437.jpg
58694,Women,Apparel,Topwear,Green,Summer,2012.0,Ethnic,ALayna Women Green Kurta,58694.jpg
27191,Women,Apparel,Topwear,Pink,Fall,2011.0,Ethnic,Mother Earth Women Pink Printed Kurta,27191.jpg
49773,Women,Apparel,Topwear,Blue,Summer,2012.0,Ethnic,Alma Women  Light Blue Printed Kurta,49773.jpg
22032,Women,Apparel,Topwear,Brown,Fall,2011.0,Ethnic,Vishudh Women Flower Print Brown Kurta,22032.jpg
19077,Women,Apparel,Topwear,Red,Fall,2011.0,Ethnic,W Women Round Bottom Red Kurta,19077.jpg
53406,Women,Apparel,Topwear,Red,Fall,2012.0,Ethnic,Alma Women Red Printed Kurta,53406.jpg
22759,Women,Apparel,Topwear,White,Fall,2011.0,Ethnic,BIBA Women Printed White Kurta,22759.jpg
59379,Women,Apparel,Topwear,Orange,Summer,2012.0,Ethnic,Vishudh Women Orange Printed  Kurta,59379.jpg
22749,Women,Apparel,Topwear,Blue,Fall,2011.0,Ethnic,BIBA Women Printed Blue Kurta,22749.jpg
30791,Men,Apparel,Topwear,Gold,Summer,2012.0,Ethnic,Fabindia Men Printed Gold Tussar Kurta,30791.jpg
54698,Women,Apparel,Topwear,Black,Fall,2012.0,Ethnic,Shree Women Black and White Printed Kurta,54698.jpg
27101,Women,Apparel,Topwear,Yellow,Summer,2012.0,Ethnic,Aneri Women Madhuri Yellow Kurta,27101.jpg
25834,Women,Apparel,Topwear,White,Summer,2012.0,Ethnic,Diva Women Printed White Kurta,25834.jpg
47011,Women,Apparel,Topwear,Rust,Fall,2012.0,Ethnic,Shree Women Rust Printed Kurta,47011.jpg
22027,Women,Apparel,Topwear,White,Fall,2011.0,Ethnic,Vishudh Women Floral Print Orange Kurta,22027.jpg
12782,Women,Apparel,Topwear,Red,Fall,2011.0,Ethnic,Mother Earth Women Aug Bagru Red Kurtas,12782.jpg
49776,Women,Apparel,Topwear,Blue,Summer,2012.0,Ethnic,Alma Women Blue Printed Kurta,49776.jpg
24400,Women,Apparel,Topwear,Black,Summer,2012.0,Ethnic,Vishudh Women Black Printed Kurta,24400.jpg
25826,Women,Apparel,Topwear,Brown,Summer,2012.0,Ethnic,Diva Women Printed Brown Kurta,25826.jpg
53830,Women,Apparel,Topwear,Lavender,Summer,2012.0,Ethnic,Folklore Women Lavender Kurta,53830.jpg
32270,Women,Apparel,Topwear,Grey,Summer,2012.0,Ethnic,Vishudh Women Printed Grey Kurta,32270.jpg
40617,Women,Apparel,Topwear,Green,Summer,2012.0,Ethnic,Span Women Green Kurta,40617.jpg
30880,Women,Apparel,Topwear,Yellow,Summer,2012.0,Ethnic,Fabindia Women Printed Yellow Kurta,30880.jpg
33044,Women,Apparel,Topwear,Blue,Summer,2012.0,Ethnic,Mother Earth Women Printed Blue Kurta,33044.jpg
24390,Women,Apparel,Topwear,Turquoise Blue,Fall,2011.0,Ethnic,Folklore Women Turquoise Blue Printed Kurta,24390.jpg
40569,Women,Apparel,Topwear,White,Summer,2012.0,Ethnic,W Women White Kurta,40569.jpg
22051,Women,Apparel,Topwear,Blue,Fall,2011.0,Ethnic,Vishudh Women Printed Blue Kurta,22051.jpg
42559,Women,Apparel,Topwear,Multi,Summer,2012.0,Ethnic,Mother Earth Women Multi Coloured Kurta,42559.jpg
39167,Women,Apparel,Topwear,Pink,Summer,2012.0,Ethnic,Aneri Women Pink Printed Kurta,39167.jpg
58648,Women,Apparel,Topwear,Pink,Summer,2012.0,Ethnic,ALayna Women Pink & Yellow Kurta,58648.jpg
22744,Women,Apparel,Topwear,Navy Blue,Fall,2011.0,Ethnic,BIBA Women Solid Navy Blue Green Kurta,22744.jpg
23216,Women,Apparel,Topwear,Blue,Fall,2011.0,Ethnic,Aneri Women Blue Julie Kurta,23216.jpg
53391,Women,Apparel,Topwear,White,Summer,2012.0,Ethnic,Aurelia Women White Printed Kurta,53391.jpg
54696,Women,Apparel,Topwear,White,Summer,2012.0,Ethnic,Shree Women Navy Blue and White Printed Kurta,54696.jpg
30759,Men,Apparel,Topwear,Black,Summer,2012.0,Ethnic,Fabindia Men Printed Black Kurta,30759.jpg
15844,Women,Apparel,Topwear,Blue,Fall,2011.0,Ethnic,Visudh Blue Printed Ethnic Kurta,15844.jpg
39478,Women,Apparel,Topwear,Pink,Summer,2012.0,Ethnic,Diva Women Pink Kurta,39478.jpg
47015,Women,Apparel,Topwear,Cream,Fall,2012.0,Ethnic,Shree Women Cream & Fushia  Printed Kurta,47015.jpg
23240,Women,Apparel,Topwear,Blue,Fall,2011.0,Ethnic,Aneri Women Ashna Blue Kurta,23240.jpg
54706,Women,Apparel,Topwear,White,Fall,2012.0,Ethnic,Shree Women White Printed Kurta,54706.jpg
42685,Women,Apparel,Topwear,White,Summer,2012.0,Ethnic,Alma Women White Printed Kurta,42685.jpg
40629,Women,Apparel,Topwear,Olive,Summer,2012.0,Ethnic,Span Women Olive Green Kurta,40629.jpg
28955,Women,Apparel,Topwear,White,Summer,2012.0,Ethnic,BIBA Women White Kurta,28955.jpg
54570,Women,Apparel,Topwear,Red,Summer,2012.0,Ethnic,Sushilas Women Printed Red Kurta,54570.jpg
28735,Women,Apparel,Topwear,Brown,Summer,2012.0,Ethnic,W Women Printed Brown Kurta,28735.jpg
59374,Women,Apparel,Topwear,Green,Summer,2012.0,Ethnic,Vishudh Women Green Printed Kurta,59374.jpg
59376,Women,Apparel,Topwear,Green,Summer,2012.0,Ethnic,Vishudh Women Green Printed Kurta,59376.jpg
28729,Women,Apparel,Topwear,Cream,Summer,2012.0,Ethnic,W Women Printed Cream Kurta,28729.jpg
50355,Women,Apparel,Topwear,Brown,Summer,2012.0,Ethnic,Aurelia Women Brown Kurta,50355.jpg
28715,Women,Apparel,Topwear,Beige,Summer,2012.0,Ethnic,W Women Printed Magenta Kurta,28715.jpg
27097,Women,Apparel,Topwear,Blue,Summer,2012.0,Ethnic,Aneri Women Blue Printed Kurta,27097.jpg
25836,Women,Apparel,Topwear,Peach,Summer,2012.0,Ethnic,Diva Women Printed Orange Kurta,25836.jpg
30863,Women,Apparel,Topwear,Blue,Summer,2012.0,Ethnic,Fabindia Women Blue Mangalgiri Kurta,30863.jpg
53864,Women,Apparel,Topwear,Brown,Summer,2012.0,Ethnic,Vishudh Women Brown Printed Kurta,53864.jpg
24551,Women,Apparel,Topwear,Blue,Fall,2011.0,Ethnic,Diva Women Blue Printed Kurta,24551.jpg
15104,Women,Apparel,Topwear,Black,Fall,2011.0,Ethnic,Mother Earth Women Printed Black Kurtas,15104.jpg
24367,Women,Apparel,Topwear,Green,Fall,2011.0,Ethnic,Folklore Women Green  Kurta,24367.jpg
58682,Women,Apparel,Topwear,Pink,Summer,2012.0,Ethnic,ALayna Women Brownish Pink  Kurta,58682.jpg
30745,Men,Apparel,Topwear,Beige,Summer,2012.0,Ethnic,Fabindia Men Beige Ajrakh Kurta,30745.jpg
12153,Women,Apparel,Topwear,Green,Fall,2011.0,Ethnic,Aurelia Women Solid Green Kurtas,12153.jpg
11624,Women,Apparel,Topwear,Grey,Summer,2011.0,Ethnic,W Women Printed Grey Kurtas,11624.jpg
56693,Men,Apparel,Topwear,Blue,Summer,2012.0,Ethnic,Fabindia Men Blue Kurta,56693.jpg
53826,Women,Apparel,Topwear,Brown,Summer,2012.0,Ethnic,Folklore Women Brown Printed Kurta,53826.jpg
58684,Women,Apparel,Topwear,Beige,Summer,2012.0,Ethnic,ALayna Women Printed Beige Kurta,58684.jpg
54716,Women,Apparel,Topwear,Beige,Fall,2012.0,Ethnic,Shree Women Pink and Olive Printed Kurta,54716.jpg
28753,Women,Apparel,Topwear,Green,Summer,2012.0,Ethnic,Aurelia Women Printed Green Kurta,28753.jpg
24589,Women,Apparel,Topwear,Brown,Fall,2011.0,Ethnic,Vishudh Women Brown Printed Kurta,24589.jpg
14545,Women,Apparel,Topwear,Blue,Fall,2011.0,Ethnic,Vishudh Women Circle Print Blue Kurtas,14545.jpg
23306,Women,Apparel,Topwear,Blue,Fall,2011.0,Ethnic,W Women Blue Kurta,23306.jpg
14547,Women,Apparel,Topwear,Maroon,Fall,2011.0,Ethnic,Vishudh Women Floral Print Maroon Kurtas,14547.jpg
19058,Women,Apparel,Topwear,Rust,Fall,2011.0,Ethnic,Aurelia Women Solid Rust Kurta,19058.jpg
30779,Men,Apparel,Topwear,Rust,Summer,2012.0,Ethnic,Fabindia Men Rust Khadi Kurta,30779.jpg
42686,Women,Apparel,Topwear,White,Summer,2012.0,Ethnic,Alma Women White Printed Kurta,42686.jpg
50346,Women,Apparel,Topwear,Pink,Summer,2012.0,Ethnic,Aurelia Women Pink Kurta,50346.jpg
11800,Women,Apparel,Topwear,Black,Fall,2011.0,Ethnic,Vishudh Women Black Pigment Print Kurta,11800.jpg
7419,Women,Apparel,Topwear,White,Summer,2011.0,Ethnic,W Women Deep Neck Sleeveless White Kurta,7419.jpg
54572,Women,Apparel,Topwear,Pink,Summer,2012.0,Ethnic,Sushilas Women Multi Coloured Kurta,54572.jpg
39152,Women,Apparel,Topwear,Turquoise Blue,Summer,2012.0,Ethnic,Aneri Women Turquiose Blue Printed Kurta,39152.jpg
28689,Women,Apparel,Topwear,Black,Summer,2012.0,Casual,W Women Black Tunic,28689.jpg
11539,Women,Apparel,Topwear,White,Summer,2011.0,Ethnic,W Women Printed White Kurtas,11539.jpg
45859,Women,Apparel,Topwear,Multi,Summer,2012.0,Ethnic,Vishudh Women Multi Coloured Kurta,45859.jpg
30780,Men,Apparel,Topwear,Blue,Summer,2012.0,Ethnic,Fabindia Men Striped Blue Striped Kurta,30780.jpg
58653,Women,Apparel,Topwear,Pink,Summer,2012.0,Ethnic,ALayna Women Pink Kurta,58653.jpg
54681,Women,Apparel,Topwear,Navy Blue,Fall,2012.0,Ethnic,Shree Women Cream and Navy Blue Printed Kurta,54681.jpg
40613,Women,Apparel,Topwear,Purple,Summer,2012.0,Ethnic,Span Women Purple Kurta,40613.jpg
23225,Women,Apparel,Topwear,Pink,Fall,2011.0,Ethnic,Aneri Women Tibett Pink Kurta,23225.jpg
20118,Women,Apparel,Topwear,Orange,Fall,2011.0,Ethnic,Diva Women Printed Orange Kurta,20118.jpg
21913,Women,Apparel,Topwear,Red,Fall,2011.0,Ethnic,BIBA Women Printed Red Kurta,21913.jpg
45837,Women,Apparel,Topwear,Magenta,Summer,2012.0,Ethnic,Vishudh Women Magenta Kurta,45837.jpg
59381,Women,Apparel,Topwear,Brown,Summer,2012.0,Ethnic,Vishudh Women Brown Printed Kurta,59381.jpg
22778,Women,Apparel,Topwear,Yellow,Summer,2011.0,Ethnic,BIBA Women Printed Yellow Kurta,22778.jpg
11813,Women,Apparel,Topwear,Pink,Fall,2011.0,Ethnic,Vishudh Women Pigment Print Pink Kurtas,11813.jpg
11629,Women,Apparel,Topwear,White,Summer,2011.0,Ethnic,W Women Stripe White Kurtas,11629.jpg
30839,Women,Apparel,Topwear,Pink,Summer,2012.0,Ethnic,Fabindia Women Pink Khadi Kurta,30839.jpg
31774,Women,Apparel,Topwear,Maroon,Summer,2012.0,Ethnic,Global Desi Women Printed Maroon Kurta,31774.jpg
15101,Women,Apparel,Topwear,Black,Fall,2011.0,Ethnic,Mother Earth Women Printed Black Kurtas,15101.jpg
19064,Women,Apparel,Topwear,Off White,Fall,2011.0,Ethnic,W Women Floral Print Green Kurta,19064.jpg
30766,Men,Apparel,Topwear,Blue,Summer,2012.0,Ethnic,Fabindia Men Blue Matka Silk Kurta,30766.jpg
24156,Women,Apparel,Topwear,Purple,Fall,2011.0,Ethnic,Aurelia Women Purple Striped Kurta,24156.jpg
30870,Women,Apparel,Topwear,Orange,Summer,2012.0,Ethnic,Fabindia Women Printed Beige Kurta,30870.jpg
53843,Women,Apparel,Topwear,White,Summer,2012.0,Ethnic,Vishudh Women Printed White Kurta,53843.jpg
36500,Women,Apparel,Topwear,Brown,Summer,2012.0,Ethnic,Folklore Women Brown Kurta,36500.jpg
42649,Women,Apparel,Topwear,Black,Summer,2012.0,Ethnic,Alma Women Black Kurta,42649.jpg
30787,Men,Apparel,Topwear,Mustard,Summer,2012.0,Ethnic,Fabindia Men Mustard Kurta,30787.jpg
28719,Women,Apparel,Topwear,White,Summer,2012.0,Ethnic,W Women Printed White Kurta,28719.jpg
12101,Women,Apparel,Topwear,Pink,Fall,2011.0,Ethnic,W Women Printed Pink Kurtas,12101.jpg
22746,Women,Apparel,Topwear,Red,Fall,2011.0,Ethnic,BIBA Women Printed Red Kurta,22746.jpg
19070,Women,Apparel,Topwear,Blue,Fall,2011.0,Ethnic,W Women Floral Print Blue Kurta,19070.jpg
32196,Men,Apparel,Topwear,Blue,Summer,2012.0,Ethnic,Fabindia Men Printed Blue Kurta,32196.jpg
46018,Women,Apparel,Topwear,Green,Summer,2012.0,Ethnic,Fabindia Women Green Kurta,46018.jpg
19089,Women,Apparel,Topwear,Blue,Fall,2011.0,Ethnic,W Women Shaded Blue Kurta,19089.jpg
14535,Women,Apparel,Topwear,Blue,Fall,2011.0,Ethnic,Vishudh Women Embroidary Blue Kurtas,14535.jpg
11546,Women,Apparel,Topwear,Grey,Summer,2011.0,Ethnic,W Women Printed Grey Kurtas,11546.jpg
45748,Women,Apparel,Topwear,Lavender,Summer,2012.0,Casual,Folklore Women Purple Kurta,45748.jpg
47003,Women,Apparel,Topwear,White,Fall,2012.0,Ethnic,Shree Women Printed White & Yellow Kurta,47003.jpg
30756,Men,Apparel,Topwear,Green,Summer,2012.0,Ethnic,Fabindia Men Green Kurta,30756.jpg
20111,Women,Apparel,Topwear,White,Fall,2011.0,Ethnic,Diva Women Printed White Kurta,20111.jpg
47009,Women,Apparel,Topwear,Brown,Summer,2012.0,Ethnic,Shree Women Brown Kurta,47009.jpg
43270,Women,Apparel,Topwear,Red,Summer,2012.0,Ethnic,Aneri Women Red Kurta,43270.jpg
31318,Women,Apparel,Topwear,Off White,Summer,2012.0,Ethnic,Aurelia Women Printed Brown Kurta,31318.jpg
18258,Women,Apparel,Topwear,Green,Fall,2011.0,Ethnic,Aneri Women Sanjeeda Green Kurta,18258.jpg
12094,Women,Apparel,Topwear,White,Fall,2011.0,Ethnic,W Women Printed White Kurtas,12094.jpg
11620,Women,Apparel,Topwear,Green,Summer,2011.0,Ethnic,W Women Solid Lime Green Kurtas,11620.jpg
28834,Women,Apparel,Topwear,Multi,Summer,2012.0,Ethnic,Biba Women Printed Multi Coloured Kurta,28834.jpg
32224,Women,Apparel,Topwear,Blue,Summer,2012.0,Ethnic,Fabindia Women Striped Blue Kurta,32224.jpg
30860,Women,Apparel,Topwear,Maroon,Summer,2012.0,Ethnic,Fabindia Women Printed Maroon Kurta,30860.jpg
27293,Women,Apparel,Topwear,Blue,Summer,2012.0,Ethnic,Mother Earth Women Blue Kurta,27293.jpg
43268,Women,Apparel,Topwear,Pink,Summer,2012.0,Ethnic,Aneri Women Pink Kurta,43268.jpg
58700,Women,Apparel,Topwear,White,Summer,2012.0,Ethnic,ALayna Women Black Kurta,58700.jpg
24395,Women,Apparel,Topwear,Blue,Summer,2012.0,Ethnic,Vishudh Women Blue Printed Kurta,24395.jpg
11567,Women,Apparel,Topwear,Purple,Summer,2011.0,Ethnic,W Women Printed Purple Kurtas,11567.jpg
53835,Women,Apparel,Topwear,Blue,Summer,2012.0,Ethnic,Vishudh Women Blue Printed Kurta,53835.jpg
59928,Women,Apparel,Topwear,White,Summer,2012.0,Ethnic,Diva Women White Kurta,59928.jpg
27280,Women,Apparel,Topwear,Black,Fall,2011.0,Ethnic,Mother Earth Women Black Kurta,27280.jpg
32223,Women,Apparel,Topwear,Pink,Summer,2012.0,Ethnic,Fabindia Women Pink & Orange Striped Kurta,32223.jpg
53840,Women,Apparel,Topwear,Purple,Summer,2012.0,Ethnic,Vishudh Women Purple Kurta,53840.jpg
58672,Women,Apparel,Topwear,Navy Blue,Summer,2012.0,Ethnic,ALayna Women Navy Blue Kurta,58672.jpg
24510,Women,Apparel,Topwear,Green,Fall,2011.0,Ethnic,Mother Earth Women Green Printed Kurta,24510.jpg
25842,Women,Apparel,Topwear,Multi,Summer,2012.0,Ethnic,Diva Women Printed Multi Coloured Kurta,25842.jpg
54586,Women,Apparel,Topwear,Green,Summer,2012.0,Ethnic,Sushilas Women Printed Green Kurta,54586.jpg
56714,Women,Apparel,Topwear,White,Summer,2012.0,Ethnic,Folklore Women Pink & Green Printed Kurta,56714.jpg
39157,Women,Apparel,Topwear,Black,Summer,2012.0,Ethnic,Aneri Women Black Kurta,39157.jpg
14550,Women,Apparel,Topwear,White,Fall,2011.0,Ethnic,Vishudh Women Floral Print White Kurta,14550.jpg
19098,Women,Apparel,Topwear,Beige,Fall,2011.0,Ethnic,Mother Earth Women Embroided Beige Kurta,19098.jpg
15097,Women,Apparel,Topwear,Pink,Fall,2011.0,Ethnic,Mother Earth Women Printed Pink Kurtas,15097.jpg
58661,Women,Apparel,Topwear,Green,Summer,2012.0,Ethnic,ALayna Women Green Kurta,58661.jpg
33041,Women,Apparel,Topwear,Blue,Summer,2012.0,Ethnic,Mother Earth Women Printed Blue Kurta,33041.jpg
28755,Women,Apparel,Topwear,Purple,Summer,2012.0,Ethnic,Aurelia Women Printed Purple Kurta,28755.jpg
28763,Women,Apparel,Topwear,Maroon,Summer,2012.0,Ethnic,Aurelia Women Maroon Kurta,28763.jpg
40587,Women,Apparel,Topwear,Brown,Summer,2012.0,Ethnic,Aurelia Women Brown Kurta,40587.jpg
28694,Women,Apparel,Topwear,Black,Summer,2012.0,Ethnic,W Women Printed Black Kurta,28694.jpg
30768,Men,Apparel,Topwear,Black,Summer,2012.0,Ethnic,Fabindia Men Black Silk Kurta,30768.jpg
43256,Women,Apparel,Topwear,Pink,Summer,2012.0,Ethnic,Aneri Women Salmon Pink Kurta,43256.jpg
31324,Women,Apparel,Topwear,Blue,Summer,2012.0,Ethnic,Aurelia Women Printed Blue Kurta,31324.jpg
30889,Women,Apparel,Topwear,Rust,Summer,2012.0,Ethnic,Fabindia Women Rust Printed Tussar Kurta,30889.jpg
25849,Women,Apparel,Topwear,Black,Summer,2012.0,Ethnic,Diva Women Printed Black Kurta,25849.jpg
12136,Women,Apparel,Topwear,Black,Fall,2011.0,Ethnic,Aurelia Women Solid Black Kurtas,12136.jpg
54578,Women,Apparel,Topwear,Black,Summer,2012.0,Ethnic,Sushilas Women Printed Black Kurta,54578.jpg
53810,Women,Apparel,Topwear,Cream,Fall,2012.0,Ethnic,Ayaany Women Printed Cream Kurta,53810.jpg
35042,Women,Apparel,Topwear,Cream,Summer,2012.0,Ethnic,Fabindia Women Silk Cream Kurta,35042.jpg
33036,Women,Apparel,Topwear,Green,Summer,2012.0,Ethnic,Mother Earth Women Printed Floral Kurta,33036.jpg
24236,Women,Apparel,Topwear,Purple,Fall,2011.0,Ethnic,La-Emotio Women Purple Kurta,24236.jpg
53839,Women,Apparel,Topwear,Green,Summer,2012.0,Ethnic,Vishudh Women Green Kurta,53839.jpg
40609,Women,Apparel,Topwear,Pink,Summer,2012.0,Ethnic,Span Women Floral Printed Pink Kurta,40609.jpg
39161,Women,Apparel,Topwear,Black,Winter,2012.0,Ethnic,Aneri Women Black Embroidered Kurta,39161.jpg
28702,Women,Apparel,Topwear,Grey,Summer,2012.0,Ethnic,W Women Printed Grey Kurta,28702.jpg
28747,Women,Apparel,Topwear,Black,Summer,2012.0,Ethnic,Aurelia Women Printed Black Kurta,28747.jpg
59356,Women,Apparel,Topwear,Multi,Summer,2012.0,Ethnic,Vishudh Women Multi Coloured Kurta,59356.jpg
42644,Women,Apparel,Topwear,Green,Summer,2012.0,Ethnic,Alma Women Green Kurta,42644.jpg
12100,Women,Apparel,Topwear,Multi,Fall,2011.0,Ethnic,W Women Multi Colour Printed Kurta,12100.jpg
36297,Women,Apparel,Topwear,White,Summer,2012.0,Ethnic,W Women Blue Printed Kurta,36297.jpg
27286,Women,Apparel,Topwear,Orange,Fall,2011.0,Ethnic,Mother Earth Women Orange Kurta,27286.jpg
12066,Women,Apparel,Topwear,Black,Fall,2011.0,Ethnic,W Women Printed Black Kurtas,12066.jpg
21880,Women,Apparel,Topwear,Black,Fall,2011.0,Ethnic,BIBA Women Solid Black Kurta,21880.jpg
22039,Women,Apparel,Topwear,Cream,Fall,2011.0,Ethnic,Vishudh Women Self Printed Cream Kurta,22039.jpg
45724,Women,Apparel,Topwear,Maroon,Summer,2012.0,Ethnic,Folklore Women Maroon Kurta,45724.jpg
24373,Women,Apparel,Topwear,Maroon,Fall,2011.0,Ethnic,Folklore Women Maroon  Kurta,24373.jpg
54556,Women,Apparel,Topwear,White,Summer,2012.0,Ethnic,Global Desi Women Purple & White Kurta,54556.jpg
59373,Women,Apparel,Topwear,Beige,Summer,2012.0,Ethnic,Vishudh Women Beige Printed Kurta,59373.jpg
54568,Women,Apparel,Topwear,Green,Summer,2012.0,Ethnic,Sushilas Women Printed Green Kurta,54568.jpg
28737,Women,Apparel,Topwear,White,Summer,2012.0,Ethnic,W Women Printed White Kurta,28737.jpg
27278,Women,Apparel,Topwear,Brown,Fall,2011.0,Ethnic,Mother Earth Women Beige Kurta,27278.jpg
42668,Women,Apparel,Topwear,Green,Summer,2012.0,Ethnic,Alma Women Green Kurta,42668.jpg
22030,Women,Apparel,Topwear,Red,Fall,2011.0,Ethnic,Vishudh Women Printed Red Kurta,22030.jpg
43909,Women,Apparel,Topwear,Blue,Summer,2012.0,Ethnic,W Women Blue Kurta,43909.jpg
42653,Women,Apparel,Topwear,Black,Summer,2012.0,Ethnic,Alma Women Black Printed Kurta,42653.jpg
28941,Women,Apparel,Topwear,Green,Summer,2012.0,Ethnic,BIBA Women Ethnic Green Kurta,28941.jpg
12774,Women,Apparel,Topwear,Green,Fall,2011.0,Ethnic,Mother Earth Women 2Tone Mangalgiri Green Kurtas,12774.jpg
32211,Women,Apparel,Topwear,Pink,Summer,2012.0,Ethnic,Fabindia Women Pink Kurta,32211.jpg
33045,Women,Apparel,Topwear,Multi,Summer,2012.0,Ethnic,Mother Earth Women Printed Multi Coloured Kurta,33045.jpg
42509,Women,Apparel,Topwear,Beige,Summer,2012.0,Ethnic,Mother Earth Women Beige Kurta,42509.jpg
36475,Women,Apparel,Topwear,Purple,Summer,2012.0,Ethnic,Aurelia Women Dobby Purple Kurta,36475.jpg
42529,Women,Apparel,Topwear,Multi,Summer,2012.0,Ethnic,Mother Earth Women Multi Coloured Kurta,42529.jpg
27281,Women,Apparel,Topwear,Brown,Fall,2011.0,Ethnic,Mother Earth Women Light Brown Kurta,27281.jpg
30770,Men,Apparel,Topwear,Grey,Summer,2012.0,Ethnic,Fabindia Men Grey Printed Silk Kurta,30770.jpg
12097,Women,Apparel,Topwear,White,Fall,2011.0,Ethnic,W Women Printed White Kurtas,12097.jpg
18299,Women,Apparel,Topwear,Black,Fall,2011.0,Ethnic,Aneri Women Zeenat Black Kurta,18299.jpg
45735,Women,Apparel,Topwear,Cream,Summer,2012.0,Ethnic,Folklore Women Cream Kurta,45735.jpg
23325,Women,Apparel,Topwear,Brown,Fall,2011.0,Ethnic,W Women Brown Printed Kurta,23325.jpg
22081,Women,Apparel,Topwear,Sea Green,Fall,2011.0,Ethnic,Vishudh Women Sea Green Floral Printed Kurta,22081.jpg
39464,Women,Apparel,Topwear,Multi,Summer,2012.0,Ethnic,Diva Women Multi Coloured Kurta,39464.jpg
32244,Women,Apparel,Topwear,White,Summer,2012.0,Ethnic,Fabindia Women White Kurta,32244.jpg
58690,Women,Apparel,Topwear,Green,Summer,2012.0,Ethnic,ALayna Women Green Kurta,58690.jpg
47026,Women,Apparel,Topwear,Black,Summer,2012.0,Ethnic,Shree Women Black & White Kurta,47026.jpg
18282,Women,Apparel,Topwear,Multi,Fall,2011.0,Ethnic,Aneri Women N.Masti Multi Kurta,18282.jpg
54695,Women,Apparel,Topwear,Pink,Fall,2012.0,Ethnic,Shree Women Pink Printed Kurta,54695.jpg
25825,Women,Apparel,Topwear,White,Summer,2012.0,Ethnic,Diva Women Printed White Kurta,25825.jpg
24356,Women,Apparel,Topwear,Pink,Fall,2011.0,Ethnic,Folklore Women Pink  Kurta,24356.jpg
30782,Men,Apparel,Topwear,White,Summer,2012.0,Ethnic,Fabindia Men White Mangalgiri Kurta,30782.jpg
23314,Women,Apparel,Topwear,Green,Fall,2011.0,Ethnic,W Women Printed Green Kurta,23314.jpg
22748,Women,Apparel,Topwear,Blue,Fall,2011.0,Ethnic,BIBA Women Printed Blue Kurta,22748.jpg
42527,Women,Apparel,Topwear,Blue,Summer,2012.0,Ethnic,Mother Earth Women Blue Kurta,42527.jpg
12065,Women,Apparel,Topwear,Navy Blue,Fall,2011.0,Ethnic,W Women Printed Navy Blue Kurtas,12065.jpg
12087,Women,Apparel,Topwear,White,Fall,2011.0,Ethnic,W Women Printed White Kurtas,12087.jpg
42544,Women,Apparel,Topwear,Pink,Summer,2012.0,Ethnic,Mother Earth Women Pink Kurta,42544.jpg
28688,Women,Apparel,Topwear,Pink,Summer,2012.0,Ethnic,W Women Printed Pink Kurta,28688.jpg
47008,Women,Apparel,Topwear,White,Fall,2012.0,Ethnic,Shree Women White & Purple Kurta,47008.jpg
50326,Women,Apparel,Topwear,White,Summer,2012.0,Ethnic,Aurelia Women White Printed Kurta,50326.jpg
7423,Women,Apparel,Topwear,Pink,Summer,2011.0,Ethnic,W Women U Neck Sleeveless Red Kurta,7423.jpg
56696,Men,Apparel,Topwear,Teal,Summer,2012.0,Ethnic,Fabindia Men Teal Kurta,56696.jpg
7415,Women,Apparel,Topwear,Black,Summer,2011.0,Ethnic,W Women Sqaure Neck Yarn Dyed Short Sleeve Black Kurta,7415.jpg
59366,Women,Apparel,Topwear,Red,Summer,2012.0,Ethnic,Vishudh Women Red & White Kurta,59366.jpg
54708,Women,Apparel,Topwear,Multi,Fall,2012.0,Ethnic,Shree Women Multicoloured Printed Kurta,54708.jpg
30886,Women,Apparel,Topwear,Red,Summer,2012.0,Ethnic,Fabindia Women Printed Red Kurta,30886.jpg
28835,Women,Apparel,Topwear,Multi,Summer,2012.0,Ethnic,BIBA Women Printed Multi Coloured Kurta,28835.jpg
30845,Women,Apparel,Topwear,Red,Summer,2012.0,Ethnic,Fabindia Women Rust Printed Kurta,30845.jpg
45742,Women,Apparel,Topwear,Mustard,Summer,2012.0,Ethnic,Folklore Women Yellow Kurta,45742.jpg
22777,Women,Apparel,Topwear,White,Summer,2011.0,Ethnic,BIBA Women Printed White Kurta,22777.jpg
24509,Women,Apparel,Topwear,Black,Fall,2011.0,Ethnic,Mother Earth Women Black Printed Kurta,24509.jpg
23222,Women,Apparel,Topwear,Red,Fall,2011.0,Ethnic,Aneri Women Freya Red Kurta,23222.jpg
53410,Women,Apparel,Topwear,Blue,Fall,2012.0,Ethnic,Alma Women Blue & Green Printed Kurta,53410.jpg
42539,Women,Apparel,Topwear,Purple,Summer,2012.0,Ethnic,Mother Earth Women Purple Kurta,42539.jpg
53394,Women,Apparel,Topwear,Blue,Fall,2012.0,Ethnic,Alma Women Blue and Sea Green Printed Kurta,53394.jpg
32218,Women,Apparel,Topwear,Red,Summer,2012.0,Ethnic,Fabindia Women Printed Red Kurta,32218.jpg
31699,Women,Apparel,Topwear,Brown,Summer,2012.0,Ethnic,Folklore Women Printed Brown Kurta,31699.jpg
11627,Women,Apparel,Topwear,Pink,Summer,2011.0,Ethnic,W Women Solid Pink Kurtas,11627.jpg
23305,Women,Apparel,Topwear,Green,Fall,2011.0,Ethnic,W Women Green Printed Kurta,23305.jpg
53850,Women,Apparel,Topwear,Turquoise Blue,Fall,2012.0,Ethnic,Vishudh Women Turquoise Blue Printed Kurta,53850.jpg
30788,Men,Apparel,Topwear,Black,Summer,2012.0,Ethnic,Fabindia Men Black Kurta,30788.jpg
39165,Women,Apparel,Topwear,Blue,Summer,2012.0,Ethnic,Aneri Women Blue Printed Kurta,39165.jpg
24374,Women,Apparel,Topwear,Black,Fall,2011.0,Ethnic,Folklore Women Black  Kurta,24374.jpg
30789,Men,Apparel,Topwear,Green,Summer,2012.0,Ethnic,Fabindia Men Green Tussar Kurta,30789.jpg
11804,Women,Apparel,Topwear,Red,Fall,2011.0,Ethnic,Vishudh Women Pigment Print Red Kurtas,11804.jpg
50331,Women,Apparel,Topwear,White,Summer,2012.0,Ethnic,Aurelia Women Off white Printed Kurta,50331.jpg
12772,Women,Apparel,Topwear,Blue,Fall,2011.0,Ethnic,Mother Earth Women Classic Blue Kurtas,12772.jpg
27294,Women,Apparel,Topwear,Green,Fall,2011.0,Ethnic,Mother Earth Women Green Kurta,27294.jpg
45843,Women,Apparel,Topwear,White,Summer,2012.0,Ethnic,Vishudh Women White Printed Kurta,45843.jpg
30846,Women,Apparel,Topwear,Black,Summer,2012.0,Ethnic,Fabindia Women Printed Black Kurta,30846.jpg
11801,Women,Apparel,Topwear,Navy Blue,Fall,2011.0,Ethnic,Vishudh Women Navy Blue Kurta,11801.jpg
14543,Women,Apparel,Topwear,Orange,Fall,2011.0,Ethnic,Vishudh Women Circle Print Orange Kurtas,14543.jpg
42684,Women,Apparel,Topwear,White,Summer,2012.0,Ethnic,Alma Women White Printed Kurta,42684.jpg
40642,Women,Apparel,Topwear,Pink,Summer,2012.0,Ethnic,Span Women Pink Kurta,40642.jpg
20328,Men,Apparel,Topwear,Beige,Summer,2011.0,Ethnic,Mother Earth Men Printed Beige Kurta,20328.jpg
45838,Women,Apparel,Topwear,Brown,Summer,2012.0,Ethnic,Vishudh Women Light Brown Kurta,45838.jpg
11789,Women,Apparel,Topwear,Pink,Fall,2011.0,Ethnic,Vishudh Women Pigment Print Pink Kurtas,11789.jpg
47032,Women,Apparel,Topwear,Red,Fall,2012.0,Ethnic,Shree Women Red & Black Kurta,47032.jpg
50323,Women,Apparel,Topwear,Red,Summer,2012.0,Ethnic,Aurelia Women Red Kurta,50323.jpg
31305,Women,Apparel,Topwear,Lavender,Summer,2012.0,Ethnic,W Women Lavender Printed Kurta,31305.jpg
31423,Women,Apparel,Topwear,Cream,Summer,2012.0,Ethnic,W Women Cream Kurta,31423.jpg
22741,Women,Apparel,Topwear,Red,Fall,2011.0,Ethnic,BIBA Women Printed Navy Blue Kurta,22741.jpg
15832,Women,Apparel,Topwear,Pink,Fall,2011.0,Ethnic,Visudh Pink Printed Ethnic Kurta,15832.jpg
18256,Women,Apparel,Topwear,Multi,Fall,2011.0,Ethnic,Aneri Women Anrtara Multi Kurta,18256.jpg
21929,Women,Apparel,Topwear,Blue,Fall,2011.0,Ethnic,BIBA Women Printed Blue Kurta,21929.jpg
40565,Women,Apparel,Topwear,Maroon,Summer,2012.0,Ethnic,W Women Maroon Kurta,40565.jpg
39180,Women,Apparel,Topwear,Black,Summer,2012.0,Ethnic,Aneri Women Black Kurta,39180.jpg
30748,Men,Apparel,Topwear,White,Summer,2012.0,Ethnic,Fabindia Men Striped White Kurta,30748.jpg
24234,Women,Apparel,Topwear,Brown,Fall,2011.0,Ethnic,La-Emotio Women Brown Kurta,24234.jpg
11597,Women,Apparel,Topwear,Cream,Summer,2011.0,Ethnic,W Women Printed Cream Kurtas,11597.jpg
54693,Women,Apparel,Topwear,Multi,Summer,2012.0,Ethnic,Shree Women Multicoloured Printed Kurta,54693.jpg
32206,Women,Apparel,Topwear,Green,Summer,2012.0,Ethnic,Fabindia Women Green Kurta,32206.jpg
28871,Women,Apparel,Topwear,Turquoise Blue,Summer,2012.0,Ethnic,BIBA Women Printed Turquoise Blue Kurta,28871.jpg
24158,Women,Apparel,Topwear,Magenta,Fall,2011.0,Ethnic,Aurelia Women Magenta Kurta,24158.jpg
53423,Women,Apparel,Topwear,Off White,Fall,2012.0,Ethnic,Alma Women Printed Off White Kurta,53423.jpg
40625,Women,Apparel,Topwear,Green,Summer,2012.0,Ethnic,Span Women Light Green Kurta,40625.jpg
24391,Women,Apparel,Topwear,Orange,Fall,2011.0,Ethnic,Folklore Women Orange Printed Kurta,24391.jpg
11579,Women,Apparel,Topwear,Green,Summer,2011.0,Ethnic,W Women Printed Green Kurtas,11579.jpg
42556,Women,Apparel,Topwear,Brown,Summer,2012.0,Ethnic,Mother Earth Women Brown Kurtas,42556.jpg
15094,Women,Apparel,Topwear,Orange,Fall,2011.0,Ethnic,Mother Earth Women Printed Orange Kurtas,15094.jpg
28741,Women,Apparel,Topwear,Off White,Summer,2012.0,Ethnic,W Women Printed Off White Kurta,28741.jpg
31694,Women,Apparel,Topwear,Green,Summer,2012.0,Ethnic,Folklore Women Printed Green Kurta,31694.jpg
27090,Women,Apparel,Topwear,Grey,Summer,2012.0,Ethnic,Aneri Women Paakhi Grey Kurta,27090.jpg
19055,Women,Apparel,Topwear,Black,Fall,2011.0,Ethnic,Aurelia Women Solid Black Kurta,19055.jpg
24361,Women,Apparel,Topwear,Blue,Fall,2011.0,Ethnic,Folklore Women Blue Printed Kurta,24361.jpg
39458,Women,Apparel,Topwear,White,Summer,2012.0,Ethnic,Diva Women White Kurta,39458.jpg
24511,Women,Apparel,Topwear,Pink,Fall,2011.0,Ethnic,Mother Earth Women Pink Printed Kurta,24511.jpg
12074,Women,Apparel,Topwear,White,Fall,2011.0,Ethnic,W Women Printed White Kurtas,12074.jpg
25827,Women,Apparel,Topwear,Silver,Summer,2012.0,Ethnic,Diva Women Printed Beige Kurta,25827.jpg
56713,Women,Apparel,Topwear,Red,Summer,2012.0,Ethnic,Folklore Women Red Kurta,56713.jpg
40616,Women,Apparel,Topwear,Navy Blue,Summer,2012.0,Ethnic,Span Women Navy Blue Kurta,40616.jpg
23315,Women,Apparel,Topwear,Green,Fall,2011.0,Ethnic,W Women Green Printed Kurta,23315.jpg
11557,Women,Apparel,Topwear,White,Summer,2011.0,Ethnic,W Women Printed White Kurtas,11557.jpg
11621,Women,Apparel,Topwear,White,Summer,2011.0,Ethnic,W Women Solid White Kurtas,11621.jpg
36234,Women,Apparel,Topwear,Pink,Summer,2012.0,Ethnic,W Women Pink Kurta,36234.jpg
23321,Women,Apparel,Topwear,Brown,Fall,2011.0,Ethnic,W Women Brown Printed Kurta,23321.jpg
18291,Women,Apparel,Topwear,Multi,Fall,2011.0,Ethnic,Aneri Women Shabana Multi Kurta,18291.jpg
23215,Women,Apparel,Topwear,Black,Fall,2011.0,Ethnic,Aneri Women Nivedita Black Kurta,23215.jpg
28728,Women,Apparel,Topwear,White,Summer,2012.0,Ethnic,W Women Printed White Kurta,28728.jpg
30842,Women,Apparel,Topwear,Navy Blue,Summer,2012.0,Ethnic,Fabindia Women Navy Blue Kurta,30842.jpg
42665,Women,Apparel,Topwear,Beige,Summer,2012.0,Ethnic,Alma Women Beige Kurta,42665.jpg
47018,Women,Apparel,Topwear,Mustard,Summer,2012.0,Ethnic,Shree Women Mustard & Black Kurta,47018.jpg
42656,Women,Apparel,Topwear,White,Summer,2012.0,Ethnic,Alma Women White Printed Kurta,42656.jpg
54585,Women,Apparel,Topwear,Black,Summer,2012.0,Ethnic,Sushilas Women Pink Kurta,54585.jpg
24507,Women,Apparel,Topwear,Brown,Fall,2011.0,Ethnic,Mother Earth Women Brown Printed Kurta,24507.jpg
11534,Women,Apparel,Topwear,Purple,Summer,2011.0,Ethnic,W Women Printed Purple Kurtas,11534.jpg
27269,Women,Apparel,Topwear,Green,Fall,2011.0,Ethnic,Mother Earth Women Printed Green Kurta,27269.jpg
23226,Women,Apparel,Topwear,Brown,Fall,2011.0,Ethnic,Aneri Women Komal Brown Kurta,23226.jpg
40591,Women,Apparel,Topwear,Blue,Summer,2012.0,Ethnic,Aurelia Women Blue Kurta,40591.jpg
32273,Women,Apparel,Topwear,Green,Summer,2012.0,Ethnic,Vishudh Women Printed Green Kurta,32273.jpg
24520,Women,Apparel,Topwear,Orange,Fall,2011.0,Ethnic,Mother Earth Women Orange  Kurta,24520.jpg
56697,Men,Apparel,Topwear,Black,Summer,2012.0,Ethnic,Fabindia Men Black Kurta,56697.jpg
15839,Women,Apparel,Topwear,Maroon,Fall,2011.0,Ethnic,Visudh Maroon Printed Ethnic Kurta,15839.jpg
42662,Women,Apparel,Topwear,Off White,Summer,2012.0,Ethnic,Alma Women Off White Printed Kurta,42662.jpg
33032,Women,Apparel,Topwear,Green,Summer,2012.0,Ethnic,Mother Earth Women Printed Green Kurta,33032.jpg
24505,Women,Apparel,Topwear,Red,Fall,2011.0,Ethnic,Mother Earth Women Red Printed Kurta,24505.jpg
22757,Women,Apparel,Topwear,Blue,Fall,2011.0,Ethnic,BIBA Women Solid Blue Kurta,22757.jpg
12099,Women,Apparel,Topwear,Pink,Fall,2011.0,Ethnic,W Women Printed Red White Kurtas,12099.jpg
35046,Women,Apparel,Topwear,Maroon,Summer,2012.0,Ethnic,Fabindia Women Silk Maroon Kurta,35046.jpg
50334,Women,Apparel,Topwear,Red,Summer,2012.0,Ethnic,Aurelia Women Red Kurta,50334.jpg
20104,Women,Apparel,Topwear,Blue,Fall,2011.0,Ethnic,Diva Women Printed Blue Kurta,20104.jpg
28726,Women,Apparel,Topwear,Beige,Summer,2012.0,Ethnic,W Women Printed Beige Kurta,28726.jpg
58674,Women,Apparel,Topwear,Pink,Summer,2012.0,Ethnic,ALayna Women Pink Kurta,58674.jpg
32230,Women,Apparel,Topwear,Mustard,Summer,2012.0,Ethnic,Fabindia Women Printed Mustard Kurta,32230.jpg
39456,Women,Apparel,Topwear,White,Summer,2012.0,Ethnic,Diva Women White Printed Kurta,39456.jpg
54710,Women,Apparel,Topwear,Orange,Fall,2012.0,Ethnic,Shree Women Orange Printed Kurta,54710.jpg
18275,Women,Apparel,Topwear,Blue,Fall,2011.0,Ethnic,Aneri Women Preet Blue Kurta,18275.jpg
20101,Women,Apparel,Topwear,Pink,Fall,2011.0,Ethnic,Diva Women Printed Pink Kurta,20101.jpg
32201,Men,Apparel,Topwear,Blue,Summer,2012.0,Ethnic,Fabindia Men Printed Blue Kurta,32201.jpg
45832,Women,Apparel,Topwear,White,Summer,2012.0,Ethnic,Vishudh Women White Kurta,45832.jpg
58719,Women,Apparel,Topwear,Off White,Summer,2012.0,Ethnic,ALayna Women Off White  Kurta,58719.jpg
60000,Women,Apparel,Topwear,Blue,Fall,2012.0,Ethnic,Alma Women Blue Kurta,60000.jpg
15103,Women,Apparel,Topwear,Red,Fall,2011.0,Ethnic,Mother Earth Women Printed Red Kurtas,15103.jpg
40622,Women,Apparel,Topwear,Pink,Summer,2012.0,Ethnic,Span Women Floral Printed Pink Kurta,40622.jpg
22765,Women,Apparel,Topwear,Navy Blue,Fall,2011.0,Ethnic,BIBA Women Solid Navy Blue Kurta,22765.jpg
42554,Women,Apparel,Topwear,White,Summer,2012.0,Ethnic,Mother Earth Women White & Black Kurta,42554.jpg
36827,Women,Apparel,Topwear,Green,Summer,2012.0,Ethnic,Vishudh Women Green Kurta,36827.jpg
42540,Women,Apparel,Topwear,Blue,Summer,2012.0,Ethnic,Mother Earth Women Blue Kurta,42540.jpg
42535,Women,Apparel,Topwear,Beige,Summer,2012.0,Ethnic,Mother Earth Women Beige Kurta,42535.jpg
53414,Women,Apparel,Topwear,Black,Fall,2012.0,Ethnic,Alma Women Black Kurta,53414.jpg
11796,Women,Apparel,Topwear,Green,Fall,2011.0,Ethnic,Vishudh Women Pigment Print Green Kurtas,11796.jpg
32207,Women,Apparel,Topwear,Mustard,Summer,2012.0,Ethnic,Fabindia Women Mustard Kurta,32207.jpg
40588,Women,Apparel,Topwear,Maroon,Summer,2012.0,Ethnic,Aurelia Women Maroon Kurta,40588.jpg
40619,Women,Apparel,Topwear,Red,Summer,2012.0,Ethnic,Span Women Red Kurta,40619.jpg
27300,Women,Apparel,Topwear,Purple,Fall,2011.0,Ethnic,Mother Earth Women Purple Printed Kurta,27300.jpg
54720,Women,Apparel,Topwear,Off White,Fall,2012.0,Ethnic,Shree Women Off White Printed Kurta,54720.jpg
33048,Women,Apparel,Topwear,Blue,Summer,2012.0,Ethnic,Mother Earth Women Printed Blue Kurta,33048.jpg
40645,Women,Apparel,Topwear,Green,Summer,2012.0,Ethnic,Span Women Green Kurta,40645.jpg
11562,Women,Apparel,Topwear,Purple,Summer,2011.0,Ethnic,W Women Printed Purple Kurtas,11562.jpg
40638,Women,Apparel,Topwear,Magenta,Summer,2012.0,Ethnic,Span Women Magenta Kurta,40638.jpg
42669,Women,Apparel,Topwear,Black,Summer,2012.0,Ethnic,Alma Women Black & White Kurta,42669.jpg
56709,Women,Apparel,Topwear,White,Fall,2012.0,Ethnic,Folklore Women White & Green Kurta,56709.jpg
15077,Women,Apparel,Topwear,White,Fall,2011.0,Ethnic,Mother Earth Women Printed White Kurtas,15077.jpg
25830,Women,Apparel,Topwear,Lavender,Summer,2012.0,Ethnic,Diva Women Printed Lavender Kurta,25830.jpg
21918,Women,Apparel,Topwear,Purple,Fall,2011.0,Ethnic,BIBA Women Printed Purple Kurta,21918.jpg
56704,Men,Apparel,Topwear,Rust,Summer,2012.0,Ethnic,Fabindia Men Rust Kurta,56704.jpg
18255,Women,Apparel,Topwear,Off White,Summer,2012.0,Ethnic,Aneri Women Multi Coloured Kurta,18255.jpg
19106,Women,Apparel,Topwear,Black,Fall,2011.0,Ethnic,Mother Earth Women Printed Black Kurta,19106.jpg
19096,Women,Apparel,Topwear,Maroon,Fall,2011.0,Ethnic,Mother Earth Women Calssic Maroon Kurta,19096.jpg
46997,Women,Apparel,Topwear,Beige,Summer,2012.0,Ethnic,Shree Women Beige Kurta,46997.jpg
53808,Women,Apparel,Topwear,Cream,Fall,2012.0,Ethnic,Ayaany Women Cream Kurta,53808.jpg
30753,Men,Apparel,Topwear,Blue,Summer,2012.0,Ethnic,Fabindia Men Blue Kurta,30753.jpg
33017,Women,Apparel,Topwear,Green,Summer,2012.0,Ethnic,Mother Earth Women Striped Green Kurta,33017.jpg
21923,Women,Apparel,Topwear,Black,Fall,2011.0,Ethnic,BIBA Women Printed Black Kurta,21923.jpg
24521,Women,Apparel,Topwear,Green,Fall,2011.0,Ethnic,Mother Earth Women Green Printed Kurta,24521.jpg
15837,Women,Apparel,Topwear,Cream,Fall,2011.0,Ethnic,Visudh Red Printed Ethnic Kurta,15837.jpg
15835,Women,Apparel,Topwear,Blue,Fall,2011.0,Ethnic,Visudh Blue Printed Ethnic Kurta,15835.jpg
30851,Women,Apparel,Topwear,Green,Summer,2012.0,Ethnic,Fabindia Women Printed Green Kurta,30851.jpg
47030,Women,Apparel,Topwear,Blue,Fall,2012.0,Ethnic,Shree Women Blue Printed Kurta,47030.jpg
22024,Women,Apparel,Topwear,Red,Fall,2011.0,Ethnic,Vishudh Women Printed  White and Red Kurta,22024.jpg
39177,Women,Apparel,Topwear,Purple,Summer,2012.0,Ethnic,Aneri Women Purple Printed Kurta,39177.jpg
58702,Women,Apparel,Topwear,Multi,Summer,2012.0,Ethnic,ALayna Women Multi Coloured Kurta,58702.jpg
12771,Women,Apparel,Topwear,Pink,Fall,2011.0,Ethnic,Mother Earth Women Chogun Aug Collt Pink Kurtas,12771.jpg
54727,Women,Apparel,Topwear,Grey,Summer,2012.0,Ethnic,Shree Women Grey Printed Kurta,54727.jpg
18280,Women,Apparel,Topwear,Multi,Fall,2011.0,Ethnic,Aneri Women Ada Multi Kurta,18280.jpg
25818,Women,Apparel,Topwear,Pink,Summer,2012.0,Ethnic,Diva Women Printed Pink Kurta,25818.jpg
23319,Women,Apparel,Topwear,Brown,Fall,2011.0,Ethnic,W Women Brown Printed Kurta,23319.jpg
18304,Women,Apparel,Topwear,Pink,Fall,2011.0,Ethnic,Aneri Women Eva Pink Kurta,18304.jpg
20324,Women,Apparel,Topwear,White,Summer,2011.0,Ethnic,Mother Earth Women Printed White Kurta,20324.jpg
40654,Women,Apparel,Topwear,Pink,Summer,2012.0,Ethnic,Span Women Pink Kurta,40654.jpg
58680,Women,Apparel,Topwear,Pink,Fall,2012.0,Ethnic,Alayna Women Pink Kurta,58680.jpg
54573,Women,Apparel,Topwear,Coffee Brown,Summer,2012.0,Ethnic,Sushilas Women Coffee Brown Kurta,54573.jpg
23310,Women,Apparel,Topwear,Green,Fall,2011.0,Ethnic,W Women Green Striped Kurta,23310.jpg
11618,Women,Apparel,Topwear,Yellow,Summer,2011.0,Ethnic,W Women Solid Yellow Kurtas,11618.jpg
53426,Women,Apparel,Topwear,Green,Fall,2012.0,Ethnic,Alma Women Green Kurta,53426.jpg
31311,Women,Apparel,Topwear,Green,Summer,2012.0,Ethnic,W Women Green Kurta,31311.jpg
47023,Women,Apparel,Topwear,Black,Summer,2012.0,Ethnic,Shree Women Black Kurta,47023.jpg
45831,Women,Apparel,Topwear,White,Summer,2012.0,Ethnic,Vishudh Women White Kurta,45831.jpg
39175,Women,Apparel,Topwear,Orange,Summer,2012.0,Ethnic,Aneri Women Orange Printed Kurta,39175.jpg
39469,Women,Apparel,Topwear,White,Summer,2012.0,Ethnic,Diva Women White Kurta,39469.jpg
33049,Women,Apparel,Topwear,Blue,Summer,2012.0,Ethnic,Mother Earth Women Printed Blue Kurta,33049.jpg
42654,Women,Apparel,Topwear,White,Summer,2012.0,Ethnic,Alma Women White Printed Kurta,42654.jpg
30855,Women,Apparel,Topwear,Blue,Summer,2012.0,Ethnic,Fabindia Women Blue Kurta,30855.jpg
45733,Women,Apparel,Topwear,Magenta,Summer,2012.0,Ethnic,Folklore Women Magenta Kurta,45733.jpg
54569,Women,Apparel,Topwear,Grey,Summer,2012.0,Ethnic,Sushilas Women Printed Grey Kurta,54569.jpg
18287,Women,Apparel,Topwear,Multi,Fall,2011.0,Ethnic,Aneri Women Avani Multi Kurta,18287.jpg
30879,Women,Apparel,Topwear,Blue,Summer,2012.0,Ethnic,Fabindia Women Blue Printed Kurta,30879.jpg
42525,Women,Apparel,Topwear,Purple,Summer,2012.0,Ethnic,Mother Earth Women Purple Kurta,42525.jpg
28938,Women,Apparel,Topwear,Blue,Summer,2012.0,Ethnic,BIBA Women Printed Blue Kurta,28938.jpg
22783,Women,Apparel,Topwear,Purple,Summer,2011.0,Ethnic,BIBA Women Printed Purple Kurta,22783.jpg
30764,Men,Apparel,Topwear,White,Summer,2012.0,Ethnic,Fabindia Men Hand Block Printed White Kurta,30764.jpg
21920,Women,Apparel,Topwear,Green,Fall,2011.0,Ethnic,BIBA Women Printed Green Kurta,21920.jpg
21903,Women,Apparel,Topwear,Blue,Fall,2011.0,Ethnic,BIBA Women Printed Blue Kurta,21903.jpg
52101,Women,Apparel,Topwear,White,Summer,2012.0,Ethnic,Myntra Women White Printed Kurta,52101.jpg
21879,Women,Apparel,Topwear,Green,Fall,2011.0,Ethnic,BIBA Women Printed Green Kurta,21879.jpg
19071,Women,Apparel,Topwear,Sea Green,Fall,2011.0,Ethnic,W Women Solid Sea Green Kurta,19071.jpg
56699,Men,Apparel,Topwear,Green,Summer,2012.0,Ethnic,Fabindia Men Green Kurta,56699.jpg
11558,Women,Apparel,Topwear,Green,Summer,2011.0,Ethnic,W Women Printed Blue Kurtas,11558.jpg
30750,Men,Apparel,Topwear,White,Winter,2012.0,Ethnic,Fabindia Men White Striped Khadi Kurta,30750.jpg
40661,Women,Apparel,Topwear,Multi,Summer,2012.0,Ethnic,Span Women Multi Coloured Kurta,40661.jpg
12081,Women,Apparel,Topwear,Purple,Fall,2011.0,Ethnic,W Women Printed Purple Kurtas,12081.jpg
7412,Women,Apparel,Topwear,Pink,Summer,2011.0,Ethnic,W Women V Neck Short Sleeve Pink Kurta,7412.jpg
11592,Women,Apparel,Topwear,White,Summer,2011.0,Ethnic,W Women Printed White Kurtas,11592.jpg
21878,Women,Apparel,Topwear,Purple,Fall,2011.0,Ethnic,BIBA Women Purple Printed Kurta,21878.jpg
54702,Women,Apparel,Topwear,Brown,Fall,2012.0,Ethnic,Shree Women Brown and White Printed Kurta,54702.jpg
24498,Women,Apparel,Topwear,Brown,Fall,2011.0,Ethnic,Mother Earth Women Brown Printed Kurta,24498.jpg
22776,Women,Apparel,Topwear,Pink,Summer,2011.0,Ethnic,BIBA Women Printed Pink Kurta,22776.jpg
40590,Women,Apparel,Topwear,Brown,Summer,2012.0,Ethnic,Aurelia Women Brown Kurta,40590.jpg
39164,Women,Apparel,Topwear,Beige,Summer,2012.0,Ethnic,Aneri Women Beige Kurta,39164.jpg
46241,Women,Apparel,Topwear,Cream,Summer,2012.0,Ethnic,Fusion Beats Women Cream Kurta,46241.jpg
32210,Women,Apparel,Topwear,Black,Summer,2012.0,Ethnic,Fabindia Women Black Kurta,32210.jpg
11611,Women,Apparel,Topwear,Black,Summer,2011.0,Ethnic,W Women Solid Black Kurtas,11611.jpg
42524,Women,Apparel,Topwear,Green,Summer,2012.0,Ethnic,Mother Earth Women Green Kurta,42524.jpg
11630,Women,Apparel,Topwear,Purple,Summer,2011.0,Ethnic,W Women Printed Purple Kurtas,11630.jpg
11583,Women,Apparel,Topwear,White,Summer,2011.0,Ethnic,W Women Printed White Kurtas,11583.jpg
58681,Women,Apparel,Topwear,Black,Summer,2012.0,Ethnic,ALayna Women Black Kurta,58681.jpg
21877,Women,Apparel,Topwear,Blue,Fall,2011.0,Ethnic,BIBA Women Sliver Stripes Blue Kurta,21877.jpg
49770,Women,Apparel,Topwear,Black,Summer,2012.0,Ethnic,Alma Women Black Printed Kurta,49770.jpg
30744,Men,Apparel,Topwear,Blue,Summer,2012.0,Ethnic,Fabindia Men Blue Printed Kurta,30744.jpg
28695,Women,Apparel,Topwear,Beige,Summer,2012.0,Ethnic,W Women Printed Beige Kurta,28695.jpg
47027,Women,Apparel,Topwear,Purple,Fall,2012.0,Ethnic,Shree Women Blue Printed Kurta,47027.jpg
54564,Women,Apparel,Topwear,Maroon,Summer,2012.0,Ethnic,Sushilas Women Printed Maroon Kurta,54564.jpg
24164,Women,Apparel,Topwear,Grey,Fall,2011.0,Ethnic,Aurelia Women Grey Kurta,24164.jpg
30755,Men,Apparel,Topwear,Purple,Summer,2012.0,Ethnic,Fabindia Men Striped Purple Khadi Kurta,30755.jpg
12118,Women,Apparel,Topwear,Brown,Fall,2011.0,Ethnic,Aurelia Women Solid Rust Brown Kurtas,12118.jpg
59363,Women,Apparel,Topwear,Red,Summer,2012.0,Ethnic,Vishudh Women Red & Grey Kurta,59363.jpg
23312,Women,Apparel,Topwear,Green,Fall,2011.0,Ethnic,W Women Green Printed Kurta,23312.jpg
32245,Women,Apparel,Topwear,White,Summer,2012.0,Ethnic,Fabindia Women Printed White Kurta,32245.jpg
59364,Women,Apparel,Topwear,Turquoise Blue,Summer,2012.0,Ethnic,Vishudh Women Turquoise Blue Printed Kurta,59364.jpg
18271,Women,Apparel,Topwear,Blue,Fall,2011.0,Ethnic,Aneri Women Blue Kurta,18271.jpg
18266,Women,Apparel,Topwear,Blue,Fall,2011.0,Ethnic,Aneri Women Swati Blue Kurta,18266.jpg
11563,Women,Apparel,Topwear,Cream,Summer,2011.0,Ethnic,W Women Printed Cream Kurtas,11563.jpg
11559,Women,Apparel,Topwear,White,Summer,2011.0,Ethnic,W Women Printed White Kurtas,11559.jpg
11541,Women,Apparel,Topwear,Blue,Summer,2011.0,Ethnic,W Women Printed Blue Kurtas,11541.jpg
39153,Women,Apparel,Topwear,Brown,Summer,2012.0,Ethnic,Aneri Women Brown Printed Kurta,39153.jpg
53422,Women,Apparel,Topwear,Blue,Fall,2012.0,Ethnic,Alma Women Blue Printed Kurta,53422.jpg
27091,Women,Apparel,Topwear,Brown,Summer,2012.0,Ethnic,Aneri Women Shila Brown Kurta,27091.jpg
25835,Women,Apparel,Topwear,Multi,Summer,2012.0,Ethnic,Diva Women Printed Multi Coloured Kurta,25835.jpg
24514,Women,Apparel,Topwear,Black,Fall,2011.0,Ethnic,Mother Earth Women Black Printed Kurta,24514.jpg
24377,Women,Apparel,Topwear,Green,Fall,2011.0,Ethnic,Folklore Women Green  Kurta,24377.jpg
54599,Women,Apparel,Topwear,Blue,Summer,2012.0,Ethnic,Sushilas Women Printed Blue Kurta,54599.jpg
58664,Women,Apparel,Topwear,Black,Fall,2012.0,Ethnic,Alayna Women Black & Grey Kurta,58664.jpg
24375,Women,Apparel,Topwear,Blue,Fall,2011.0,Ethnic,Folklore Women Blue  Kurta,24375.jpg
35039,Women,Apparel,Topwear,Pink,Summer,2012.0,Ethnic,Fabindia Women Printed Pink Kurta,35039.jpg
22747,Women,Apparel,Topwear,Blue,Fall,2011.0,Ethnic,BIBA Women Printed Blue Kurta,22747.jpg
11536,Women,Apparel,Topwear,Pink,Summer,2011.0,Ethnic,W Women Printed Pink Kurtas,11536.jpg
24233,Women,Apparel,Topwear,Brown,Fall,2012.0,Ethnic,La-Emotio Women Caramel Brown Kurta,24233.jpg
11553,Women,Apparel,Topwear,Red,Summer,2011.0,Ethnic,W Women Printed Red Kurtas,11553.jpg
28706,Women,Apparel,Topwear,Black,Summer,2012.0,Ethnic,W Women Printed Black Kurta,28706.jpg
12139,Women,Apparel,Topwear,Purple,Fall,2011.0,Ethnic,Aurelia Women Solid Purple Kurtas,12139.jpg
11615,Women,Apparel,Topwear,Green,Summer,2011.0,Ethnic,W Women Solid Green Kurtas,11615.jpg
32235,Women,Apparel,Topwear,Blue,Summer,2012.0,Ethnic,Fabindia Women Printed Blue Kurta,32235.jpg
53815,Women,Apparel,Topwear,White,Fall,2012.0,Ethnic,Ayaany Women White Printed Kurta,53815.jpg
18300,Women,Apparel,Topwear,Blue,Fall,2011.0,Ethnic,Aneri Women Zubeda Blue Kurta,18300.jpg
45736,Women,Apparel,Topwear,Black,Summer,2012.0,Ethnic,Folklore Women Black Kurta,45736.jpg
53842,Women,Apparel,Topwear,White,Summer,2012.0,Ethnic,Vishudh Women White Printed Kurta,53842.jpg
45757,Women,Apparel,Topwear,Red,Summer,2012.0,Ethnic,Folklore Women Red Kurta,45757.jpg
20109,Women,Apparel,Topwear,Cream,Fall,2011.0,Ethnic,Diva Women Printed Cream Kurta,20109.jpg
59361,Women,Apparel,Topwear,White,Summer,2012.0,Ethnic,Vishudh Women White Printed Kurta,59361.jpg
33050,Women,Apparel,Topwear,Olive,Summer,2012.0,Ethnic,Mother Earth Women Printed Olive Kurta,33050.jpg
31310,Women,Apparel,Topwear,White,Summer,2012.0,Ethnic,W Women White Printed Kurta,31310.jpg
42429,Women,Apparel,Topwear,Orange,Summer,2012.0,Ethnic,Aurelia  Women Orange Kurta,42429.jpg
11600,Women,Apparel,Topwear,Grey,Summer,2011.0,Ethnic,W Women Printed Grey Kurtas,11600.jpg
15836,Women,Apparel,Topwear,Pink,Fall,2011.0,Ethnic,Visudh Pink Printed Ethnic Kurta,15836.jpg
19074,Women,Apparel,Topwear,Off White,Fall,2011.0,Ethnic,W Women Thread Work Off White Kurta,19074.jpg
35040,Women,Apparel,Topwear,White,Summer,2012.0,Ethnic,Fabindia Women Printed White Kurta,35040.jpg
42647,Women,Apparel,Topwear,Purple,Summer,2012.0,Ethnic,Alma Women Purple Printed Kurta,42647.jpg
28724,Women,Apparel,Topwear,White,Summer,2012.0,Ethnic,W Women Printed White Kurta,28724.jpg
11596,Women,Apparel,Topwear,Navy Blue,Summer,2011.0,Ethnic,W Women Printed Navy Blue Kurtas,11596.jpg
15099,Women,Apparel,Topwear,Green,Fall,2011.0,Ethnic,Mother Earth Women Printed Green Kurtas,15099.jpg
52110,Women,Apparel,Topwear,Sea Green,Summer,2012.0,Ethnic,Myntra Women Sea Green Printed Kurta,52110.jpg
30869,Women,Apparel,Topwear,Beige,Summer,2012.0,Ethnic,Fabindia Women Printed Beige Kurta,30869.jpg
32233,Women,Apparel,Topwear,White,Summer,2012.0,Ethnic,Fabindia Women Printed Pink Kurta,32233.jpg
53416,Women,Apparel,Topwear,Navy Blue,Fall,2012.0,Ethnic,Alma Women Navy Blue Printed Kurta,53416.jpg
39169,Women,Apparel,Topwear,Red,Summer,2012.0,Ethnic,Aneri Women Red Kurta,39169.jpg
54565,Women,Apparel,Topwear,Green,Summer,2012.0,Ethnic,Sushilas Women Green Kurta,54565.jpg
11607,Women,Apparel,Topwear,Grey,Summer,2011.0,Ethnic,W Women Solid Grey Kurtas,11607.jpg
11599,Women,Apparel,Topwear,Green,Summer,2011.0,Ethnic,W Women Printed Green Kurtas,11599.jpg
40579,Women,Apparel,Topwear,Navy Blue,Summer,2012.0,Ethnic,W Women Navy Blue Kurta,40579.jpg
20323,Women,Apparel,Topwear,Black,Summer,2011.0,Ethnic,Mother Earth Women Printed Black Kurta,20323.jpg
30722,Boys,Apparel,Topwear,Maroon,Summer,2012.0,Ethnic,Fabindia Boys Printed Maroon Kurta,30722.jpg
7417,Women,Apparel,Topwear,Blue,Summer,2011.0,Ethnic,W Women Sqaure Neck Short Sleeve Blue Kurta,7417.jpg
42555,Women,Apparel,Topwear,Purple,Summer,2012.0,Ethnic,Mother Earth Women Purple Kurta,42555.jpg
23309,Women,Apparel,Topwear,Black,Fall,2011.0,Ethnic,W Women Black Kurta,23309.jpg
28872,Women,Apparel,Topwear,Multi,Summer,2012.0,Ethnic,BIBA Women Printed Multi Coloured Kurta,28872.jpg
46999,Women,Apparel,Topwear,Orange,Summer,2012.0,Ethnic,Shree Women Orange Kurta,46999.jpg
23329,Women,Apparel,Topwear,Brown,Fall,2011.0,Ethnic,W Women Brown Kurta,23329.jpg
12129,Women,Apparel,Topwear,Pink,Fall,2011.0,Ethnic,Aurelia Women Printed Pink Kurtas,12129.jpg
25829,Women,Apparel,Topwear,Green,Summer,2012.0,Ethnic,Diva Women Printed Green Kurta,25829.jpg
23227,Women,Apparel,Topwear,Maroon,Fall,2011.0,Ethnic,Aneri Women Samira Maroon Kurta,23227.jpg
40568,Women,Apparel,Topwear,White,Summer,2012.0,Ethnic,W Women White Printed Kurta,40568.jpg
28693,Women,Apparel,Topwear,Rust,Summer,2012.0,Ethnic,W Women Striped Rust Kurta,28693.jpg
33038,Women,Apparel,Topwear,Brown,Summer,2012.0,Ethnic,Mother Earth Women Printed Multi Coloured Kurta,33038.jpg
27107,Women,Apparel,Topwear,Black,Summer,2012.0,Ethnic,Aneri Women Khajana Black Kurta,27107.jpg
46253,Women,Apparel,Topwear,White,Summer,2012.0,Ethnic,Fusion Beats Women White Printed Kurta,46253.jpg
44560,Men,Footwear,Sandal,Black,Summer,2012.0,Casual,Coolers Men Black Sandals,44560.jpg
35664,Men,Footwear,Sandal,Black,Summer,2013.0,Casual,U.S. Polo Assn. Men Black Sandals,35664.jpg
2805,Men,Footwear,Sandal,Black,Fall,2009.0,Casual,iD Men Casual Leather/Felt Charcoal Sandal,2805.jpg
5611,Men,Footwear,Sandal,Black,Summer,2011.0,Casual,ADIDAS Men Kendall Black Grey Floater,5611.jpg
7330,Men,Footwear,Sandal,Black,Summer,2013.0,Casual,Red Tape Men Strappy Black Floater,7330.jpg
4108,Men,Footwear,Sandal,Navy Blue,Summer,2012.0,Casual,Fila Men Aruba Navy Grey Sandal,4108.jpg
33662,Men,Footwear,Sandal,Black,Summer,2012.0,Casual,Lotto Men Caesar Cross Black Sandals,33662.jpg
16177,Men,Footwear,Sandal,Black,Summer,2012.0,Casual,Enroute Men Leather Black Sandals,16177.jpg
59311,Men,Footwear,Sandal,Black,Fall,2012.0,Casual,Gliders Men Black Sandals,59311.jpg
29239,Men,Footwear,Sandal,Black,Summer,2012.0,Casual,ADIDAS Men Pural Black Sandals,29239.jpg
22883,Men,Footwear,Sandal,Khaki,Winter,2015.0,Casual,Woodland Men Khaki Casual Sandals,22883.jpg
13122,Men,Footwear,Sandal,Brown,Fall,2011.0,Casual,Lee Cooper Men Brown Sandals,13122.jpg
47170,Men,Footwear,Sandal,Brown,Summer,2012.0,Casual,Ganuchi Men Brown Sandals,47170.jpg
15889,Girls,Footwear,Sandal,Pink,Winter,2012.0,Casual,Warner Bros Kids Girls TW Big Facelog Pink Sandals,15889.jpg
57505,Men,Footwear,Sandal,Black,Summer,2012.0,Casual,Lee Cooper Men Black  Sandals,57505.jpg
17816,Men,Footwear,Sandal,Brown,Fall,2011.0,Casual,Lee Cooper Men  Brown Sandal,17816.jpg
57940,Men,Footwear,Sandal,Grey,Spring,2012.0,Casual,Clarks Men Grey Sandals,57940.jpg
15890,Girls,Footwear,Sandal,Pink,Spring,2013.0,Casual,Warner Bros Kids Girls TW Rainbow Clog Pink Sandals,15890.jpg
3577,Men,Footwear,Sandal,Black,Summer,2011.0,Casual,ADIDAS Men Black Alumin Sandal,3577.jpg
57507,Men,Footwear,Sandal,Black,Summer,2012.0,Casual,Lee Cooper Men Black  Sandals,57507.jpg
43545,Men,Footwear,Sandal,Brown,Summer,2012.0,Casual,Woodland Men Brown Sandals,43545.jpg
39961,Men,Footwear,Sandal,Brown,Spring,2013.0,Casual,GAS Men Brown Madly Sandals,39961.jpg
17961,Men,Footwear,Sandal,Grey,Fall,2011.0,Casual,Puma Men Scuba Grey Slipper,17961.jpg
35523,Girls,Footwear,Sandal,Purple,Summer,2012.0,Casual,Enroute Teens Purple Sandals,35523.jpg
22894,Men,Footwear,Sandal,Brown,Summer,2016.0,Casual,Woodland Men Camel Casual Sandals,22894.jpg
17051,Men,Footwear,Sandal,Tan,Spring,2013.0,Casual,Gas Men Venice Slipper,17051.jpg
5296,Men,Footwear,Sandal,Black,Summer,2011.0,Casual,Puma Men Black Floater,5296.jpg
17053,Men,Footwear,Sandal,Brown,Spring,2013.0,Casual,Gas Men Newport Slipper,17053.jpg
50776,Men,Footwear,Sandal,Brown,Winter,2013.0,Casual,Clarks Men Brown Leather Sandals,50776.jpg
45578,Men,Footwear,Sandal,Brown,Summer,2012.0,Casual,Arrow Men Brown Sandals,45578.jpg
6403,Men,Footwear,Sandal,Grey,Summer,2011.0,Casual,Lotto Men Quick Sports Grey Floater,6403.jpg
15868,Unisex,Footwear,Sandal,Brown,Fall,2011.0,Casual,Warner Bros Kids Unisex TJ Playlogs Brown Sandals,15868.jpg
16115,Men,Footwear,Sandal,Navy Blue,Fall,2011.0,Casual,Numero Uno Men Casual Navy Blue Slipper,16115.jpg
44535,Men,Footwear,Sandal,Black,Summer,2012.0,Casual,Coolers Men Black Sandals,44535.jpg
36421,Men,Footwear,Sandal,Grey,Spring,2013.0,Casual,Spinn Men Aura Grey Sandals,36421.jpg
6130,Unisex,Footwear,Sandal,Green,Summer,2011.0,Casual,Puma Unisex Scuba Black Green Floater,6130.jpg
33646,Men,Footwear,Sandal,Black,Summer,2012.0,Casual,Lotto Men Ridge Black Sandals,33646.jpg
22487,Men,Footwear,Sandal,Black,Fall,2011.0,Casual,ADIDAS Men Onix Casual Sandals,22487.jpg
39285,Men,Footwear,Sandal,Black,Summer,2018.0,Casual,Red Chief Men Black Sandals,39285.jpg
39818,Men,Footwear,Sandal,Black,Summer,2012.0,Casual,Red Tape Men Black Sandals,39818.jpg
22248,Men,Footwear,Sandal,Green,Fall,2012.0,Casual,ID Men Green Casual Sandals,22248.jpg
36687,Men,Footwear,Sandal,Navy Blue,Summer,2012.0,Casual,Spalding Men Grey And  Navy Blue Sandals,36687.jpg
22888,Men,Footwear,Sandal,Brown,Summer,2012.0,Casual,Woodland Men Brown Casual Sandals,22888.jpg
29242,Men,Footwear,Sandal,Black,Spring,2013.0,Casual,ADIDAS Men Zephyral Black Sandals,29242.jpg
12720,Unisex,Footwear,Sandal,Black,Fall,2011.0,Casual,ADIDAS Unisex Casual Black Sandals,12720.jpg
16969,Men,Footwear,Sandal,Black,Fall,2011.0,Casual,Puma Men Coupe Black Sandal,16969.jpg
3504,Men,Footwear,Sandal,Brown,Fall,2010.0,Casual,ADIDAS Men Spry Wine Black Sandal,3504.jpg
7371,Men,Footwear,Sandal,Brown,Winter,2018.0,Casual,Red Tape Men Casual Light Brown Floater,7371.jpg
44447,Men,Footwear,Sandal,Black,Summer,2013.0,Casual,Gliders Men Black Fighter Sandals,44447.jpg
47096,Boys,Footwear,Sandal,Red,Fall,2012.0,Casual,Marvel Boys Red Sandals,47096.jpg
16981,Men,Footwear,Sandal,Blue,Spring,2012.0,Casual,Puma Men Arizona Blue Slipper,16981.jpg
44532,Men,Footwear,Sandal,Black,Summer,2012.0,Casual,Coolers Men Black Sandals,44532.jpg
39958,Men,Footwear,Sandal,Brown,Spring,2013.0,Casual,GAS Men Brown Deeply Sandals,39958.jpg
16120,Men,Footwear,Sandal,White,Fall,2011.0,Casual,Numero Uno Men Casual White Slipper,16120.jpg
15071,Men,Footwear,Sandal,Brown,Fall,2012.0,Casual,Ganuchi Men Brown Sandals,15071.jpg
21095,Men,Footwear,Sandal,Brown,Summer,2011.0,Casual,Clarks Men Vine Call Brown Sandal,21095.jpg
43957,Women,Footwear,Sandal,Grey,Fall,2012.0,Casual,Puma Women Grey Techno Ind Sandals,43957.jpg
47115,Boys,Footwear,Sandal,Blue,Fall,2012.0,Casual,Marvel Boys Blue Slippers,47115.jpg
39813,Men,Footwear,Sandal,Brown,Summer,2013.0,Casual,Red Tape Men Brown Sandals,39813.jpg
44544,Men,Footwear,Sandal,Black,Summer,2012.0,Casual,Coolers Men Black Sandals,44544.jpg
44568,Men,Footwear,Sandal,Brown,Summer,2012.0,Casual,Coolers Men Brown Sandals,44568.jpg
9019,Men,Footwear,Sandal,Brown,Winter,2011.0,Casual,Buckaroo Men Mar Brown Sandals,9019.jpg
40308,Unisex,Footwear,Sandal,Green,Winter,2013.0,Casual,Warner Bros Kids Green sandals,40308.jpg
22882,Men,Footwear,Sandal,Olive,Winter,2015.0,Casual,Woodland Men Olive Casual Sandals,22882.jpg
47222,Men,Footwear,Sandal,Brown,Summer,2012.0,Casual,Franco Leone Men Brown Sandals,47222.jpg
33660,Men,Footwear,Sandal,Black,Summer,2012.0,Casual,Lotto Men Sting II Black Sandals,33660.jpg
41869,Men,Footwear,Sandal,Yellow,Fall,2015.0,Casual,Estd. 1977 Men Yellow & Brown Sandals,41869.jpg
35643,Men,Footwear,Sandal,Brown,Summer,2012.0,Casual,U.S. Polo Assn. Men Brown Sandals,35643.jpg
46845,Girls,Footwear,Sandal,Pink,Winter,2012.0,Casual,Barbie Pink Girls Slippers,46845.jpg
45577,Men,Footwear,Sandal,Black,Summer,2010.0,Casual,Arrow Men Black Sandals,45577.jpg
46094,Men,Footwear,Sandal,Grey,Summer,2012.0,Casual,ADIDAS Men Grey Climacool Cayoosh Sandals,46094.jpg
24686,Men,Footwear,Sandal,Black,Fall,2011.0,Casual,Lee Cooper Men Classic Black Sandals,24686.jpg
34522,Men,Footwear,Sandal,Brown,Summer,2012.0,Casual,Red Tape Men Brown Sandals,34522.jpg
47175,Men,Footwear,Sandal,Black,Summer,2012.0,Casual,Ganuchi Men Black Sandals,47175.jpg
47178,Men,Footwear,Sandal,Black,Summer,2012.0,Casual,Ganuchi Men Black Sandals,47178.jpg
6366,Unisex,Footwear,Sandal,Brown,Summer,2011.0,Casual,Crocs Kids Unisex Basic Clog Khaki Floater,6366.jpg
16239,Unisex,Footwear,Sandal,Pink,Fall,2011.0,Casual,Crocs Beach Unisex Pink Sandal,16239.jpg
11942,Men,Footwear,Sandal,Black,Summer,2011.0,Casual,Ganuchi Men Casual Black Sandals,11942.jpg
4628,Men,Footwear,Sandal,Brown,Summer,2011.0,Casual,ADIDAS Men Terra Lea Brown Sandal,4628.jpg
7966,Men,Footwear,Sandal,Black,Summer,2013.0,Casual,Red Tape Men Casual Black Floater,7966.jpg
11963,Men,Footwear,Sandal,Brown,Fall,2012.0,Casual,Ganuchi Men Brown Sandals,11963.jpg
35543,Girls,Footwear,Sandal,Black,Summer,2012.0,Casual,Enroute Teens Black Sandals,35543.jpg
18401,Men,Footwear,Sandal,Brown,Fall,2011.0,Casual,Skechers Men USA Brown Sandals,18401.jpg
23675,Men,Footwear,Sandal,Black,Winter,2018.0,Casual,Red Tape Men Black Casual Sandals,23675.jpg
15851,Unisex,Footwear,Sandal,Red,Fall,2011.0,Casual,Warner Bros Kids Unisex TJ Playlogs Red Sandals,15851.jpg
44522,Men,Footwear,Sandal,White,Fall,2012.0,Casual,Coolers Men White Sandals,44522.jpg
47493,Unisex,Footwear,Sandal,Grey,Fall,2012.0,Casual,Footfun Kids Unisex Grey Sandals,47493.jpg
22893,Men,Footwear,Sandal,Khaki,Summer,2012.0,Casual,Woodland Men Khaki Casual Sandals,22893.jpg
6408,Men,Footwear,Sandal,Beige,Summer,2011.0,Casual,Lotto Men Cross Beige Floater,6408.jpg
35644,Men,Footwear,Sandal,Black,Spring,2013.0,Casual,U.S. Polo Assn. Men Black Sandals,35644.jpg
13904,Men,Footwear,Sandal,Grey,Fall,2011.0,Casual,Nike Men Straprunner Grey Sandals,13904.jpg
59323,Men,Footwear,Sandal,Black,Summer,2012.0,Casual,Gliders Men Black Sandals,59323.jpg
35554,Girls,Footwear,Sandal,Pink,Summer,2012.0,Casual,Enroute Teens Pink Sandals,35554.jpg
41873,Men,Footwear,Sandal,Brown,Summer,2016.0,Casual,Estd. 1977 Men Brown Sandals,41873.jpg
12961,Men,Footwear,Sandal,Brown,Fall,2011.0,Casual,ADIDAS Men Casual Brown Sandals,12961.jpg
15888,Girls,Footwear,Sandal,Green,Fall,2012.0,Casual,Warner Bros Kids Girls TW Big Facelog Green Sandals,15888.jpg
22891,Men,Footwear,Sandal,Brown,Summer,2012.0,Casual,Woodland Men Brown Casual Sandals,22891.jpg
39284,Men,Footwear,Sandal,Khaki,Winter,2018.0,Casual,Red Chief Men Khaki Sandals,39284.jpg
39815,Men,Footwear,Sandal,Black,Summer,2013.0,Casual,Red Tape Men Black Sandals,39815.jpg
22171,Men,Footwear,Sandal,Brown,Fall,2012.0,Casual,Timberland Men Brown Sandals,22171.jpg
41864,Men,Footwear,Sandal,Brown,Summer,2016.0,Casual,Estd. 1977 Men Brown Sandals,41864.jpg
47179,Men,Footwear,Sandal,Black,Summer,2012.0,Casual,Ganuchi Men Black Sandals,47179.jpg
28333,Men,Footwear,Sandal,Brown,Winter,2018.0,Casual,Red Tape Men Casual Brown Sandals,28333.jpg
22250,Men,Footwear,Sandal,Brown,Fall,2012.0,Casual,ID Men Brown Casual Sandal,22250.jpg
17976,Men,Footwear,Sandal,Black,Fall,2011.0,Casual,Puma Men Hopper Black Sandal,17976.jpg
6407,Men,Footwear,Sandal,Black,Summer,2011.0,Casual,Lotto Men Cross Black Floater,6407.jpg
41880,Men,Footwear,Sandal,Brown,Fall,2014.0,Casual,Estd. 1977 Men Brown Sandals,41880.jpg
15068,Men,Footwear,Sandal,Black,Fall,2012.0,Casual,Ganuchi Men Black Sandal,15068.jpg
44523,Men,Footwear,Sandal,Brown,Summer,2012.0,Casual,Coolers Men Brown Sandals,44523.jpg
5599,Men,Footwear,Sandal,Black,Summer,2011.0,Sports,Reebok Men's Trail Surpant Black Orange Shoe,5599.jpg
35648,Men,Footwear,Sandal,Brown,Summer,2012.0,Casual,U.S. Polo Assn. Men Brown Sandals,35648.jpg
6145,Unisex,Footwear,Sandal,Black,Summer,2011.0,Casual,Puma Unisex K9 Black Green Floater,6145.jpg
11917,Men,Footwear,Sandal,Brown,Summer,2011.0,Casual,Franco Leone Men Casual Brown Sandals,11917.jpg
39740,Men,Footwear,Sandal,Brown,Summer,2012.0,Casual,Arrow Men Brown Sandals,39740.jpg
2213,Men,Footwear,Sandal,Brown,Fall,2010.0,Casual,Puma Men Brown Sandal,2213.jpg
35537,Girls,Footwear,Sandal,Black,Summer,2012.0,Casual,Enroute Kids Girls Black Sandals,35537.jpg
42010,Men,Footwear,Sandal,Brown,Summer,2015.0,Casual,Estd. 1977 Men Brown Sandals,42010.jpg
15864,Unisex,Footwear,Sandal,Navy Blue,Fall,2012.0,Casual,Warner Bros Kids Unisex SD FAce Sandal Navy Blue Sandals,15864.jpg
28325,Men,Footwear,Sandal,Brown,Winter,2018.0,Casual,Red Tape Men Brown Sandals,28325.jpg
41458,Men,Footwear,Sandal,Grey,Summer,2013.0,Casual,Lee Cooper Men Grey Sandals,41458.jpg
26706,Men,Footwear,Sandal,White,Fall,2011.0,Casual,Nike Men Bennasi Solarsift White Sandals,26706.jpg
4648,Men,Footwear,Sandal,Brown,Summer,2011.0,Casual,ADIDAS Men Neo Feather Brown Sandal,4648.jpg
16111,Men,Footwear,Sandal,Brown,Fall,2011.0,Casual,Numero Uno Men Casual Brown Slipper,16111.jpg
11946,Men,Footwear,Sandal,Brown,Summer,2012.0,Casual,Ganuchi Men Casual Brown Sandals,11946.jpg
44539,Men,Footwear,Sandal,Black,Summer,2012.0,Casual,Coolers Men Black Sandals,44539.jpg
44443,Men,Footwear,Sandal,Black,Fall,2012.0,Casual,Gliders Men Black & Brown Volant Sandals,44443.jpg
44563,Men,Footwear,Sandal,Black,Summer,2012.0,Casual,Coolers Men Black Sandals,44563.jpg
15857,Unisex,Footwear,Sandal,Blue,Spring,2013.0,Casual,Warner Bros Kids Unisex LT Blug Clog Blue Sandals,15857.jpg
25492,Men,Footwear,Sandal,Black,Summer,2012.0,Casual,Nike Men Air Embark Black Sandals,25492.jpg
17047,Men,Footwear,Sandal,Brown,Spring,2013.0,Casual,Gas Men Santa Monica Slipper,17047.jpg
16973,Men,Footwear,Sandal,Olive,Fall,2011.0,Casual,Puma Men Cooper Black Sandal,16973.jpg
44520,Men,Footwear,Sandal,Khaki,Summer,2012.0,Casual,Coolers Men Khaki Sandals,44520.jpg
41875,Men,Footwear,Sandal,Brown,Fall,2014.0,Casual,Estd. 1977 Men Brown Sandals,41875.jpg
26707,Men,Footwear,Sandal,Black,Summer,2011.0,Casual,Nike Men Black Mikumi Sandals,26707.jpg
28324,Men,Footwear,Sandal,Black,Winter,2018.0,Casual,Red Tape Men Casual Black Sandals,28324.jpg
24476,Men,Footwear,Sandal,Brown,Fall,2011.0,Casual,Crocs Men Brown Yukon Sandals,24476.jpg
4110,Men,Footwear,Sandal,Green,Summer,2011.0,Casual,Fila Men Obsidian Olive Sandal,4110.jpg
15070,Men,Footwear,Sandal,Brown,Fall,2012.0,Casual,Ganuchi Men Brown Sandal,15070.jpg
6729,Men,Footwear,Sandal,Green,Winter,2011.0,Casual,Puma Men Pumpom Olive Black Floater,6729.jpg
2821,Men,Footwear,Sandal,Brown,Summer,2012.0,Formal,Lee Cooper Men Formal Leather Brown Sandal,2821.jpg
35699,Men,Footwear,Sandal,Black,Summer,2012.0,Casual,Nike Men Air Deschutz Black Sandals,35699.jpg
12866,Men,Footwear,Sandal,Black,Spring,2012.0,Casual,Lee Cooper Men Casual Black Slippers,12866.jpg
9212,Men,Footwear,Sandal,Black,Fall,2011.0,Casual,Puma Men Apex Black Floaters,9212.jpg
23895,Men,Footwear,Sandal,Olive,Summer,2012.0,Casual,Fila Men Corvette Olive Sandals,23895.jpg
3583,Men,Footwear,Sandal,Blue,Summer,2011.0,Casual,ADIDAS Men's Blue White Flip Flop,3583.jpg
9101,Men,Footwear,Sandal,Black,Winter,2011.0,Casual,Buckaroo Men Luz Black Sandals,9101.jpg
47231,Men,Footwear,Sandal,Black,Summer,2012.0,Casual,Franco Leone Men Black Slippers,47231.jpg
44521,Men,Footwear,Sandal,Black,Summer,2012.0,Casual,Coolers Men Black Sandals,44521.jpg
16162,Men,Footwear,Sandal,Black,Fall,2011.0,Casual,Enroute Men Leather Black Sandals,16162.jpg
39286,Men,Footwear,Sandal,Tan,Summer,2018.0,Casual,Red Chief Men Tan Sandals,39286.jpg
32517,Men,Footwear,Sandal,Brown,Summer,2013.0,Casual,Franco Leone Men Brown Sandals,32517.jpg
50728,Men,Footwear,Sandal,Black,Winter,2018.0,Casual,Red Chief Men Black Sandals,50728.jpg
5288,Men,Footwear,Sandal,Brown,Summer,2011.0,Casual,Lee Cooper Men Brown Floater,5288.jpg
2220,Men,Footwear,Sandal,Black,Fall,2010.0,Sports,Puma Men Carbon Black Sandal,2220.jpg
18493,Men,Footwear,Sandal,Multi,Fall,2011.0,Casual,Puma Men Duncan Multi Slipper,18493.jpg
9718,Men,Footwear,Sandal,Brown,Fall,2011.0,Casual,Hush Puppies Men Walsh Brown Sandals,9718.jpg
35555,Girls,Footwear,Sandal,Red,Summer,2012.0,Casual,Enroute Teens Red Sandals,35555.jpg
41867,Men,Footwear,Sandal,Red,Summer,2016.0,Casual,Estd. 1977 Men Red & Brown Sandals,41867.jpg
35504,Men,Footwear,Sandal,Olive,Summer,2012.0,Casual,Bata Men Hummer-p Olive Sandals,35504.jpg
8752,Unisex,Footwear,Sandal,Purple,Fall,2015.0,Casual,Crocs Kids Band Club Purple Floater,8752.jpg
3836,Men,Footwear,Sandal,Brown,Summer,2011.0,Casual,Crocs Men Santa Cruz Clog Espresso Brown Sandal,3836.jpg
47112,Boys,Footwear,Sandal,Red,Spring,2013.0,Casual,Marvel Boys Red Spiderman Clogs,47112.jpg
50734,Men,Footwear,Sandal,Brown,Winter,2018.0,Casual,Red Chief Men Brown Sandals,50734.jpg
9705,Men,Footwear,Sandal,Brown,Winter,2015.0,Formal,Hush Puppies Men Decent Brown Sandals,9705.jpg
41866,Men,Footwear,Sandal,Beige,Fall,2015.0,Casual,Estd. 1977 Men Beige & Green Sandals,41866.jpg
41455,Men,Footwear,Sandal,Grey,Summer,2012.0,Casual,Lee Cooper Men Grey Sandals,41455.jpg
34083,Men,Footwear,Sandal,Brown,Fall,2012.0,Casual,Clarks Men Atl Three Ebony Leather Brown Sandals,34083.jpg
47218,Men,Footwear,Sandal,Brown,Summer,2012.0,Casual,Franco Leone Men Brown Sandals,47218.jpg
2233,Men,Footwear,Sandal,Black,Fall,2010.0,Casual,Puma Men Carbon Sandal,2233.jpg
15862,Unisex,Footwear,Sandal,Blue,Fall,2012.0,Casual,Warner Bros Kids Unisex SD Face Sandal Blue Sandals,15862.jpg
2211,Men,Footwear,Sandal,Navy Blue,Fall,2010.0,Casual,Puma Men Trek Navy Blue Floater,2211.jpg
47118,Boys,Footwear,Sandal,Red,Spring,2013.0,Casual,Marvel Boys Red Spiderman Clogs,47118.jpg
39816,Men,Footwear,Sandal,Brown,Summer,2012.0,Casual,Red Tape Men Brown Sandals,39816.jpg
15367,Men,Footwear,Sandal,Brown,Summer,2012.0,Casual,Red Tape Men Casual Brown Sandals,15367.jpg
26543,Men,Footwear,Sandal,Black,Fall,2012.0,Casual,ID Men Black & Yellow Sandals,26543.jpg
35562,Girls,Footwear,Sandal,White,Summer,2012.0,Casual,Enroute Teens White Sandals,35562.jpg
35545,Girls,Footwear,Sandal,Brown,Summer,2012.0,Casual,Enroute Teens Brown Sandals,35545.jpg
33649,Men,Footwear,Sandal,Black,Summer,2012.0,Casual,Lotto Men Stride Black Sandals,33649.jpg
43958,Men,Footwear,Sandal,Olive,Fall,2012.0,Casual,Puma Men Olive Techno Ind Sandal,43958.jpg
40306,Unisex,Footwear,Sandal,White,Winter,2013.0,Casual,Warner Bros Unisex White Kids sandals,40306.jpg
11935,Men,Footwear,Sandal,Black,Summer,2012.0,Casual,Ganuchi Men Casual Black Slipper,11935.jpg
4447,Men,Footwear,Sandal,Black,Summer,2011.0,Casual,Nike Men Extra Wilderness Black Orange Sandal,4447.jpg
13973,Men,Footwear,Sandal,Green,Fall,2011.0,Casual,Puma Men Tropi Cat Green Slippers,13973.jpg
35166,Men,Footwear,Sandal,Brown,Summer,2012.0,Casual,Coolers by Liberty Men Brown Sandals,35166.jpg
6396,Men,Footwear,Sandal,Beige,Summer,2011.0,Casual,Lotto Men Revenge 02 Beige Grey Floater,6396.jpg
7970,Unisex,Footwear,Sandal,Brown,Fall,2012.0,Casual,Fila Unisex Aqua Gripparre Brown Sandals,7970.jpg
2802,Men,Footwear,Sandal,Multi,Fall,2009.0,Casual,iD Men Casual Leather Tmber Sandal,2802.jpg
17044,Men,Footwear,Sandal,Brown,Summer,2013.0,Casual,Gas Men Aventura Sandal,17044.jpg
32508,Men,Footwear,Sandal,Brown,Winter,2015.0,Casual,Franco Leone Men Brown Sandals,32508.jpg
23900,Unisex,Footwear,Sandal,Black,Summer,2012.0,Casual,Fila Unisex Wiser Black Sandals,23900.jpg
15253,Men,Footwear,Sandal,White,Fall,2011.0,Casual,ADIDAS Originals Men Adi Sun M White Slippers,15253.jpg
39820,Men,Footwear,Sandal,Black,Summer,2012.0,Casual,Red Tape Men Black Sandals,39820.jpg
35592,Men,Footwear,Sandal,Navy Blue,Summer,2013.0,Casual,Gliders Men Navy Blue Sandals,35592.jpg
11941,Men,Footwear,Sandal,Tan,Fall,2011.0,Casual,Ganuchi Men Casual Tan Sandals,11941.jpg
39823,Men,Footwear,Sandal,Brown,Summer,2012.0,Casual,Red Tape Men Brown Sandals,39823.jpg
33655,Men,Footwear,Sandal,Black,Summer,2012.0,Casual,Lotto Men Red Zeus Sandals,33655.jpg
19770,Men,Footwear,Sandal,Black,Spring,2012.0,Casual,ADIDAS Men Feather Black Sandals,19770.jpg
2224,Men,Footwear,Sandal,Green,Fall,2010.0,Casual,Puma Men's Trek Olive Green Sandal,2224.jpg
2636,Men,Footwear,Sandal,Brown,Fall,2010.0,Casual,Carlton London Men Brown Strapped Sandal,2636.jpg
18497,Men,Footwear,Sandal,Black,Fall,2011.0,Casual,Puma Men Future Cat Black Slipper,18497.jpg
35165,Men,Footwear,Sandal,Black,Fall,2012.0,Casual,Coolers Men Black Sandals,35165.jpg
44553,Men,Footwear,Sandal,Brown,Summer,2012.0,Casual,Coolers Men Brown Sandals,44553.jpg
33688,Men,Footwear,Sandal,White,Winter,2012.0,Casual,Cobblerz Men White Sandals,33688.jpg
23297,Men,Footwear,Sandal,Red,Fall,2011.0,Casual,Lotto Men Zeus Red Sandal,23297.jpg
19900,Men,Footwear,Sandal,Black,Fall,2011.0,Casual,Lotto Men Hermes Black Sandal,19900.jpg
47232,Men,Footwear,Sandal,Brown,Summer,2012.0,Casual,Franco Leone Men Brown Sandals,47232.jpg
35647,Men,Footwear,Sandal,Brown,Summer,2012.0,Casual,U.S. Polo Assn. Men Brown Sandals,35647.jpg
59349,Men,Footwear,Sandal,Brown,Summer,2012.0,Casual,Gliders Men Brown Sandals,59349.jpg
18498,Men,Footwear,Sandal,Black,Fall,2011.0,Casual,Puma Men Gypse-II Black Sandals,18498.jpg
43546,Men,Footwear,Sandal,Black,Summer,2012.0,Casual,Woodland Men Black Sandals,43546.jpg
57503,Men,Footwear,Sandal,Brown,Summer,2012.0,Casual,Lee Cooper Men Brown Sandals,57503.jpg
41876,Men,Footwear,Sandal,Black,Summer,2016.0,Casual,Estd. 1977 Men Beige & Black Sandals,41876.jpg
6405,Men,Footwear,Sandal,Brown,Summer,2011.0,Casual,Lotto Men Cross Brown Floater,6405.jpg
5616,Men,Footwear,Sandal,Brown,Summer,2011.0,Casual,ADIDAS Men Comanche Brown Floater,5616.jpg
22890,Men,Footwear,Sandal,Olive,Summer,2012.0,Casual,Woodland Men Olive Casual Sandals,22890.jpg
41859,Men,Footwear,Sandal,Black,Summer,2016.0,Casual,Estd. 1977 Men Black Sandals,41859.jpg
44824,Men,Footwear,Sandal,Tan,Winter,2013.0,Casual,Clarks Men Tan Brown Leather Sandals,44824.jpg
47224,Men,Footwear,Sandal,Brown,Summer,2012.0,Casual,Franco Leone Men Brown Slippers,47224.jpg
11943,Men,Footwear,Sandal,Brown,Winter,2012.0,Casual,Ganuchi Men Brown Sandals,11943.jpg
35558,Girls,Footwear,Sandal,Silver,Summer,2012.0,Casual,Enroute Teens Silver Sandals,35558.jpg
2820,Men,Footwear,Sandal,Black,Summer,2012.0,Formal,Lee Cooper Men Formal Leather Black Sandal,2820.jpg
38787,Men,Footwear,Sandal,Brown,Winter,2015.0,Casual,Woodland Men Brown Sandals,38787.jpg
39737,Men,Footwear,Sandal,Black,Summer,2012.0,Casual,Arrow Men Black Sandals,39737.jpg
18670,Men,Footwear,Sandal,Black,Fall,2011.0,Casual,Fila Men Cavander Black Sandals,18670.jpg
26546,Men,Footwear,Sandal,Black,Fall,2012.0,Casual,ID Men Black & Red Sandals,26546.jpg
35561,Girls,Footwear,Sandal,Pink,Summer,2012.0,Casual,Enroute Teens Pink Sandals,35561.jpg
23899,Men,Footwear,Sandal,Brown,Fall,2011.0,Casual,Fila Men Wiser Brown Sandals,23899.jpg
36693,Men,Footwear,Sandal,Brown,Summer,2012.0,Casual,Spalding Men Brown Sandals,36693.jpg
4106,Men,Footwear,Sandal,Grey,Summer,2011.0,Casual,Fila Men Tremor Grey Sandal,4106.jpg
6824,Men,Footwear,Sandal,Brown,Fall,2012.0,Casual,Timberland Men Granite Trailway Brown Floater,6824.jpg
11940,Men,Footwear,Sandal,Black,Summer,2011.0,Casual,Ganuchi Men Casual Black Sandals,11940.jpg
3833,Unisex,Footwear,Sandal,Pink,Summer,2011.0,Casual,Crocs Kid's Electro Flip Bubblegum Fuchsia Pink Kidswear,3833.jpg
43377,Men,Footwear,Sandal,Navy Blue,Summer,2013.0,Casual,Reebok Men Navy Blue Coalition Sandals,43377.jpg
12965,Men,Footwear,Sandal,Black,Fall,2011.0,Casual,ADIDAS Men Comanche Black Sandals,12965.jpg
50736,Men,Footwear,Sandal,Brown,Winter,2018.0,Casual,Red Chief Men Brown Sandals,50736.jpg
38786,Men,Footwear,Sandal,Brown,Winter,2015.0,Casual,Woodland Men Brown Sandals,38786.jpg
40311,Unisex,Footwear,Sandal,Pink,Winter,2013.0,Casual,Warner Bros Kids Unisex Pink Sandals,40311.jpg
50756,Men,Footwear,Sandal,Brown,Winter,2018.0,Casual,Red Chief Men Brown Sandals,50756.jpg
44426,Unisex,Footwear,Sandal,Blue,Summer,2012.0,Casual,Footfun Kids Unisex Blue Sandals,44426.jpg
39821,Men,Footwear,Sandal,Black,Summer,2012.0,Casual,Red Tape Men Black Sandals,39821.jpg
15853,Girls,Footwear,Sandal,Green,Fall,2012.0,Casual,Warner Bros Kids Girls TW Love flops Green Slippers,15853.jpg
47217,Men,Footwear,Sandal,Black,Summer,2012.0,Casual,Franco Leone Men Black Sandals,47217.jpg
6400,Men,Footwear,Sandal,Black,Summer,2011.0,Casual,Lotto Men Laos Black Grey Floater,6400.jpg
11918,Men,Footwear,Sandal,Black,Summer,2011.0,Casual,Franco Leone Men Casual Black Sandals,11918.jpg
43547,Men,Footwear,Sandal,Brown,Summer,2012.0,Casual,Woodland Men Brown Sandals,43547.jpg
11944,Men,Footwear,Sandal,Blue,Summer,2012.0,Casual,Ganuchi Men Casual Blue Sandals,11944.jpg
23298,Men,Footwear,Sandal,Black,Fall,2011.0,Casual,Lotto Men Sting II Black Sandal,23298.jpg
16117,Men,Footwear,Sandal,Black,Fall,2011.0,Casual,Numero Uno Men Casual Black Slipper,16117.jpg
15067,Men,Footwear,Sandal,Brown,Summer,2012.0,Casual,Ganuchi Men Brown Sandal,15067.jpg
6129,Unisex,Footwear,Sandal,Black,Summer,2011.0,Casual,Puma Unisex Scuba Black Sandals,6129.jpg
13897,Men,Footwear,Sandal,Black,Fall,2011.0,Casual,Nike Men Mikumi Black Sandals,13897.jpg
44511,Men,Footwear,Sandal,Black,Summer,2012.0,Casual,Coolers Men Black Sandals,44511.jpg
3827,Unisex,Footwear,Sandal,Navy Blue,Summer,2011.0,Casual,Crocs Kid's Baya Navy Kidswear,3827.jpg
7370,Men,Footwear,Sandal,Brown,Fall,2012.0,Casual,Red Tape Men Stone Brown Floater,7370.jpg
46846,Girls,Footwear,Sandal,Purple,Winter,2012.0,Casual,Barbie Purple Girls Slippers,46846.jpg
50730,Men,Footwear,Sandal,Black,Winter,2018.0,Casual,Red Chief Men Black Sandals,50730.jpg
7324,Men,Footwear,Sandal,Brown,Summer,2013.0,Casual,Red Tape Men Brown Floater,7324.jpg
50763,Men,Footwear,Sandal,Navy Blue,Winter,2018.0,Casual,Red Chief Men Navy Blue Sandals,50763.jpg
16118,Men,Footwear,Sandal,Blue,Fall,2011.0,Casual,Numero Uno Men Casual Blue Slipper,16118.jpg
8079,Men,Footwear,Sandal,Black,Fall,2011.0,Casual,ADIDAS Men Zeitfrei Slide Ff Black Sandals,8079.jpg
16246,Unisex,Footwear,Sandal,Black,Fall,2011.0,Casual,Crocs Kids cayman Kids-Unisex Black Sandal,16246.jpg
17817,Men,Footwear,Sandal,Black,Fall,2011.0,Casual,Lee Cooper Men  Black Sandal,17817.jpg
6136,Unisex,Footwear,Sandal,Brown,Summer,2011.0,Casual,Puma Unisex Winch Brown Beige Floater,6136.jpg
24100,Men,Footwear,Sandal,Brown,Summer,2012.0,Casual,Red Tape Men Brown Casual Sandals,24100.jpg
57502,Men,Footwear,Sandal,Khaki,Summer,2012.0,Casual,Lee Cooper Men Khaki Sandals,57502.jpg
24716,Men,Footwear,Sandal,Black,Fall,2011.0,Casual,Puma Men  Jiff Black Sandals,24716.jpg
47117,Boys,Footwear,Sandal,Blue,Spring,2013.0,Casual,Marvel Boys Blue Spiderman Clogs,47117.jpg
18489,Men,Footwear,Sandal,Black,Fall,2011.0,Casual,Puma Men Coupe Black Sandals,18489.jpg
50764,Men,Footwear,Sandal,Brown,Winter,2018.0,Casual,Red Chief Men Brown Sandals,50764.jpg
20951,Men,Footwear,Sandal,Red,Fall,2011.0,Casual,ADIDAS Men Plugged In Red Slipper,20951.jpg
44569,Men,Footwear,Sandal,Brown,Summer,2012.0,Casual,Coolers Men Brown Sandals,44569.jpg
15869,Girls,Footwear,Sandal,Pink,Fall,2011.0,Casual,Warner Bros Kids Girls TJ Playlogs Pink Sandals,15869.jpg
45579,Men,Footwear,Sandal,Black,Summer,2012.0,Casual,Arrow Men Black Sandals,45579.jpg
15369,Men,Footwear,Sandal,Black,Summer,2012.0,Casual,Red Tape Men Casual Black Sandals,15369.jpg
50762,Men,Footwear,Sandal,Khaki,Winter,2018.0,Casual,Red Chief Men Khaki Sandals,50762.jpg
11934,Men,Footwear,Sandal,Black,Summer,2012.0,Casual,Ganuchi Men Casual Black Sandals,11934.jpg
24695,Men,Footwear,Sandal,Black,Summer,2011.0,Casual,Lotto Men Hermes Black Sandals,24695.jpg
41871,Men,Footwear,Sandal,Brown,Summer,2016.0,Casual,Estd. 1977 Men Brown Sandals,41871.jpg
39298,Men,Footwear,Sandal,Brown,Winter,2018.0,Casual,Red Chief Men Brown Sandals,39298.jpg
40285,Unisex,Footwear,Sandal,Green,Spring,2013.0,Casual,Warner Bros kids Unisex Green Sandals,40285.jpg
7328,Men,Footwear,Sandal,Black,Summer,2013.0,Casual,Red Tape Men Black Sandals,7328.jpg
24099,Men,Footwear,Sandal,Black,Summer,2012.0,Casual,Red Tape Men Black Sandals,24099.jpg
22884,Men,Footwear,Sandal,Brown,Summer,2016.0,Casual,Woodland Men Brown Casual Sandals,22884.jpg
35161,Men,Footwear,Sandal,Black,Fall,2012.0,Casual,Coolers Men Black Sandals,35161.jpg
50758,Men,Footwear,Sandal,Khaki,Winter,2018.0,Casual,Red Chief Men Khaki Sandals,50758.jpg
6353,Girls,Footwear,Sandal,Pink,Summer,2015.0,Casual,Crocs Girls Pink Clogs,6353.jpg
8603,Unisex,Footwear,Sandal,Black,Summer,2011.0,Casual,Crocs Crocband Kids Black Sandals,8603.jpg
35542,Girls,Footwear,Sandal,Pink,Summer,2012.0,Casual,Enroute Kids Girls Pink Sandals,35542.jpg
47195,Men,Footwear,Sandal,Black,Summer,2012.0,Casual,Franco Leone Men Black Sandals,47195.jpg
6397,Men,Footwear,Sandal,Black,Summer,2011.0,Casual,Lotto Men Revenge 02 Black Blue Floater,6397.jpg
44551,Men,Footwear,Sandal,Black,Summer,2012.0,Casual,Coolers Men Black Sandals,44551.jpg
12484,Men,Footwear,Sandal,Olive,Winter,2012.0,Casual,Clarks Men Olive Leather Sandals,12484.jpg
11911,Men,Footwear,Sandal,Black,Summer,2011.0,Formal,Franco Leone Men Casual Black Sandals,11911.jpg
7985,Unisex,Footwear,Sandal,Green,Fall,2011.0,Casual,Fila Unisex Glory Olive Lemon Yellow Floater,7985.jpg
35661,Men,Footwear,Sandal,White,Summer,2012.0,Casual,U.S. Polo Assn. Men White Sandals,35661.jpg
3627,Men,Footwear,Sandal,Black,Summer,2011.0,Casual,Puma Men Argon Black Sandal,3627.jpg
44528,Men,Footwear,Sandal,Black,Summer,2012.0,Casual,Coolers Men Black Sandals,44528.jpg
15896,Girls,Footwear,Sandal,Pink,Winter,2012.0,Casual,Warner Bros Kids Girls TW Love flops Pink Slippers,15896.jpg
6138,Unisex,Footwear,Sandal,Grey,Winter,2011.0,Casual,Puma Unisex Winch Grey Orange Floater,6138.jpg
33647,Men,Footwear,Sandal,Black,Summer,2012.0,Casual,Lotto Men Ridge Black Sandals,33647.jpg
22689,Men,Footwear,Sandal,Navy Blue,Summer,2011.0,Casual,Nike Men Aspen Navy Blue Sandals,22689.jpg
9023,Men,Footwear,Sandal,Black,Winter,2011.0,Formal,Buckaroo Men Lucia Black Sandals,9023.jpg
58820,Men,Footwear,Sandal,Brown,Fall,2013.0,Casual,Skechers Men Brown Sandals,58820.jpg
36420,Men,Footwear,Sandal,Grey,Summer,2012.0,Casual,Spinn Men Aura Grey Sandals,36420.jpg
13980,Men,Footwear,Sandal,Red,Fall,2011.0,Casual,Puma Men Jiff Red Sandals,13980.jpg
39822,Men,Footwear,Sandal,Brown,Summer,2012.0,Casual,Red Tape Men Brown Sandals,39822.jpg
28322,Men,Footwear,Sandal,Black,Winter,2018.0,Casual,Red Tape Men Casual Black Sandals,28322.jpg
44561,Men,Footwear,Sandal,Black,Summer,2012.0,Casual,Coolers Men Black Sandals,44561.jpg
11894,Men,Footwear,Sandal,Tan,Summer,2013.0,Casual,Franco Leone Men Casual Tan Sandals,11894.jpg
2225,Men,Footwear,Sandal,Black,Fall,2010.0,Sports,Puma Men Trek Black Sandal,2225.jpg
17820,Men,Footwear,Sandal,Brown,Fall,2011.0,Casual,Lee Cooper Men  Brown Sandal,17820.jpg
15858,Unisex,Footwear,Sandal,Green,Fall,2011.0,Casual,Warner Bros Kids Unisex LT Blug Clog Green Sandals,15858.jpg
32506,Men,Footwear,Sandal,Brown,Summer,2013.0,Casual,Franco Leone Men Brown Sandals,32506.jpg
47169,Men,Footwear,Sandal,Black,Summer,2012.0,Casual,Ganuchi Men Black Sandals,47169.jpg
2218,Men,Footwear,Sandal,Black,Fall,2010.0,Casual,Puma Men F1 Black Sandal,2218.jpg
2634,Men,Footwear,Sandal,Beige,Fall,2010.0,Casual,Carlton London Men Beige Strapped Sandal,2634.jpg
17825,Unisex,Footwear,Sandal,Black,Fall,2011.0,Casual,Nike Unisex Air Deschutz Black Sandal,17825.jpg
43548,Men,Footwear,Sandal,Khaki,Summer,2012.0,Casual,Woodland Men Khaki Sandals,43548.jpg
35556,Girls,Footwear,Sandal,Multi,Summer,2012.0,Casual,Enroute Teens Multicolored Sandals,35556.jpg
2230,Men,Footwear,Sandal,Black,Fall,2010.0,Casual,Puma Men Cruise Black Sandal,2230.jpg
41868,Men,Footwear,Sandal,Turquoise Blue,Summer,2015.0,Casual,Estd. 1977 Men Turquoise Blue Sandals,41868.jpg
5614,Men,Footwear,Sandal,Brown,Summer,2011.0,Casual,ADIDAS Men Henrio Brown Floater,5614.jpg
23296,Men,Footwear,Sandal,Olive,Fall,2011.0,Casual,Lotto Men Zeus Olive Sandals,23296.jpg
16972,Men,Footwear,Sandal,Black,Fall,2011.0,Casual,Puma Men Cooper Black Sandal,16972.jpg
1806,Men,Footwear,Sandal,Brown,Spring,2011.0,Casual,Quechua Men Arpenaz Brown Sandal,1806.jpg
4107,Men,Footwear,Sandal,Black,Summer,2012.0,Casual,Fila Men Aruba Black Grey Sandal,4107.jpg
44564,Men,Footwear,Sandal,Brown,Summer,2012.0,Casual,Coolers Men Brown Sandals,44564.jpg
13979,Men,Footwear,Sandal,Black,Fall,2011.0,Casual,Puma Men Jiff Black Sandals,13979.jpg
44441,Men,Footwear,Sandal,Brown,Summer,2013.0,Casual,Gliders Men Brown Davis Sandals,44441.jpg
41460,Men,Footwear,Sandal,Black,Summer,2012.0,Casual,Lee Cooper Men Black & Beige Sandals,41460.jpg
6139,Unisex,Footwear,Sandal,Black,Summer,2011.0,Casual,Puma Unisex Winch Black Green Floater,6139.jpg
16114,Men,Footwear,Sandal,Black,Fall,2011.0,Casual,Numero Uno Men Casual Black Slipper,16114.jpg
4105,Men,Footwear,Sandal,Navy Blue,Summer,2011.0,Casual,Fila Men Tremor Navy Sandal,4105.jpg
20869,Men,Footwear,Sandal,Brown,Fall,2011.0,Casual,Fila Men Camper Brown Sandals,20869.jpg
3624,Men,Footwear,Sandal,Black,Summer,2011.0,Casual,Puma Men Argon Black Red Sandal,3624.jpg
26557,Men,Footwear,Sandal,Brown,Fall,2012.0,Casual,Lee Cooper Men Brown Sandals,26557.jpg
44529,Men,Footwear,Sandal,Black,Winter,2010.0,Casual,Coolers Men Black Sandals,44529.jpg
35588,Men,Footwear,Sandal,Black,Fall,2012.0,Casual,Gliders Men Black Sandals,35588.jpg
4647,Men,Footwear,Sandal,Blue,Summer,2011.0,Sports,ADIDAS Men Neo Feather Lead Red Sandal,4647.jpg
24709,Men,Footwear,Sandal,Olive,Summer,2012.0,Casual,Puma Men Gypsy II Olive Sandals,24709.jpg
11964,Men,Footwear,Sandal,Black,Fall,2011.0,Casual,Ganuchi Men Casual Black Slipper,11964.jpg
13914,Men,Footwear,Sandal,Black,Fall,2011.0,Casual,Nike Men Air Max Elevate Black Sandals,13914.jpg
5608,Men,Footwear,Sandal,Black,Summer,2011.0,Casual,ADIDAS Men Kendall Black Navy Floater,5608.jpg
6352,Unisex,Footwear,Sandal,Navy Blue,Summer,2011.0,Casual,Crocs Kids Navy Clogs,6352.jpg
20865,Unisex,Footwear,Sandal,Green,Winter,2012.0,Casual,Disney Kids-Unisex Lightning Green Sandals,20865.jpg
22151,Men,Footwear,Sandal,Black,Summer,2011.0,Casual,Lee Cooper Men Black Casual Sandals,22151.jpg
3832,Unisex,Footwear,Sandal,Pink,Summer,2011.0,Casual,Crocs Kid's Crocband Fuchsia Pink Kidswear,3832.jpg
26689,Men,Footwear,Sandal,Black,Summer,2012.0,Casual,Puma Men Harz Black Sandals,26689.jpg
9716,Men,Footwear,Sandal,Brown,Winter,2015.0,Formal,Hush Puppies Men Decent Brown Sandals,9716.jpg
13128,Men,Footwear,Sandal,Brown,Fall,2011.0,Casual,Lee Cooper Men Brown Sandals,13128.jpg
11938,Men,Footwear,Sandal,Black,Summer,2011.0,Casual,Ganuchi Men Casual Black Sandals,11938.jpg
44570,Men,Footwear,Sandal,Black,Summer,2012.0,Casual,Coolers Men Black Sandals,44570.jpg
18651,Men,Footwear,Sandal,Brown,Fall,2011.0,Casual,Fila Men Over Stitch Brown Slippers,18651.jpg
15409,Men,Footwear,Sandal,Black,Summer,2012.0,Casual,Fila Men Cage Black Slippers,15409.jpg
35662,Men,Footwear,Sandal,Black,Summer,2012.0,Casual,U.S. Polo Assn. Men Black Sandals,35662.jpg
39827,Men,Footwear,Sandal,Brown,Summer,2012.0,Casual,Red Tape Men Brown Sandals,39827.jpg
12822,Men,Footwear,Sandal,Black,Fall,2011.0,Casual,Puma Men Snipper Black Sandals,12822.jpg
15880,Unisex,Footwear,Sandal,Navy Blue,Spring,2013.0,Casual,Warner Bros Kids Unisex TJ Jerry  Navy Blue Sandals,15880.jpg
3823,Unisex,Footwear,Sandal,White,Summer,2011.0,Casual,Crocs Unisex Crocband White Sandal,3823.jpg
43378,Men,Footwear,Sandal,Black,Summer,2013.0,Casual,Reebok Men Black Coalition Sandals,43378.jpg
16164,Men,Footwear,Sandal,Brown,Summer,2012.0,Casual,Enroute Men Leather Brown Sandals,16164.jpg
47108,Boys,Footwear,Sandal,Black,Fall,2012.0,Casual,Marvel Boys Black Sandals,47108.jpg
56414,Men,Footwear,Sandal,Brown,Spring,2013.0,Casual,GAS Men Brown Glade Sandals,56414.jpg
46860,Girls,Footwear,Sandal,Purple,Spring,2013.0,Casual,Barbie Girls Purple Sandals,46860.jpg
57500,Men,Footwear,Sandal,Brown,Summer,2012.0,Casual,Lee Cooper Men Brown Sandals,57500.jpg
6821,Men,Footwear,Sandal,Brown,Summer,2011.0,Casual,Timberland Men City Brown Floater,6821.jpg
11980,Men,Footwear,Sandal,Black,Fall,2011.0,Casual,Fila Men Motor Sports Black Sandals,11980.jpg
47101,Boys,Footwear,Sandal,Yellow,Fall,2012.0,Casual,Marvel Boys Yellow Sandals,47101.jpg
44525,Men,Footwear,Sandal,Black,Summer,2012.0,Casual,Coolers Men Black Sandals,44525.jpg
43959,Men,Footwear,Sandal,Grey,Summer,2012.0,Casual,Puma Men Grey Sandals,43959.jpg
39960,Men,Footwear,Sandal,Brown,Spring,2013.0,Casual,GAS Men Brown Madly Sandals,39960.jpg
44554,Men,Footwear,Sandal,Black,Summer,2012.0,Casual,Coolers Men Black Sandals,44554.jpg
50732,Men,Footwear,Sandal,Khaki,Winter,2018.0,Casual,Red Chief Men Khaki Sandals,50732.jpg
26180,Women,Footwear,Sandal,Gold,Spring,2013.0,Casual,Rocia Women Gold Casual Sandals,26180.jpg
13843,Men,Footwear,Sandal,Brown,Summer,2013.0,Casual,Reebok Men Manza II Brown Sandals,13843.jpg
36688,Men,Footwear,Sandal,Grey,Winter,2012.0,Casual,Spalding Men Grey Sports Sandals,36688.jpg
17824,Unisex,Footwear,Sandal,Black,Fall,2011.0,Casual,Nike Unisex Air Deschutz Black Sandal,17824.jpg
41861,Men,Footwear,Sandal,Black,Summer,2016.0,Casual,Estd. 1977 Men Black Sandals,41861.jpg
19139,Men,Footwear,Sandal,Black,Fall,2011.0,Casual,Lotto Men Sting  Black Sandals,19139.jpg
3569,Men,Footwear,Sandal,Brown,Summer,2011.0,Casual,ADIDAS Mens Lightbone Brown Sandal,3569.jpg
40314,Unisex,Footwear,Sandal,White,Winter,2013.0,Casual,Warner Bros Kids Unisex White sandals,40314.jpg
11908,Men,Footwear,Sandal,Brown,Summer,2012.0,Formal,Franco Leone Men Casual Brown Sandals,11908.jpg
28326,Men,Footwear,Sandal,Brown,Winter,2018.0,Casual,Red Tape Men Brown Sandals,28326.jpg
9018,Men,Footwear,Sandal,Black,Winter,2011.0,Casual,Buckaroo Men Mar Black Sandals,9018.jpg
35540,Girls,Footwear,Sandal,Green,Summer,2012.0,Casual,Enroute Kids Girls Green Sandals,35540.jpg
39281,Men,Footwear,Sandal,Black,Winter,2018.0,Casual,Red Chief Men Black Slippers,39281.jpg
35546,Girls,Footwear,Sandal,Red,Summer,2012.0,Casual,Enroute Teens Red Sandals,35546.jpg
28321,Men,Footwear,Sandal,Black,Winter,2018.0,Casual,Red Tape Men Casual Black Sandals,28321.jpg
15891,Unisex,Footwear,Sandal,Yellow,Fall,2011.0,Casual,Warner Bros Kids Unisex TJ Rainbow Clog Yellow Sandals,15891.jpg
33659,Men,Footwear,Sandal,Brown,Summer,2012.0,Casual,Lotto Men Sting II Brown & Black Sandals,33659.jpg
22889,Men,Footwear,Sandal,Khaki,Summer,2012.0,Casual,Woodland Men Khaki Sandals,22889.jpg
6399,Men,Footwear,Sandal,Black,Summer,2011.0,Casual,Lotto Men Rebel Black Grey Floater,6399.jpg
34524,Men,Footwear,Sandal,Brown,Summer,2012.0,Casual,Red Tape Men Brown Sandals,34524.jpg
5104,Men,Footwear,Sandal,Brown,Summer,2011.0,Casual,Rockport Men's Jelba Brown Flip Flop,5104.jpg
59324,Men,Footwear,Sandal,Black,Summer,2012.0,Casual,Gliders Men Black Sandals,59324.jpg
4109,Men,Footwear,Sandal,Navy Blue,Summer,2011.0,Casual,Fila Men Obsidian Navy Sandal,4109.jpg
40478,Men,Footwear,Sandal,Black,Fall,2012.0,Casual,Fila Men Black & Red Picasso Sandals,40478.jpg
39959,Men,Footwear,Sandal,Brown,Summer,2013.0,Casual,GAS Men Brown Deeply Sandals,39959.jpg
44534,Men,Footwear,Sandal,White,Fall,2012.0,Casual,Coolers Men White Sandals,44534.jpg
18161,Men,Footwear,Sandal,Green,Fall,2011.0,Casual,Vans Men Thresher Green Slipper,18161.jpg
19927,Men,Footwear,Sandal,Grey,Fall,2011.0,Casual,ADIDAS Men Receptor Grey Sandals,19927.jpg
33648,Men,Footwear,Sandal,Brown,Summer,2012.0,Casual,Lotto Men Ridge Brown Sandals,33648.jpg
33697,Women,Footwear,Sandal,Brown,Summer,2016.0,Smart Casual,Cobblerz Women Brown Sandals,33697.jpg
4649,Men,Footwear,Sandal,Black,Summer,2011.0,Casual,ADIDAS Men Neo Feather Black Blue Sandal,4649.jpg
41078,Men,Footwear,Sandal,Black,Summer,2012.0,Casual,Lotto Men Black Tread Sandals,41078.jpg
17054,Men,Footwear,Sandal,Brown,Summer,2013.0,Casual,Gas Men Newport Slipper,17054.jpg
5724,Unisex,Footwear,Sandal,Black,Summer,2011.0,Casual,Reebok Unisex Drive Black Floater,5724.jpg
44559,Men,Footwear,Sandal,Black,Summer,2012.0,Casual,Coolers Men Black Sandals,44559.jpg
9706,Men,Footwear,Sandal,Black,Winter,2015.0,Casual,Hush Puppies Men Walsh Black Sandals,9706.jpg
39739,Men,Footwear,Sandal,Black,Summer,2012.0,Casual,Arrow Men Black Sandals,39739.jpg
12722,Unisex,Footwear,Sandal,Brown,Fall,2011.0,Casual,ADIDAS Unisex Casual Brown Sandals,12722.jpg
28323,Men,Footwear,Sandal,Brown,Winter,2018.0,Casual,Red Tape Men Casual Brown Sandals,28323.jpg
24688,Men,Footwear,Sandal,Black,Spring,2012.0,Casual,Lee Cooper Men Basic Black Sandals,24688.jpg
7968,Unisex,Footwear,Sandal,Green,Fall,2011.0,Casual,Fila Unisex Inferno Olive Green Floater,7968.jpg
22153,Men,Footwear,Sandal,Brown,Summer,2011.0,Casual,Lee Cooper Men Brown Casual Sandals,22153.jpg
39282,Men,Footwear,Sandal,Khaki,Winter,2018.0,Casual,Red Chief Men Khaki Slippers,39282.jpg
41857,Men,Footwear,Sandal,Olive,Summer,2012.0,Casual,Bata Men Hummer Grey Sandals,41857.jpg
50765,Men,Footwear,Sandal,Tan,Winter,2018.0,Casual,Red Chief Men Tan Sandals,50765.jpg
43005,Men,Footwear,Sandal,Olive,Fall,2012.0,Casual,Nike Men Olive Sandals,43005.jpg
4064,Men,Footwear,Sandal,Black,Summer,2011.0,Casual,Crocs Men Yukon Black Sandal,4064.jpg
44537,Men,Footwear,Sandal,Black,Summer,2012.0,Casual,Coolers Men Black Sandals,44537.jpg
26544,Men,Footwear,Sandal,Blue,Fall,2012.0,Casual,ID Men Blue Sandals,26544.jpg
41459,Men,Footwear,Sandal,Black,Winter,2015.0,Casual,Lee Cooper Men Black Sandals,41459.jpg
47177,Men,Footwear,Sandal,Black,Summer,2012.0,Casual,Ganuchi Men Black Sandals,47177.jpg
19363,Men,Footwear,Sandal,Black,Summer,2012.0,Casual,Redtape Men Comfort Black Sandal,19363.jpg
31943,Men,Footwear,Sandal,Black,Summer,2012.0,Casual,Nike Men Solarsoft Slide Black Sandals,31943.jpg
34527,Men,Footwear,Sandal,Brown,Summer,2012.0,Casual,Red Tape Men Brown Sandals,34527.jpg
13974,Men,Footwear,Sandal,Red,Fall,2011.0,Casual,Puma Men Webster Red Slippers,13974.jpg
11915,Men,Footwear,Sandal,Brown,Summer,2014.0,Casual,Franco Leone Men Casual Brown Sandals,11915.jpg
17049,Men,Footwear,Sandal,Tan,Summer,2013.0,Casual,Gas Men Malibu Sandals,17049.jpg
15363,Men,Footwear,Sandal,Brown,Summer,2012.0,Casual,Red Tape Men Casual Brown Sandals,15363.jpg
40302,Unisex,Footwear,Sandal,Silver,Winter,2013.0,Casual,Warner Bros Kids Unisex blue navy sandals,40302.jpg
43891,Men,Footwear,Sandal,Black,Summer,2012.0,Casual,Puma Men Black Apex Sandals,43891.jpg
17733,Men,Footwear,Sandal,Navy Blue,Summer,2012.0,Casual,Puma Men MM III Navy Blue Slipper,17733.jpg
39287,Men,Footwear,Sandal,Black,Summer,2018.0,Casual,Red Chief Men Black Sandals,39287.jpg
15364,Men,Footwear,Sandal,Brown,Summer,2013.0,Casual,Red Tape Men Casual Brown Sandals,15364.jpg
56412,Men,Footwear,Sandal,Charcoal,Spring,2013.0,Casual,GAS Men Charcoal Sandals,56412.jpg
34519,Men,Footwear,Sandal,Grey,Summer,2012.0,Casual,ADIDAS Men Chicane Grey Sandals,34519.jpg
10293,Men,Footwear,Sandal,Brown,Spring,2012.0,Casual,Clarks Men Unstructured Leather Brown Sandals,10293.jpg
6393,Men,Footwear,Sandal,Blue,Summer,2011.0,Casual,Lotto Men Revenge 02 Royal Blue Floater,6393.jpg
26708,Men,Footwear,Sandal,Black,Summer,2011.0,Casual,Nike Men Black Mikumi Sandals,26708.jpg
39283,Men,Footwear,Sandal,Khaki,Winter,2018.0,Casual,Red Chief Men Khaki Sandals,39283.jpg
17045,Men,Footwear,Sandal,Brown,Spring,2013.0,Casual,Gas Men Aventura Sandal,17045.jpg
33656,Men,Footwear,Sandal,Black,Summer,2012.0,Casual,Lotto Men Black Zeus Sandals,33656.jpg
35497,Men,Footwear,Sandal,Grey,Winter,2015.0,Casual,Bata Men Velocity Grey Sandals,35497.jpg
3805,Unisex,Footwear,Sandal,Black,Summer,2011.0,Casual,Crocs Unisex Beach Black Sandal,3805.jpg
11876,Men,Footwear,Sandal,Black,Summer,2012.0,Casual,Franco Leone Men Casual Black Sandals,11876.jpg
41863,Men,Footwear,Sandal,Black,Summer,2016.0,Casual,Estd. 1977 Men Black Sandals,41863.jpg
4278,Men,Footwear,Sandal,Black,Summer,2011.0,Casual,Rockport Men Joquelp Black Sandal,4278.jpg
7730,Men,Footwear,Sandal,Black,Fall,2011.0,Casual,Puma Men Apex Black Olive Sandal,7730.jpg
16984,Men,Footwear,Sandal,Black,Spring,2012.0,Casual,Puma Men Miami Black Slipper,16984.jpg
15062,Men,Footwear,Sandal,Brown,Fall,2011.0,Casual,Franco Leone Men Brown Sandal,15062.jpg
28329,Men,Footwear,Sandal,Brown,Winter,2018.0,Casual,Red Tape Men Casual Brown Sandals,28329.jpg
58226,Men,Footwear,Sandal,Black,Summer,2012.0,Casual,Lotto Men Black Sandals,58226.jpg
9102,Men,Footwear,Sandal,Brown,Winter,2011.0,Casual,Buckaroo Men Luz Brown Sandals,9102.jpg
59190,Men,Footwear,Sandal,Brown,Fall,2012.0,Casual,Gliders Men Brown Sandals,59190.jpg
12967,Men,Footwear,Sandal,Black,Fall,2011.0,Casual,ADIDAS Men Spry M Black Sandals,12967.jpg
7772,Unisex,Footwear,Sandal,Navy Blue,Summer,2012.0,Casual,Converse Unisex As Chucks Navy Floater,7772.jpg
8638,Unisex,Footwear,Sandal,Brown,Fall,2011.0,Casual,Crocs Khakhi Sandals,8638.jpg
41870,Men,Footwear,Sandal,Black,Summer,2015.0,Casual,Estd. 1977 Men Black Sandals,41870.jpg
44566,Men,Footwear,Sandal,Brown,Summer,2012.0,Casual,Coolers Men Brown Sandals,44566.jpg
34839,Men,Footwear,Sandal,Navy Blue,Summer,2012.0,Casual,ADIDAS Men Recovery Slide Navy Blue Sandals,34839.jpg
10173,Men,Footwear,Sandal,Brown,Fall,2011.0,Casual,United Colors of Benetton Men Tango Brown Sandals,10173.jpg
17974,Men,Footwear,Sandal,Black,Fall,2011.0,Casual,Puma Men Rio Black Sandal,17974.jpg
10303,Men,Footwear,Shoes,Brown,Summer,2016.0,Casual,Clarks Men Brown Leather Sandals,10303.jpg
17960,Men,Footwear,Sandal,Black,Fall,2011.0,Casual,Puma Men Hopper Black Sandal,17960.jpg
3633,Men,Footwear,Sandal,Black,Summer,2011.0,Casual,Puma Men Argon Black Yellow Sandal,3633.jpg
59312,Men,Footwear,Sandal,Grey,Fall,2012.0,Casual,Gliders Men Grey Sandals,59312.jpg
57484,Men,Footwear,Sandal,Black,Fall,2012.0,Casual,ID Men Black & White Sandals,57484.jpg
19143,Men,Footwear,Sandal,Olive,Fall,2011.0,Casual,Lotto Men Rapid Olive Sandals,19143.jpg
44577,Men,Footwear,Sandal,Black,Summer,2012.0,Casual,Coolers Men Black Sandals,44577.jpg
22230,Men,Footwear,Sandal,Black,Winter,2015.0,Casual,Hush Puppies Men Gel comfort Black Sandals,22230.jpg
40301,Unisex,Footwear,Sandal,Charcoal,Winter,2013.0,Casual,Warner Bros Kids Charcoal sandals,40301.jpg
19135,Men,Footwear,Sandal,Black,Fall,2011.0,Casual,Lotto Men Riot Black Sandals,19135.jpg
3216,Men,Footwear,Sandal,Brown,Fall,2010.0,Casual,Carlton London Men Brown Sandal,3216.jpg
13129,Men,Footwear,Sandal,Brown,Fall,2012.0,Casual,Lee Cooper Men Olive Slippers,13129.jpg
16971,Men,Footwear,Sandal,Navy Blue,Fall,2011.0,Casual,Puma Men Navy Blue & Orange Comfort Sandals,16971.jpg
35538,Girls,Footwear,Sandal,Pink,Summer,2012.0,Casual,Enroute Teens Pink Sandals,35538.jpg
21075,Men,Footwear,Sandal,Brown,Spring,2012.0,Casual,Clarks Men Brown Leather Sandals,21075.jpg
9024,Men,Footwear,Sandal,Tan,Winter,2011.0,,Buckaroo Men Lucia Tan Casual Sandal,9024.jpg
35422,Men,Footwear,Sandal,Black,Summer,2012.0,Casual,ADIDAS Men Terra Sports Lea II Black Sandals,35422.jpg
12476,Men,Footwear,Sandal,Black,Fall,2012.0,Casual,Clarks Men Leather Black Sandals,12476.jpg
11939,Men,Footwear,Sandal,Brown,Summer,2011.0,Casual,Ganuchi Men Casual Brown Sandals,11939.jpg
12721,Unisex,Footwear,Sandal,Black,Fall,2011.0,Casual,ADIDAS Unisex Casual Black Sandals,12721.jpg
3581,Men,Footwear,Sandal,Black,Fall,2013.0,Casual,ADIDAS Men Black Cobalt Sandal,3581.jpg
19138,Men,Footwear,Sandal,Black,Fall,2011.0,Casual,Lotto Men Sting Black Sandals,19138.jpg
56411,Men,Footwear,Sandal,Brown,Spring,2013.0,Casual,GAS Men Brown Savana Sandals,56411.jpg
6401,Men,Footwear,Sandal,Grey,Summer,2011.0,Casual,Lotto Men Laos Grey Floater,6401.jpg
41874,Men,Footwear,Sandal,Navy Blue,Fall,2014.0,Casual,Estd. 1977 Men Navy Blue & Brown Sandals,41874.jpg
44547,Men,Footwear,Sandal,Brown,Summer,2012.0,Casual,Coolers Men Brown Sandals,44547.jpg
47229,Men,Footwear,Sandal,Black,Summer,2012.0,Casual,Franco Leone Men Black Sandals,47229.jpg
43004,Men,Footwear,Sandal,Black,Fall,2012.0,Casual,Nike Men Black and Green Sandals,43004.jpg
26685,Men,Footwear,Sandal,Black,Summer,2012.0,Casual,Puma Men Helium Black Sandals,26685.jpg
4104,Men,Footwear,Sandal,Black,Summer,2011.0,Casual,Fila Men Tremor Black Sandal,4104.jpg
42007,Men,Footwear,Sandal,Black,Summer,2015.0,Casual,Estd. 1977 Men Black Sandals,42007.jpg
17815,Men,Footwear,Sandal,Black,Fall,2011.0,Casual,Lee Cooper Men  Black Sandal,17815.jpg
35501,Men,Footwear,Sandal,Black,Summer,2012.0,Casual,Bata Men Macho Black Sandals,35501.jpg
20866,Unisex,Footwear,Sandal,Red,Winter,2012.0,Casual,Disney Kids-Unisex Diamond Red Sandals,20866.jpg
44562,Men,Footwear,Sandal,Brown,Winter,2012.0,Casual,Coolers Men Brown Sandals,44562.jpg
6914,Men,Footwear,Sandal,Black,Summer,2011.0,Casual,Timberland Men City Black Floater,6914.jpg
23901,Men,Footwear,Sandal,Black,Summer,2012.0,Casual,Fila Men Emperro Black Sandals,23901.jpg
11912,Men,Footwear,Sandal,Maroon,Summer,2011.0,Casual,Franco Leone Men Casual Maroon Sandals,11912.jpg
17050,Men,Footwear,Sandal,Black,Summer,2013.0,Casual,Gas Men Malibu Slipper,17050.jpg
22150,Men,Footwear,Sandal,Brown,Fall,2011.0,Casual,Lee Cooper Men Brown Casual Sandals,22150.jpg
15252,Men,Footwear,Sandal,Olive,Fall,2011.0,Casual,ADIDAS Originals Men Adi Sun M Olive Slippers,15252.jpg
35152,Men,Footwear,Sandal,Black,Fall,2012.0,Casual,Coolers Men Black Sandals,35152.jpg
35663,Men,Footwear,Sandal,Brown,Summer,2013.0,Casual,U.S. Polo Assn. Men Brown Sandals,35663.jpg
15856,Unisex,Footwear,Sandal,Red,Fall,2012.0,Casual,Warner Bros Kids Unisex TJ Hit & Chase Flops Red Slippers,15856.jpg
6736,Men,Footwear,Sandal,Black,Winter,2011.0,Casual,Puma Men Photon Black Floater,6736.jpg
33864,Men,Footwear,Sandal,Blue,Summer,2012.0,Casual,Puma Men Harz Blue Sandals,33864.jpg
12523,Girls,Footwear,Sandal,Blue,Fall,2011.0,Casual,Crocs Kids Girl's Casual Blue Sandals,12523.jpg
11914,Men,Footwear,Sandal,Black,Summer,2014.0,Casual,Franco Leone Men Casual Black Sandals,11914.jpg
44565,Men,Footwear,Sandal,Black,Summer,2012.0,Casual,Coolers Men Black Sandals,44565.jpg
34526,Men,Footwear,Sandal,Brown,Summer,2013.0,Casual,Red Tape Men Brown Sandals,34526.jpg
35496,Men,Footwear,Sandal,Grey,Winter,2015.0,Casual,Bata Men Grey Sandals,35496.jpg
8086,Men,Footwear,Sandal,Grey,Fall,2011.0,Casual,ADIDAS Men Terra Sports Syn Grey Sandals,8086.jpg
11913,Men,Footwear,Sandal,Black,Summer,2013.0,Casual,Franco Leone Men Casual Black Sandals,11913.jpg
44533,Men,Footwear,Sandal,Black,Summer,2012.0,Casual,Coolers Men Black Sandals,44533.jpg
46861,Girls,Footwear,Sandal,Silver,Winter,2013.0,Casual,Barbie Girls Pink & Silver Sandals,46861.jpg
4067,Men,Footwear,Sandal,Brown,Summer,2011.0,Casual,Crocs Men Yukon Khaki Brown Sandal,4067.jpg
44549,Men,Footwear,Sandal,Black,Summer,2012.0,Casual,Coolers Men Black Sandals,44549.jpg
40300,Unisex,Footwear,Sandal,Brown,Winter,2013.0,Casual,Warner Bros Kids Unisex Brown sandals,40300.jpg
15356,Men,Footwear,Sandal,Brown,Fall,2011.0,Casual,Red Tape Men Casual Brown Sandals,15356.jpg
44567,Men,Footwear,Sandal,Brown,Summer,2012.0,Casual,Coolers Men Coffee Brown Sandals,44567.jpg
46081,Men,Footwear,Sandal,Navy Blue,Summer,2012.0,Casual,ADIDAS Men Navy Blue Benton Sandals,46081.jpg
5617,Men,Footwear,Sandal,Black,Summer,2011.0,Casual,ADIDAS Men Henrio Black Blue Floater,5617.jpg
4446,Men,Footwear,Sandal,Red,Summer,2011.0,Casual,Nike Men Wilderness Black Red Sandal,4446.jpg
44555,Men,Footwear,Sandal,Brown,Summer,2012.0,Casual,Coolers Men Brown Sandals,44555.jpg
44550,Men,Footwear,Sandal,Beige,Summer,2012.0,Casual,Coolers Men Beige Sandals,44550.jpg
11945,Men,Footwear,Sandal,Red,Summer,2012.0,Casual,Ganuchi Men Casual Red Sandals,11945.jpg
19141,Men,Footwear,Sandal,Black,Fall,2011.0,Casual,Lotto Men Revorb Black Sandals,19141.jpg
22885,Men,Footwear,Sandal,Khaki,Winter,2015.0,Casual,Woodland Men Khaki Casual Sandals,22885.jpg
15887,Girls,Footwear,Sandal,Blue,Fall,2012.0,Casual,Warner Bros Kids Girls TW Big Facelog Blue Sandals,15887.jpg
13925,Men,Footwear,Sandal,Red,Fall,2011.0,Casual,Nike Men Solarsoft Slide Red Slippers,13925.jpg
5714,Men,Footwear,Sandal,Navy Blue,Summer,2011.0,Casual,Reebok Men Frazer Navy Floater,5714.jpg
15074,Men,Footwear,Sandal,Brown,Summer,2012.0,Casual,Ganuchi Men Brown Sandal,15074.jpg
33657,Men,Footwear,Sandal,Black,Summer,2012.0,Casual,Lotto Men Roit Black Sandals,33657.jpg
8090,Men,Footwear,Sandal,Grey,Fall,2011.0,Casual,ADIDAS Men Terra Sports Syn Grey Sandals,8090.jpg
12865,Men,Footwear,Sandal,Black,Fall,2011.0,Casual,Lee Cooper Men Casual Black Sandals,12865.jpg
7368,Men,Footwear,Sandal,Brown,Winter,2018.0,Casual,Red Tape Men Casual Brown Floater,7368.jpg
35587,Men,Footwear,Sandal,Brown,Summer,2013.0,Casual,Gliders Men Brown Leather Sandals,35587.jpg
59185,Men,Footwear,Sandal,Grey,Summer,2012.0,Casual,Gliders Men Olive Green Sandals,59185.jpg
50731,Men,Footwear,Sandal,Black,Winter,2018.0,Casual,Red Chief Men Black Sandals,50731.jpg
44448,Men,Footwear,Sandal,Black,Summer,2013.0,Casual,Gliders Men Black Sandals,44448.jpg
26627,Men,Footwear,Sandal,Blue,Summer,2013.0,Casual,Puma Men Jiff II Sandals,26627.jpg
47119,Boys,Footwear,Sandal,Navy Blue,Fall,2012.0,Casual,Marvel Boys Navy Blue Sandals,47119.jpg
15894,Girls,Footwear,Sandal,Blue,Winter,2012.0,Casual,Warner Bros Kids Girls TW Flower Flops Blue Slippers,15894.jpg
39297,Men,Footwear,Sandal,Black,Winter,2018.0,Casual,Red Chief Men Black Sandals,39297.jpg
43006,Men,Footwear,Sandal,Black,Fall,2012.0,Casual,Nike Men Black Urbanfloat Sandals,43006.jpg
21055,Men,Footwear,Sandal,Black,Summer,2011.0,Casual,Clarks Men Black Vine Call Sandals,21055.jpg
35535,Girls,Footwear,Sandal,Orange,Summer,2012.0,Casual,Enroute Teens Orange Sandals,35535.jpg
12858,Men,Footwear,Sandal,Black,Spring,2012.0,Casual,Lee Cooper Men Casual Black Sandals,12858.jpg
12869,Men,Footwear,Sandal,Black,Fall,2011.0,Casual,Lee Cooper Men Casual Black Sandals,12869.jpg
23502,Men,Footwear,Sandal,Brown,Fall,2011.0,Casual,Lotto Men Brown Revorb Sandals,23502.jpg
12485,Men,Footwear,Sandal,Brown,Fall,2012.0,Casual,Clarks Men Leather Brown Sandals,12485.jpg
6395,Men,Footwear,Sandal,Navy Blue,Summer,2011.0,Casual,Lotto Men Revenge 02 Navy Grey Floater,6395.jpg
57504,Men,Footwear,Sandal,Black,Summer,2012.0,Casual,Lee Cooper Men Black Sandals,57504.jpg
4103,Men,Footwear,Sandal,Green,Summer,2011.0,Casual,Fila Men Eliminate Olive Sandal,4103.jpg
42011,Men,Footwear,Sandal,Grey,Summer,2015.0,Casual,Estd. 1977 Men Grey Sandals,42011.jpg
47120,Boys,Footwear,Sandal,Red,Winter,2012.0,Casual,Marvel Boys Red and Black Sandals,47120.jpg
12489,Men,Footwear,Sandal,Brown,Summer,2013.0,Casual,Clarks Men Leather Brown Sandals,12489.jpg
39288,Men,Footwear,Sandal,Tan,Winter,2018.0,Casual,Red Chief Men Tan Sandals,39288.jpg
28319,Men,Footwear,Sandal,Brown,Winter,2018.0,,RTV_LoadTest,28319.jpg
11978,Men,Footwear,Sandal,Navy Blue,Summer,2012.0,Casual,FILA Men Aruba Navy Blue Sandal,11978.jpg
2215,Men,Footwear,Sandal,Olive,Fall,2010.0,Sports,Puma Men Gypsy Olive Sandals,2215.jpg
8527,Men,Footwear,Sandal,Black,Summer,2011.0,Casual,Nike Men Nike air embark Black Sandals,8527.jpg
40303,Unisex,Footwear,Sandal,White,Winter,2013.0,Casual,Warner Bros Kids Unisex White Sandals,40303.jpg
44442,Men,Footwear,Sandal,Black,Summer,2013.0,Casual,Gliders Men Black Volant Sandals,44442.jpg
11916,Men,Footwear,Sandal,Black,Summer,2011.0,Casual,Franco Leone Men Casual Black Sandals,11916.jpg
40284,Unisex,Footwear,Sandal,Pink,Fall,2012.0,Casual,Warner Bros Kids Unisex Pink Sandals,40284.jpg
15311,Men,Footwear,Sandal,Beige,Fall,2011.0,Casual,ADIDAS Men Hispana M Beige Sandals,15311.jpg
17973,Men,Footwear,Sandal,Black,Fall,2011.0,Casual,Puma Men Rio Black Sandal,17973.jpg
39294,Men,Footwear,Sandal,Black,Winter,2018.0,Casual,Red Chief Men Black Sandals,39294.jpg
20796,Men,Footwear,Sandal,Olive,Fall,2010.0,Casual,Fila Men Tremor Olive Sandal,20796.jpg
35589,Men,Footwear,Sandal,Olive,Fall,2012.0,Casual,Gliders Men Yellow Sandals,35589.jpg
40305,Unisex,Footwear,Sandal,Brown,Winter,2013.0,Casual,Warner Bros Kids Unisex Brown sandals,40305.jpg
11965,Men,Footwear,Sandal,Black,Fall,2012.0,Casual,Ganuchi Men Grey Sandals,11965.jpg
9225,Men,Footwear,Sandal,Black,Fall,2011.0,Casual,Puma Men Snipper Black Sandal,9225.jpg
2635,Men,Footwear,Sandal,White,Fall,2010.0,Sports,Carlton London Men White Strapped Sandal,2635.jpg
7258,Men,Footwear,Sandal,Black,Fall,2011.0,Casual,Rockport Men Rocky Brookl Nubuck Black Floater,7258.jpg
35529,Girls,Footwear,Sandal,Orange,Summer,2012.0,Casual,Enroute Teens Orange Sandals,35529.jpg
35539,Girls,Footwear,Sandal,Purple,Summer,2012.0,Casual,Enroute Teens Purple Sandals,35539.jpg
23890,Men,Footwear,Sandal,Black,Summer,2012.0,Casual,Fila Men Newport Black Sandals,23890.jpg
6823,Men,Footwear,Sandal,Black,Fall,2012.0,Casual,Timberland Men Black Floater,6823.jpg
2231,Men,Footwear,Sandal,Grey,Fall,2010.0,Sports,Puma Men Grey Sandal,2231.jpg
16970,Men,Footwear,Sandal,Grey,Fall,2011.0,Casual,Puma Men Coupe Grey Sandal,16970.jpg
28330,Men,Footwear,Sandal,Black,Winter,2018.0,Casual,Red Tape Men Casual Black Sandals,28330.jpg
45581,Men,Footwear,Sandal,Grey,Summer,2012.0,Casual,Arrow Men Grey Sandals,45581.jpg
10283,Men,Footwear,Sandal,Black,Fall,2012.0,Casual,Clarks Men Unstructured Leather Black Sandals,10283.jpg
15361,Men,Footwear,Sandal,Black,Summer,2013.0,Casual,Red Tape Men Casual Black Sandals,15361.jpg
26556,Men,Footwear,Sandal,Black,Fall,2012.0,Casual,Lee Cooper Men Black Sandals,26556.jpg
35162,Men,Footwear,Sandal,Brown,Fall,2012.0,Casual,Coolers Men Brown Sandals,35162.jpg
20794,Men,Footwear,Sandal,Navy Blue,Fall,2010.0,Casual,Fila Men Tide Navy Blue Sandals,20794.jpg
9719,Men,Footwear,Sandal,Black,Fall,2011.0,Casual,Hush Puppies Men Walsh Black Sandals,9719.jpg
50733,Men,Footwear,Sandal,Tan,Winter,2018.0,Casual,Red Chief Men Tan Sandals,50733.jpg
45580,Men,Footwear,Sandal,Black,Summer,2013.0,Casual,Arrow Men Black Sandals,45580.jpg
22886,Men,Footwear,Sandal,Khaki,Summer,2012.0,Casual,Woodland Men Khaki Casual Sandals,22886.jpg
37959,Men,Footwear,Sandal,Black,Fall,2012.0,Casual,Clarks Men Vent Jump Black Sandals,37959.jpg
33866,Men,Footwear,Sandal,Blue,Spring,2014.0,Casual,Puma Men Aripon Blue Sandals,33866.jpg
44552,Men,Footwear,Sandal,Brown,Summer,2012.0,Casual,Coolers Men Brown Sandals,44552.jpg
8859,Men,Apparel,Topwear,White,Fall,2011.0,Casual,Mark Taylor Men White Striped Shirt,8859.jpg
18889,Women,Apparel,Topwear,Blue,Fall,2011.0,Formal,Arrow Woman Sylvia Blue Shirt,18889.jpg
8181,Men,Apparel,Topwear,Purple,Summer,2011.0,Casual,Locomotive Men Check Ladislav Purple Shirts,8181.jpg
5960,Men,Apparel,Topwear,Purple,Summer,2011.0,Casual,Highlander Men Solid Poplin Purple Shirts,5960.jpg
13734,Men,Apparel,Topwear,Blue,Fall,2011.0,Casual,Belmonte Men Check Blue Shirts,13734.jpg
33246,Men,Apparel,Topwear,Lavender,Spring,2013.0,Formal,Arrow Men Lavender Unstainable Slim Fit Shirt,33246.jpg
8851,Men,Apparel,Topwear,Brown,Fall,2011.0,Casual,Mark Taylor Men Brown Striped Shirt,8851.jpg
9624,Men,Apparel,Topwear,Blue,Fall,2011.0,Casual,Indigo Nation Men Plain Light Blue Shirts,9624.jpg
46396,Men,Apparel,Topwear,Blue,Summer,2012.0,Casual,ADIDAS Men Blue & Black Check Shirt,46396.jpg
59834,Men,Apparel,Topwear,Navy Blue,Summer,2012.0,Casual,United Colors of Benetton Men Navy Blue Shirt,59834.jpg
8148,Men,Apparel,Topwear,Blue,Summer,2011.0,Casual,Highlander Men Blue Checked Haddon Slim Fit Shirt,8148.jpg
29184,Men,Apparel,Topwear,Blue,Summer,2012.0,Casual,United Colors of Benetton Men Blue Shirt,29184.jpg
9655,Men,Apparel,Topwear,Blue,Fall,2011.0,Casual,Indigo Nation Men Bling Blue Shirts,9655.jpg
5128,Women,Apparel,Topwear,White,Summer,2011.0,Casual,Wrangler Women Rose Bouquet White Orange Shirt,5128.jpg
51430,Men,Apparel,Topwear,White,Summer,2012.0,Casual,Myntra Men Navy Blue & Orange Check Shirt,51430.jpg
26401,Men,Apparel,Topwear,Red,Summer,2012.0,Casual,Turtle Men Check Red Shirt,26401.jpg
5107,Women,Apparel,Topwear,Yellow,Summer,2011.0,Casual,Wrangler Women Holly Checks Shirt,5107.jpg
9654,Men,Apparel,Topwear,Blue,Fall,2011.0,Casual,Indigo Nation Men Bling  Blue Shirt,9654.jpg
13853,Men,Apparel,Topwear,Purple,Fall,2011.0,Casual,Indigo Nation Men Check Purple Shirts,13853.jpg
12367,Men,Apparel,Topwear,White,Fall,2011.0,Formal,Reid & Taylor Men White Shirt,12367.jpg
15993,Men,Apparel,Topwear,Blue,Fall,2011.0,Casual,Turtle Check Men Blue Checked ReversibleShirt,15993.jpg
14772,Men,Apparel,Topwear,Green,Fall,2011.0,Formal,Arrow Men Stripes Green Slim Fit Shirt,14772.jpg
9667,Men,Apparel,Topwear,Purple,Fall,2011.0,Casual,Indigo Nation Men Bling Red Black Shirts,9667.jpg
31093,Boys,Apparel,Topwear,White,Summer,2012.0,Casual,Gini and Jony Boys White Shirt,31093.jpg
11387,Men,Apparel,Topwear,Blue,Fall,2011.0,Casual,United Colors of Benetton Men Light Winter Blue Shirts,11387.jpg
24285,Men,Apparel,Topwear,Grey,Summer,2012.0,Casual,Quiksilver Men Grey Shirt,24285.jpg
17725,Men,Apparel,Topwear,Maroon,Fall,2011.0,Casual,Reid & Taylor Men Solid Maroon Shirt,17725.jpg
20155,Men,Apparel,Topwear,Purple,Fall,2011.0,Casual,Wrangler Men Establish  Purple Shirt,20155.jpg
41660,Men,Apparel,Topwear,Blue,Summer,2012.0,Formal,Mark Taylor Men Blue Striped Shirt,41660.jpg
11708,Men,Apparel,Topwear,Green,Fall,2011.0,Casual,Lee Men Check Green Shirts,11708.jpg
24858,Men,Apparel,Topwear,White,Summer,2011.0,Formal,Mark Taylor Men White Striped Shirt,24858.jpg
9498,Men,Apparel,Topwear,Pink,Fall,2011.0,Formal,John Miller Men Pink white black check Pink Shirts,9498.jpg
9246,Men,Apparel,Topwear,Blue,Fall,2011.0,Formal,Mark Taylor Men Blue Striped Shirt,9246.jpg
19831,Men,Apparel,Topwear,Black,Fall,2011.0,Casual,U.S. Polo Assn. Men Check Black Shirt,19831.jpg
12271,Men,Apparel,Topwear,Blue,Fall,2011.0,Formal,Genesis Men Stripes Blue Shirts,12271.jpg
32393,Women,Apparel,Topwear,Blue,Summer,2012.0,Formal,Arrow Woman Blue Shirt,32393.jpg
9071,Men,Apparel,Topwear,White,Fall,2011.0,Formal,Mark Taylor Men Solid White Shirts,9071.jpg
33235,Men,Apparel,Topwear,Blue,Summer,2012.0,Formal,Arrow Men Blue Check Shirt,33235.jpg
26113,Men,Apparel,Topwear,Purple,Summer,2012.0,Formal,John Miller Men Check Purple Shirt,26113.jpg
26056,Men,Apparel,Topwear,Black,Summer,2012.0,Formal,John Miller Men Check Black Shirt,26056.jpg
8190,Men,Apparel,Topwear,Black,Summer,2011.0,Casual,Locomotive Men Solid Poplin Lakota Black Shirts,8190.jpg
29291,Men,Apparel,Topwear,Green,Summer,2012.0,Casual,Wrangler Men Striped Green Shirt,29291.jpg
29280,Men,Apparel,Topwear,Red,Summer,2012.0,Casual,Wrangler Men Western Spirit Red Shirt,29280.jpg
12025,Men,Apparel,Topwear,White,Fall,2011.0,Formal,Mark Taylor Men White & Blue Striped Shirt,12025.jpg
7167,Men,Apparel,Topwear,Purple,Fall,2011.0,Casual,Scullers Men Scul Purple White Shirt,7167.jpg
58809,Men,Apparel,Topwear,White,Fall,2012.0,Casual,Highlander Men White Striped Shirt,58809.jpg
43304,Women,Apparel,Topwear,White,Summer,2012.0,Casual,United Colors of Benetton Women White Shirt,43304.jpg
22356,Men,Apparel,Topwear,White,Fall,2011.0,Casual,John Players Men Solid White Shirt,22356.jpg
26045,Men,Apparel,Topwear,Purple,Summer,2012.0,Formal,John Miller Men Purple Shirt,26045.jpg
11079,Men,Apparel,Topwear,Green,Fall,2011.0,Casual,Scullers Men Check Green Shirts,11079.jpg
51417,Men,Apparel,Topwear,Blue,Summer,2012.0,Casual,Myntra Men Blue Shirt,51417.jpg
16541,Men,Apparel,Topwear,Black,Fall,2011.0,Casual,Basics Men Black Slim Fit Checked Shirt,16541.jpg
12011,Men,Apparel,Topwear,Purple,Fall,2011.0,Formal,Mark Taylor Men Purple Striped Shirts,12011.jpg
12017,Men,Apparel,Topwear,Purple,Fall,2011.0,Formal,Mark Taylor Men Purple White Striped Shirts,12017.jpg
59833,Men,Apparel,Topwear,Green,Summer,2012.0,Casual,United Colors of Benetton Men Green Shirt,59833.jpg
37794,Men,Apparel,Topwear,Brown,Summer,2012.0,Formal,John Players Men Stripes Brown Shirt,37794.jpg
6772,Men,Apparel,Topwear,Green,Summer,2011.0,Casual,Timberland Men Claremont Popl Green Shirt,6772.jpg
33492,Men,Apparel,Topwear,Blue,Summer,2012.0,Casual,Doodle Kids Boy Check Blue Shirt,33492.jpg
33249,Men,Apparel,Topwear,White,Summer,2012.0,Formal,Arrow Men Blue Striped Shirt,33249.jpg
17719,Men,Apparel,Topwear,White,Fall,2011.0,Casual,Reid & Taylor Men Check White Shirt,17719.jpg
41586,Men,Apparel,Topwear,White,Summer,2012.0,Casual,Basics Men White Striped Shirt,41586.jpg
22354,Men,Apparel,Topwear,Grey,Fall,2011.0,Casual,John Players Men Stripes Grey Shirt,22354.jpg
9455,Men,Apparel,Topwear,Red,Fall,2011.0,Formal,John Miller Men Red Striped Shirt,9455.jpg
9662,Men,Apparel,Topwear,Blue,Fall,2011.0,Casual,Indigo Nation Men Reversible Bling Blue Shirts,9662.jpg
5987,Men,Apparel,Topwear,Black,Summer,2011.0,Casual,Highlander Men Black Striped Slim Fit Shirt,5987.jpg
24524,Men,Apparel,Topwear,Black,Fall,2011.0,Casual,Mother Earth Men Black Shirt,24524.jpg
9469,Men,Apparel,Topwear,White,Fall,2011.0,Formal,John Miller Men White Shirt,9469.jpg
18305,Men,Apparel,Topwear,Pink,Summer,2011.0,Casual,Wills Lifestyle Men Striped Pink Shirt,18305.jpg
6611,Men,Apparel,Topwear,Navy Blue,Summer,2011.0,Casual,Spykar Men Stripes Navy Blue Shirt,6611.jpg
53211,Men,Apparel,Topwear,Blue,Summer,2012.0,Formal,Mark Taylor Men Blue Shirt,53211.jpg
27856,Women,Apparel,Topwear,Red,Summer,2012.0,Casual,Scullers For Her Check Red Shirt,27856.jpg
41605,Men,Apparel,Topwear,Grey,Fall,2012.0,Casual,Basics Men Grey Shirt,41605.jpg
12357,Men,Apparel,Topwear,Blue,Fall,2011.0,Formal,Reid & Taylor Men Check Blue Shirts,12357.jpg
10794,Men,Apparel,Topwear,Navy Blue,Fall,2011.0,Casual,Wrangler Men Warnick Square Block Navy Blue Shirts,10794.jpg
19201,Men,Apparel,Topwear,Black,Fall,2011.0,Casual,United Colors of Benetton Men Check Black Shirt,19201.jpg
59301,Men,Apparel,Topwear,Olive,Fall,2012.0,Casual,U.S. Polo Assn. Denim Co. Men Olive Shirt,59301.jpg
27153,Men,Apparel,Topwear,Green,Summer,2012.0,Formal,Mark Taylor Men Striped Green Shirt,27153.jpg
22576,Men,Apparel,Topwear,Purple,Fall,2011.0,Casual,Highlander Men Purple Check Shirt,22576.jpg
23196,Men,Apparel,Topwear,Green,Fall,2011.0,Casual,Highlander Men Green Check Shirt,23196.jpg
27871,Women,Apparel,Topwear,White,Summer,2012.0,Casual,Scullers For Her Striped White Shirt,27871.jpg
15967,Men,Apparel,Topwear,Red,Fall,2011.0,Casual,Turtle Check Men Red Shirt,15967.jpg
26800,Men,Apparel,Topwear,Grey,Summer,2013.0,Formal,Arrow Men Grey Shirt,26800.jpg
15693,Men,Apparel,Topwear,Blue,Fall,2011.0,Formal,Black coffee Men Micheal Blue Slim Fit Shirt,15693.jpg
8728,Men,Apparel,Topwear,Purple,Fall,2011.0,Casual,Indigo Nation Men Checks Purple Shirts,8728.jpg
27892,Women,Apparel,Topwear,Black,Summer,2012.0,Formal,Scullers For Her Black Striped Shirt,27892.jpg
40129,Boys,Apparel,Topwear,Navy Blue,Summer,2012.0,Casual,Gini and Jony BoysCore Navy Blue Shirt,40129.jpg
26367,Women,Apparel,Topwear,Lavender,Summer,2012.0,,Arrow Woman Lavender Shirt,26367.jpg
9262,Men,Apparel,Topwear,Blue,Fall,2011.0,Formal,Mark Taylor Men Blue Striped Shirt,9262.jpg
17169,Men,Apparel,Topwear,Maroon,Fall,2011.0,Casual,U.S. Polo Assn. Men Checks Maroon Shirt,17169.jpg
51423,Men,Apparel,Topwear,Orange,Summer,2012.0,Casual,Myntra Men Orange Check Shirt,51423.jpg
26390,Men,Apparel,Topwear,Purple,Summer,2012.0,Formal,Turtle Men Check Purple Shirt,26390.jpg
9659,Men,Apparel,Topwear,Blue,Fall,2011.0,Casual,Indigo Nation Men Reversible Bling Blue Shirts,9659.jpg
21118,Men,Apparel,Topwear,Olive,Fall,2011.0,Casual,s.Oliver Men Check Olive Shirt,21118.jpg
27542,Men,Apparel,Topwear,Black,Summer,2012.0,Casual,Scullers Men Check Black Shirt,27542.jpg
29277,Women,Apparel,Topwear,Blue,Summer,2012.0,Casual,Wrangler Women Salena Blue Shirt,29277.jpg
51426,Men,Apparel,Topwear,White,Summer,2012.0,Casual,Myntra Men Red Check Shirt,51426.jpg
10814,Men,Apparel,Topwear,Purple,Fall,2011.0,Casual,Wrangler Men Easter Bright Amslar Purple Shirt,10814.jpg
23207,Men,Apparel,Topwear,Blue,Fall,2011.0,Casual,Highlander Men Blue Check Shirt,23207.jpg
14785,Men,Apparel,Topwear,Navy Blue,Fall,2013.0,Formal,Arrow Men Stripes Navy Blue Shirts,14785.jpg
29696,Men,Apparel,Topwear,Purple,Summer,2012.0,Formal,John Miller Men Striped Purple Shirt,29696.jpg
57110,Women,Apparel,Topwear,Blue,Summer,2012.0,Casual,Elle Women Blue Shirt,57110.jpg
26063,Men,Apparel,Topwear,Blue,Summer,2012.0,Formal,John Miller Men Striped Blue Shirt,26063.jpg
12245,Men,Apparel,Topwear,Maroon,Winter,2011.0,Formal,Genesis Maroon Formal Shirt,12245.jpg
37785,Men,Apparel,Topwear,Blue,Summer,2012.0,Casual,John Players Men Gingham Blue Shirt,37785.jpg
7168,Men,Apparel,Topwear,Blue,Fall,2011.0,Casual,Scullers Men Scul Blue White Shirt,7168.jpg
9072,Men,Apparel,Topwear,White,Fall,2011.0,Formal,Mark Taylor Men Solid White Shirts,9072.jpg
20131,Women,Apparel,Topwear,Red,Fall,2011.0,Casual,Wrangler Women Double Red Shirt,20131.jpg
19692,Men,Apparel,Topwear,Black,Fall,2011.0,Casual,United Colors of Benetton Men Solid Black Shirt,19692.jpg
20024,Men,Apparel,Topwear,Red,Fall,2011.0,Casual,United Colors of Benetton Men Check Red Shirt,20024.jpg
9639,Men,Apparel,Topwear,Blue,Fall,2011.0,Casual,Indigo Nation Men Checks Blue Shirts,9639.jpg
11676,Men,Apparel,Topwear,Blue,Fall,2011.0,Casual,Lee Men Check Blue Shirts,11676.jpg
8788,Men,Apparel,Topwear,White,Fall,2011.0,Formal,Indigo Nation Men Price catch Red White Shirts,8788.jpg
17546,Men,Apparel,Topwear,Pink,Fall,2011.0,Formal,Mark Taylor Men Pink & White Striped Shirt,17546.jpg
9236,Men,Apparel,Topwear,Brown,Fall,2011.0,Formal,Mark Taylor Men Brown Striped Shirt,9236.jpg
9260,Men,Apparel,Topwear,Blue,Fall,2011.0,Formal,Mark Taylor Men Blue Striped Shirt,9260.jpg
16045,Men,Apparel,Topwear,White,Fall,2011.0,Casual,Highlander Men Check White Shirt,16045.jpg
14053,Men,Apparel,Topwear,Blue,Fall,2011.0,Casual,Flying Machine Men Check  Blue Shirts,14053.jpg
22800,Men,Apparel,Topwear,Blue,Summer,2011.0,Casual,Locomotive Men Blue Check Shirt,22800.jpg
18974,Men,Apparel,Topwear,Blue,Summer,2011.0,Casual,United Colors of Benetton Men Stripes Blue Shirt,18974.jpg
31640,Men,Apparel,Topwear,Blue,Summer,2012.0,Casual,Indigo Nation Men Check Blue Shirt,31640.jpg
37143,Men,Apparel,Topwear,Blue,Summer,2012.0,Casual,Wills Lifestyle Men Blue Gingham Shirt,37143.jpg
13867,Men,Apparel,Topwear,Red,Fall,2011.0,Casual,Scullers Men Check Red Shirts,13867.jpg
30228,Men,Apparel,Topwear,Black,Summer,2012.0,Formal,John Miller Men Striped Black Shirt,30228.jpg
27887,Women,Apparel,Topwear,White,Summer,2012.0,Formal,Scullers For Her White Check Shirt,27887.jpg
13752,Men,Apparel,Topwear,Blue,Fall,2011.0,Formal,Belmonte Men Check Blue Shirts,13752.jpg
48361,Men,Apparel,Topwear,Blue,Summer,2012.0,Casual,French Connection Men Blue Shirt,48361.jpg
27566,Men,Apparel,Topwear,Blue,Summer,2012.0,Casual,Scullers Men Striped Blue Shirt,27566.jpg
51401,Men,Apparel,Topwear,Blue,Summer,2012.0,Casual,Myntra Men Blue and Yellow Check Shirt,51401.jpg
57296,Men,Apparel,Topwear,White,Summer,2012.0,Casual,French Connection Men White Checks Shirt,57296.jpg
18749,Women,Apparel,Topwear,Red,Fall,2011.0,Casual,Arrow Woman Hallie Red Shirt,18749.jpg
12942,Men,Apparel,Topwear,Blue,Fall,2011.0,Casual,Basics Men Blue Slim Fit Striped Shirt,12942.jpg
9590,Men,Apparel,Topwear,White,Fall,2011.0,Formal,Indigo Nation Men cotton White Shirts,9590.jpg
13487,Men,Apparel,Topwear,Blue,Fall,2011.0,Casual,Spykar Men Stripes Blue Shirts,13487.jpg
10807,Men,Apparel,Topwear,Black,Fall,2011.0,Casual,Wrangler Men Stampede Printed Stripe Black Shirts,10807.jpg
8862,Men,Apparel,Topwear,Green,Fall,2011.0,Casual,Mark Taylor Men Green Striped Shirt,8862.jpg
19204,Men,Apparel,Topwear,Green,Fall,2011.0,Casual,United Colors of Benetton Men Check Green Shirt,19204.jpg
41661,Men,Apparel,Topwear,Blue,Summer,2012.0,Formal,Mark Taylor Men Blue Striped Shirt,41661.jpg
13743,Men,Apparel,Topwear,Black,Fall,2011.0,Casual,Belmonte Men Check Black Shirts,13743.jpg
27874,Women,Apparel,Topwear,Black,Summer,2012.0,Casual,Scullers For Her Striped Black Shirt,27874.jpg
16032,Men,Apparel,Topwear,Grey,Fall,2011.0,Casual,Highlander Men Check Grey Shirt,16032.jpg
19703,Men,Apparel,Topwear,Black,Fall,2011.0,Casual,United Colors of Benetton Men Stripes Black Shirt,19703.jpg
10813,Men,Apparel,Topwear,Black,Fall,2011.0,Casual,Wrangler Men Dirt Rider Check Black Shirts,10813.jpg
12471,Men,Apparel,Topwear,White,Fall,2011.0,Casual,Basics Men White Slim Fit Shirt,12471.jpg
11697,Men,Apparel,Topwear,Blue,Fall,2011.0,Casual,Lee Men Check Blue Shirts,11697.jpg
8791,Men,Apparel,Topwear,Blue,Fall,2011.0,Formal,Indigo Nation Men Price catch Blue White Shirts,8791.jpg
15968,Men,Apparel,Topwear,Black,Fall,2011.0,Casual,Turtle Check Men Black Shirt,15968.jpg
12180,Men,Apparel,Topwear,White,Fall,2011.0,Casual,Basics Men White Slim Fit Checked Shirt,12180.jpg
13940,Men,Apparel,Topwear,Grey,Fall,2011.0,Casual,United Colors of Benetton Men Check Grey Shirt,13940.jpg
4974,Men,Apparel,Topwear,Yellow,Summer,2011.0,Casual,Gini and Jony Boy's Kangaroo Yellow Infant Kidswear,4974.jpg
17571,Men,Apparel,Topwear,Blue,Fall,2011.0,Formal,Mark Taylor Men Blue & White Striped Shirt,17571.jpg
8586,Men,Apparel,Topwear,Red,Fall,2011.0,Casual,Scullers Men Red Shirt,8586.jpg
9634,Men,Apparel,Topwear,White,Fall,2011.0,Formal,Indigo Nation Men Price catch Black White Shirts,9634.jpg
22395,Men,Apparel,Topwear,Blue,Fall,2011.0,Casual,Mark Taylor Men Striped Blue Shirt,22395.jpg
51400,Men,Apparel,Topwear,Yellow,Summer,2012.0,Formal,Myntra Men Yellow Shirt,51400.jpg
30794,Men,Apparel,Topwear,White,Summer,2012.0,Ethnic,Fabindia Men Printed White Shirt,30794.jpg
26065,Men,Apparel,Topwear,Black,Summer,2012.0,Formal,John Miller Men Check Black Shirt,26065.jpg
27866,Women,Apparel,Topwear,Purple,Summer,2012.0,Casual,Scullers For Her Striped Purple Shirt,27866.jpg
26958,Women,Apparel,Topwear,Teal,Summer,2012.0,Casual,Jealous 21 Women Teal Shirt,26958.jpg
2050,Men,Apparel,Topwear,Black,Winter,2010.0,Casual,Lee Men Essential Black Shirt,2050.jpg
33553,Men,Apparel,Topwear,Green,Summer,2012.0,Casual,Wrangler Men Exeter Check Green Shirt,33553.jpg
17168,Men,Apparel,Topwear,Mustard,Fall,2011.0,Casual,U.S. Polo Assn. Men Checks Mustard Shirt,17168.jpg
26087,Men,Apparel,Topwear,Purple,Summer,2012.0,Formal,John Miller Men Check Purple Shirt,26087.jpg
27862,Women,Apparel,Topwear,Navy Blue,Summer,2012.0,Casual,Scullers For Her Women Check Navy Blue Shirt,27862.jpg
8472,Women,Apparel,Topwear,Blue,Fall,2011.0,Casual,Scullers For Her Women Wow Woven Navy Blue Tops,8472.jpg
51403,Men,Apparel,Topwear,Navy Blue,Summer,2012.0,Casual,Myntra Men Blue and White Check Shirt,51403.jpg
8871,Men,Apparel,Topwear,Blue,Fall,2011.0,Casual,Mark Taylor Men Blue Striped Shirt,8871.jpg
20164,Men,Apparel,Topwear,Navy Blue,Fall,2011.0,Casual,Wrangler Men Easter Navy Blue Shirt,20164.jpg
38823,Women,Apparel,Topwear,Navy Blue,Fall,2012.0,Casual,Latin Quarters Women Navy Blue Shirt,38823.jpg
14526,Men,Apparel,Topwear,Blue,Fall,2011.0,Formal,Mark Taylor Men Aqua Blue & White Grey Striped Shirt,14526.jpg
14786,Men,Apparel,Topwear,Purple,Fall,2011.0,Formal,Arrow Men Solid Purple Shirts,14786.jpg
15090,Men,Apparel,Topwear,White,Fall,2011.0,Casual,Mother Earth Men Check White Shirts,15090.jpg
13459,Men,Apparel,Topwear,Blue,Summer,2011.0,Casual,United Colors of Benetton Men Check Blue Shirts,13459.jpg
9454,Men,Apparel,Topwear,White,Fall,2011.0,Formal,John Miller Men White Check Shirt,9454.jpg
26114,Men,Apparel,Topwear,Purple,Summer,2012.0,Formal,John Miller Men Purple Shirt,26114.jpg
17193,Men,Apparel,Topwear,Navy Blue,Winter,2016.0,Casual,U.S. Polo Assn. Men Stripes Navy Blue Shirt,17193.jpg
56770,Men,Apparel,Topwear,Grey,Summer,2012.0,Casual,Horsefly Men Grey & Blue Striped Shirt,56770.jpg
12952,Men,Apparel,Topwear,Blue,Fall,2011.0,Casual,Basics Men Blue Slim Fit Checked Shirt,12952.jpg
9064,Men,Apparel,Topwear,Blue,Fall,2011.0,Formal,Mark Taylor Men Blue Striped Shirt,9064.jpg
58765,Men,Apparel,Topwear,Beige,Summer,2012.0,Casual,Locomotive Men Beige Shirt,58765.jpg
12304,Men,Apparel,Topwear,Red,Fall,2011.0,Formal,Genesis Men Stripes Red Shirts,12304.jpg
9881,Men,Apparel,Topwear,Black,Fall,2011.0,Casual,Indigo Nation Men Club Poplin Black Shirts,9881.jpg
27148,Men,Apparel,Topwear,Grey,Summer,2012.0,Formal,Mark Taylor Men Striped Grey Shirt,27148.jpg
13320,Men,Apparel,Topwear,Pink,Fall,2011.0,Casual,Gini and Jony Kids Boys Stripes Pink Shirts,13320.jpg
33239,Men,Apparel,Topwear,Black,Summer,2012.0,Formal,Arrow Men Black Striped Slim Fit Shirt,33239.jpg
9594,Men,Apparel,Topwear,White,Fall,2011.0,Casual,Scullers Men Scul Red White Shirts,9594.jpg
23037,Men,Apparel,Topwear,Black,Fall,2011.0,Formal,Arrow Men Black Striped Shirt,23037.jpg
27534,Men,Apparel,Topwear,Blue,Summer,2012.0,Casual,Scullers Men Check Blue Shirt,27534.jpg
29639,Men,Apparel,Topwear,White,Summer,2012.0,Casual,Indigo Nation Men White Shirt,29639.jpg
12731,Men,Apparel,Topwear,Green,Fall,2011.0,Casual,Timberland Men Check Green Shirts,12731.jpg
6320,Men,Apparel,Topwear,Grey,Summer,2011.0,Casual,UCB Men Small Checks Yellow Shirt,6320.jpg
46353,Men,Apparel,Topwear,Blue,Summer,2012.0,Casual,Locomotive Men Blue Striped Shirt,46353.jpg
34038,Boys,Apparel,Topwear,Red,Summer,2012.0,Casual,Gini and Jony Boys Check Red Shirt,34038.jpg
29279,Men,Apparel,Topwear,Blue,Summer,2012.0,Casual,Wrangler Men Blue Aaron Check Shirt,29279.jpg
13051,Men,Apparel,Topwear,Blue,Fall,2011.0,Casual,Spykar Men Check Blue Shirts,13051.jpg
9658,Men,Apparel,Topwear,Maroon,Fall,2011.0,Casual,Indigo Nation Men Reversible Bling Maroon Shirt,9658.jpg
51488,Men,Apparel,Topwear,Rust,Summer,2012.0,Casual,Denizen Men Rust & Black Check Shirt,51488.jpg
59305,Men,Apparel,Topwear,Blue,Fall,2012.0,Casual,U.S. Polo Assn. Denim Co. Men Red & Navy Blue Shirt,59305.jpg
4972,Men,Apparel,Topwear,Green,Summer,2011.0,Casual,Gini and Jony Boy's Kangaroo Green White Kidswear,4972.jpg
26797,Men,Apparel,Topwear,Grey,Summer,2013.0,Formal,Arrow Men Grey Striped Shirt,26797.jpg
13661,Men,Apparel,Topwear,White,Fall,2011.0,Formal,Genesis Men Thick Black Stripe Shirt,13661.jpg
29278,Men,Apparel,Topwear,Blue,Summer,2012.0,Casual,Wrangler Men Aaron Check Blue Shirt,29278.jpg
11632,Men,Apparel,Topwear,Black,Fall,2011.0,Casual,United Colors of Benetton Men Black Striped Shirt,11632.jpg
16039,Men,Apparel,Topwear,Green,Fall,2011.0,Casual,Highlander Men Check Green Shirt,16039.jpg
31100,Boys,Apparel,Topwear,Navy Blue,Summer,2012.0,Casual,Gini and Jony Boys Check Navy Blue Shirt,31100.jpg
16924,Men,Apparel,Topwear,Brown,Fall,2011.0,Casual,Spykar Men Check Brown Shirts,16924.jpg
18317,Men,Apparel,Topwear,Maroon,Summer,2011.0,Casual,Wills Lifestyle Men Check Maroon Shirt,18317.jpg
19181,Men,Apparel,Topwear,Red,Fall,2011.0,Casual,United Colors of Benetton Men Red Check Shirt,19181.jpg
6015,Men,Apparel,Topwear,Black,Summer,2011.0,Casual,Highlander Men Small Black Checked Shirt,6015.jpg
31091,Boys,Apparel,Topwear,White,Summer,2012.0,Casual,Gini and Jony Boys White Shirt,31091.jpg
39780,Men,Apparel,Topwear,Yellow,Summer,2012.0,Casual,Peter England Men Yellow Casual Shirts,39780.jpg
9621,Men,Apparel,Topwear,Blue,Fall,2011.0,Casual,Indigo Nation Men Checks Blue Shirts,9621.jpg
31649,Men,Apparel,Topwear,Blue,Summer,2012.0,Formal,Indigo Nation Men Striped Blue Shirt,31649.jpg
27558,Men,Apparel,Topwear,Lavender,Summer,2012.0,Formal,Scullers Men Lavender Shirt,27558.jpg
16042,Men,Apparel,Topwear,Red,Fall,2011.0,Casual,Highlander Men Check Red Shirt,16042.jpg
37804,Men,Apparel,Topwear,Navy Blue,Summer,2012.0,Formal,John Players Men Navy Blue Linen Shirt,37804.jpg
13417,Men,Apparel,Topwear,Blue,Summer,2011.0,Casual,United Colors of Benetton Men Solid Blue Shirts,13417.jpg
7145,Women,Apparel,Topwear,Navy Blue,Fall,2011.0,Casual,Scullers For Her Women Light Work Navy Blue Shirts,7145.jpg
19702,Men,Apparel,Topwear,Blue,Fall,2011.0,Casual,United Colors Of Benetton Men Striped Blue Shirts,19702.jpg
26088,Men,Apparel,Topwear,Purple,Summer,2012.0,Formal,John Miller Men Striped Purple Shirt,26088.jpg
37736,Men,Apparel,Topwear,Blue,Summer,2012.0,Casual,John Players Men Check Blue Shirt,37736.jpg
2125,Women,Apparel,Topwear,White,Winter,2010.0,Casual,Lee Women White Shirt,2125.jpg
30806,Men,Apparel,Topwear,Brown,Summer,2012.0,Casual,Fabindia Men Check Brown Shirt,30806.jpg
9256,Men,Apparel,Topwear,Blue,Fall,2011.0,Formal,Mark Taylor Men Blue Striped Shirt,9256.jpg
32395,Women,Apparel,Topwear,Grey,Summer,2012.0,Formal,Arrow Woman Grey Shirt,32395.jpg
12023,Men,Apparel,Topwear,White,Fall,2011.0,Formal,Mark Taylor Men White Striped Shirt,12023.jpg
37723,Men,Apparel,Topwear,Blue,Summer,2012.0,Casual,John Players Men Stripes Blue Shirt,37723.jpg
9424,Men,Apparel,Topwear,Purple,Fall,2011.0,Formal,John Miller Men Purple Fila-Fil Purple Shirts,9424.jpg
14716,Men,Apparel,Topwear,White,Fall,2011.0,Formal,Indigo Nation Men Formal Shirt White Shirts,14716.jpg
36590,Men,Apparel,Topwear,Red,Summer,2012.0,Casual,Provogue Men Eternity Red Shirt,36590.jpg
33241,Men,Apparel,Topwear,Blue,Summer,2012.0,Formal,Arrow Men Blue Striped Shirt,33241.jpg
9653,Men,Apparel,Topwear,Purple,Fall,2011.0,Casual,Indigo Nation Men Bling Purple Shirts,9653.jpg
29669,Men,Apparel,Topwear,White,Summer,2012.0,Casual,Indigo Nation Men Printed White Shirt,29669.jpg
5147,Women,Apparel,Topwear,Red,Summer,2011.0,Casual,Wrangler Women Ditsy Polka Red Shirt,5147.jpg
10480,Men,Apparel,Topwear,Yellow,Fall,2011.0,Casual,Flying Machine Men SS Yellow Shirts,10480.jpg
26112,Men,Apparel,Topwear,Purple,Summer,2012.0,Formal,John Miller Men Striped Purple Shirt,26112.jpg
25006,Men,Apparel,Topwear,Black,Summer,2012.0,Casual,United Colors of Benetton Men Black Shirt,25006.jpg
57285,Men,Apparel,Topwear,Blue,Summer,2012.0,Casual,French Connection Men Blue Shirt,57285.jpg
17750,Men,Apparel,Topwear,Navy Blue,Fall,2011.0,Casual,Highlander Men Stripes Navy Blue Shirt,17750.jpg
23666,Men,Apparel,Topwear,Red,Fall,2011.0,Casual,Spykar Men Red Check Shirt,23666.jpg
34028,Boys,Apparel,Topwear,Black,Summer,2012.0,Casual,Gini and Jony Boys Check White & Black Shirt,34028.jpg
9478,Men,Apparel,Topwear,Black,Fall,2011.0,Formal,John Miller Men Black & White Check Shirt,9478.jpg
32762,Men,Apparel,Topwear,Blue,Summer,2012.0,Formal,John Miller Men Check Blue Shirt,32762.jpg
47662,Women,Apparel,Topwear,Multi,Summer,2012.0,Casual,Femella Women Multi Coloured Floral Print Shirt,47662.jpg
7143,Women,Apparel,Topwear,Blue,Fall,2011.0,Casual,Scullers For Her Women Light Work Blue Shirts,7143.jpg
58395,Men,Apparel,Topwear,Purple,Summer,2012.0,Casual,Locomotive Men Purple Shirt,58395.jpg
18760,Women,Apparel,Topwear,Grey,Fall,2011.0,Casual,Arrow Woman Aiyanna Grey Shirt,18760.jpg
13283,Men,Apparel,Topwear,Blue,Fall,2011.0,Casual,Gini and Jony Kids Boys Check Blue Shirts,13283.jpg
13217,Men,Apparel,Topwear,White,Fall,2011.0,Casual,Palm Tree Kids Boys Solid White Shirts,13217.jpg
26411,Men,Apparel,Topwear,Red,Summer,2012.0,Casual,Turtle Men Check Red Shirt,26411.jpg
23180,Men,Apparel,Topwear,White,Fall,2011.0,Formal,Black Coffee Men White Check Slim Fit Shirt,23180.jpg
16340,Men,Apparel,Topwear,Maroon,Fall,2011.0,Formal,Peter England Men Stripes Maroon Shirt,16340.jpg
32505,Men,Apparel,Topwear,Black,Summer,2012.0,Casual,Scullers Men Black Shirt,32505.jpg
9462,Men,Apparel,Topwear,White,Fall,2011.0,Formal,John Miller Men White Check Shirt,9462.jpg
8152,Men,Apparel,Topwear,Blue,Summer,2011.0,Casual,Highlander Men Blue Checked Hagan Slim Fit Shirt,8152.jpg
8854,Men,Apparel,Topwear,Blue,Fall,2011.0,Casual,Mark Taylor Men Blue Striped Shirt,8854.jpg
2100,Men,Apparel,Topwear,Brown,Winter,2010.0,Casual,Lee Men Checks Brown Shirt,2100.jpg
37749,Men,Apparel,Topwear,Red,Summer,2012.0,Casual,John Players Men Check Red Shirt,37749.jpg
13758,Men,Apparel,Topwear,Green,Fall,2011.0,Formal,Belmonte Men Check Green Shirts,13758.jpg
57128,Women,Apparel,Topwear,Grey,Summer,2012.0,Casual,Elle Women Grey Retro Top,57128.jpg
12350,Men,Apparel,Topwear,Pink,Fall,2011.0,Formal,Reid & Taylor Men Pink Striped Shirt,12350.jpg
13745,Men,Apparel,Topwear,Blue,Fall,2011.0,Formal,Belmonte Men Solid Blue Shirts,13745.jpg
8719,Men,Apparel,Topwear,Purple,Fall,2011.0,Casual,Indigo Nation Men Stripes Shirt Purple Shirts,8719.jpg
26402,Men,Apparel,Topwear,Purple,Summer,2012.0,Casual,Turtle Men Check Purple Shirt,26402.jpg
17176,Men,Apparel,Topwear,Green,Fall,2011.0,Casual,U.S. Polo Assn. Men Checks Green Shirt,17176.jpg
11113,Men,Apparel,Topwear,White,Fall,2011.0,Formal,Indigo Nation Men Check White Shirt,11113.jpg
24069,Men,Apparel,Topwear,Black,Fall,2011.0,Casual,Locomotive Men Checked Black Shirt,24069.jpg
19825,Men,Apparel,Topwear,Green,Fall,2011.0,Casual,U.S. Polo Assn. Men Check Green Shirt,19825.jpg
18324,Men,Apparel,Topwear,Navy Blue,Fall,2011.0,Casual,Wills Lifestyle Men Check Navy Blue Shirt,18324.jpg
20029,Men,Apparel,Topwear,Grey,Fall,2011.0,Casual,United Colors of Benetton Men Solid Grey Shirt,20029.jpg
8734,Men,Apparel,Topwear,Purple,Fall,2011.0,Casual,Indigo Nation Men Striped Shirt,8734.jpg
14712,Men,Apparel,Topwear,Off White,Winter,2011.0,Formal,Genesis Off-White Formal Shirt,14712.jpg
26116,Men,Apparel,Topwear,Blue,Summer,2012.0,Formal,John Miller Men Striped Blue Shirt,26116.jpg
15970,Men,Apparel,Topwear,Navy Blue,Fall,2011.0,Casual,Turtle Check Men Navy Blue Shirt,15970.jpg
13852,Men,Apparel,Topwear,Blue,Fall,2011.0,Casual,Indigo Nation Men Check Blue Shirts,13852.jpg
19699,Men,Apparel,Topwear,White,Fall,2011.0,Casual,United Colors of Benetton Men White Shirt,19699.jpg
26048,Men,Apparel,Topwear,Grey,Summer,2012.0,Formal,John Miller Men Grey Shirt,26048.jpg
53783,Men,Apparel,Topwear,Navy Blue,Summer,2012.0,Casual,Puma Men Navy Blue Shirt,53783.jpg
8829,Men,Apparel,Topwear,White,Fall,2011.0,Casual,Spykar Men Ranger Purple-Black Stripe White Shirts,8829.jpg
34050,Boys,Apparel,Topwear,Maroon,Summer,2012.0,Casual,Gini and Jony Boys Maroon Shirt,34050.jpg
7177,Men,Apparel,Topwear,Blue,Fall,2011.0,Casual,Scullers Men Blue Check Shirt,7177.jpg
8812,Men,Apparel,Topwear,Green,Fall,2011.0,Casual,Spykar Men Ranger Green Bl Checks Green Shirts,8812.jpg
12361,Men,Apparel,Topwear,Blue,Fall,2011.0,Formal,Reid & Taylor Men Solid Blue Shirts,12361.jpg
12368,Men,Apparel,Topwear,Blue,Fall,2011.0,Formal,Reid & Taylor Men Stripes Blue Shirts,12368.jpg
24562,Men,Apparel,Topwear,Blue,Summer,2012.0,Casual,Lee Men Rubin Blue Shirt,24562.jpg
6789,Men,Apparel,Topwear,Green,Summer,2011.0,Casual,Timberland Men Meriden White Check Shirt,6789.jpg
12939,Men,Apparel,Topwear,Black,Fall,2011.0,Casual,Basics Men Black Slim Fit Checked Shirt,12939.jpg
34098,Boys,Apparel,Topwear,Multi,Summer,2012.0,Casual,Doodle Boys Check Multi Coloured Shirt,34098.jpg
41304,Boys,Apparel,Topwear,White,Summer,2012.0,Casual,Gini and Jony Boys White Check Shirt,41304.jpg
19827,Men,Apparel,Topwear,Red,Fall,2011.0,Casual,U.S. Polo Assn. Men Check Red Shirt,19827.jpg
41599,Men,Apparel,Topwear,Blue,Summer,2012.0,Casual,Basics Men Blue Shirt,41599.jpg
6004,Men,Apparel,Topwear,Blue,Summer,2011.0,Casual,Highlander Men Blue Bold Green Checked Shirt,6004.jpg
26369,Women,Apparel,Topwear,Blue,Summer,2012.0,Casual,Arrow Woman Blue Shirt,26369.jpg
29640,Men,Apparel,Topwear,Black,Summer,2012.0,Casual,Indigo Nation Men Black Shirt,29640.jpg
12659,Men,Apparel,Topwear,White,Fall,2011.0,Casual,Probase Men Stripes White Shirts,12659.jpg
11053,Men,Apparel,Topwear,Blue,Fall,2011.0,Casual,Scullers Men Check Blue Shirts,11053.jpg
12376,Men,Apparel,Topwear,White,Fall,2011.0,Casual,Reid & Taylor Men Check White Shirts,12376.jpg
5974,Men,Apparel,Topwear,Green,Summer,2011.0,Casual,Locomotive Men Green Black White Checked Shirt,5974.jpg
34035,Boys,Apparel,Topwear,Navy Blue,Summer,2012.0,Casual,Gini and Jony Boys Check Navy Blue Shirt,34035.jpg
29648,Men,Apparel,Topwear,Grey,Summer,2012.0,Formal,Indigo Nation Men Grey Striped Shirt,29648.jpg
16033,Men,Apparel,Topwear,Red,Fall,2011.0,Casual,Highlander Men Check Red Shirt,16033.jpg
17172,Men,Apparel,Topwear,Blue,Fall,2011.0,Casual,U.S. Polo Assn. Men Checks Blue Shirt,17172.jpg
8889,Men,Apparel,Topwear,Black,Fall,2011.0,Formal,John Miller Men Black Shirt,8889.jpg
8899,Men,Apparel,Topwear,Red,Fall,2011.0,Casual,Indigo Nation Men Bling Red Shirts,8899.jpg
27210,Men,Apparel,Topwear,Green,Summer,2012.0,Casual,Doodle Kids Boy Check Green Shirt,27210.jpg
38974,Men,Apparel,Topwear,Black,Summer,2012.0,Formal,Arrow New York Men Black Check Slim Fit Shirt,38974.jpg
27532,Men,Apparel,Topwear,Blue,Summer,2012.0,Casual,Scullers Men Check Blue Shirt,27532.jpg
12177,Men,Apparel,Topwear,Blue,Fall,2011.0,Casual,Basics Men Blue Slim Fit Shirt,12177.jpg
31023,Men,Apparel,Topwear,Grey,Summer,2012.0,Formal,Arrow New York Men Grey Check Slim Fit Shirt,31023.jpg
41960,Boys,Apparel,Topwear,Red,Summer,2012.0,Casual,Gini and Jony Boys Authentic Red Shirt,41960.jpg
19177,Men,Apparel,Topwear,Navy Blue,Fall,2011.0,Casual,United Colors Of Benetton Men Navy Blue Shirt,19177.jpg
12265,Men,Apparel,Topwear,White,Fall,2011.0,Formal,Genesis Men Stripes White Shirts,12265.jpg
12321,Men,Apparel,Topwear,Blue,Winter,2011.0,Formal,Genesis Blue Striped Formal Shirt,12321.jpg
6779,Men,Apparel,Topwear,Olive,Summer,2011.0,Casual,Timberland Men Claremont Popl Olive Shirt,6779.jpg
8591,Men,Apparel,Topwear,Purple,Fall,2011.0,Casual,Scullers Men Purple Check Shirt,8591.jpg
19725,Women,Apparel,Topwear,Blue,Fall,2011.0,Casual,United Colors Of Benetton Women Check Blue Shirt,19725.jpg
8865,Men,Apparel,Topwear,Purple,Fall,2011.0,Casual,Mark Taylor Men Purple Striped Shirt,8865.jpg
18759,Women,Apparel,Topwear,Blue,Fall,2011.0,Casual,Arrow Woman Aiyanna Blue Shirt,18759.jpg
13760,Men,Apparel,Topwear,Purple,Fall,2011.0,Casual,Belmonte Men Check Purple Shirts,13760.jpg
58797,Men,Apparel,Topwear,Grey Melange,Fall,2012.0,Smart Casual,Highlander Men Grey Melange Shirt,58797.jpg
33488,Men,Apparel,Topwear,Purple,Summer,2012.0,Casual,Doodle Kids Boy Check Purple Shirt,33488.jpg
26059,Men,Apparel,Topwear,Black,Summer,2012.0,Formal,John Miller Men Gingham Black Shirt,26059.jpg
7175,Men,Apparel,Topwear,Black,Fall,2011.0,Casual,Scullers Men Scul Black White Check Shirt,7175.jpg
9879,Men,Apparel,Topwear,Blue,Fall,2011.0,Casual,Indigo Nation Men Hot Stepper Blue Striped Shirt,9879.jpg
20185,Men,Apparel,Topwear,Pink,Fall,2011.0,Casual,Wrangler Men Tiny Pink Shirt,20185.jpg
33060,Men,Apparel,Topwear,Green,Summer,2012.0,Casual,U.S. Polo Assn. Denim Co. Men Green & Blue Check Shirt,33060.jpg
10598,Women,Apparel,Topwear,Blue,Fall,2011.0,Casual,Flying Machine Women HS Blue Denim Shirt,10598.jpg
44928,Men,Apparel,Topwear,Red,Summer,2012.0,Casual,Jack & Jones Men Red Check Shirt,44928.jpg
9254,Men,Apparel,Topwear,White,Fall,2011.0,Formal,Mark Taylor Men Solid White Shirts,9254.jpg
31096,Boys,Apparel,Topwear,Green,Summer,2012.0,Casual,Palm Tree Boys Check Green Shirt,31096.jpg
13929,Men,Apparel,Topwear,Beige,Summer,2011.0,Casual,United Colors of Benetton Men Solid Beige Shirts,13929.jpg
5129,Women,Apparel,Topwear,White,Summer,2011.0,Casual,Wrangler Women Rose Bouquet White Blue Shirt,5129.jpg
12007,Men,Apparel,Topwear,Purple,Fall,2011.0,Formal,Mark Taylor Men Purple Striped Shirt,12007.jpg
30795,Men,Apparel,Topwear,Yellow,Summer,2012.0,Casual,Fabindia Men Striped Yellow Shirt,30795.jpg
2168,Men,Apparel,Topwear,Blue,Summer,2011.0,Casual,Probase Men Check Brown Shirt,2168.jpg
56769,Men,Apparel,Topwear,Navy Blue,Summer,2012.0,Casual,Horsefly Men Navy Blue & Red Striped Shirt,56769.jpg
31092,Boys,Apparel,Topwear,Maroon,Summer,2012.0,Casual,Gini and Jony Boys Maroon Shirt,31092.jpg
10255,Men,Apparel,Topwear,Blue,Fall,2011.0,Casual,Locomotive Men Stripes Blue Shirts,10255.jpg
37796,Men,Apparel,Topwear,Blue,Summer,2012.0,Formal,John Players Men Check Blue Elegant Collection Shirt,37796.jpg
44669,Women,Apparel,Topwear,White,Summer,2012.0,Casual,Wills Lifestyle Women White Shirt,44669.jpg
12941,Men,Apparel,Topwear,Blue,Fall,2011.0,Casual,Basics Men Blue Slim Fit Striped Shirt,12941.jpg
8774,Men,Apparel,Topwear,Blue,Fall,2011.0,Casual,Indigo Nation Men Blue Check Shirt,8774.jpg
26795,Men,Apparel,Topwear,Blue,Summer,2013.0,Formal,Arrow Men Blue Shirt,26795.jpg
12313,Men,Apparel,Topwear,Purple,Fall,2011.0,Formal,Genesis Men Stripes Purple Shirts,12313.jpg
12266,Men,Apparel,Topwear,Blue,Winter,2011.0,Formal,Genesis Blue Formal Shirt,12266.jpg
17559,Men,Apparel,Topwear,Grey,Fall,2011.0,Formal,Mark Taylor Men Grey & White Striped Shirt,17559.jpg
39734,Women,Apparel,Topwear,Pink,Summer,2012.0,Casual,Arrow Woman Pink & Yellow Check Shirt,39734.jpg
22407,Men,Apparel,Topwear,White,Fall,2011.0,Casual,Mark Taylor Men Striped White Shirt,22407.jpg
29632,Men,Apparel,Topwear,Purple,Summer,2012.0,Formal,Indigo Nation Men Striped Purple Shirt,29632.jpg
11054,Men,Apparel,Topwear,Blue,Fall,2011.0,Casual,Scullers Men Check Blue Shirts,11054.jpg
20032,Men,Apparel,Topwear,White,Summer,2011.0,Casual,United Colors of Benetton Men Striped White Shirt,20032.jpg
39698,Men,Apparel,Topwear,White,Summer,2012.0,Casual,Spykar Men Ranger White Shirt,39698.jpg
37782,Men,Apparel,Topwear,White,Summer,2012.0,Casual,John Players Men White & Yellow Striped Shirt,37782.jpg
46395,Men,Apparel,Topwear,Blue,Summer,2012.0,Casual,ADIDAS Men Blue & White Check Shirt,46395.jpg
24698,Men,Apparel,Topwear,White,Fall,2011.0,Casual,Probase Men White Check Shirt,24698.jpg
10188,Men,Apparel,Topwear,Blue,Fall,2011.0,Casual,Indigo Nation Men   Blue & White Stripe Shirt,10188.jpg
14048,Men,Apparel,Topwear,Navy Blue,Fall,2011.0,Casual,Flying Machine Men Check Navy Blue Shirts,14048.jpg
40130,Boys,Apparel,Topwear,White,Summer,2012.0,Casual,Gini and Jony Boys Core White Shirt,40130.jpg
37750,Men,Apparel,Topwear,Blue,Summer,2012.0,Casual,John Players Men Blue Check Shirt,37750.jpg
13895,Men,Apparel,Topwear,Yellow,Fall,2011.0,Casual,Spykar Men Stripes Yellow Shirts,13895.jpg
20169,Men,Apparel,Topwear,Blue,Fall,2011.0,Casual,Wrangler Men Thin Blue Shirt,20169.jpg
9239,Men,Apparel,Topwear,Green,Fall,2011.0,Formal,Mark Taylor Men Green Striped Shirt,9239.jpg
59452,Men,Apparel,Topwear,Blue,Fall,2012.0,Formal,Arrow New York Men Blue Check Slim Fit Shirt,59452.jpg
20130,Women,Apparel,Topwear,Blue,Fall,2011.0,Casual,Wrangler Women Double Blue Shirt,20130.jpg
26794,Men,Apparel,Topwear,Grey,Summer,2013.0,Formal,Arrow Men Grey Shirt,26794.jpg
30106,Men,Apparel,Topwear,Navy Blue,Summer,2012.0,Casual,Flying Machine Men Navy Blue Shirt,30106.jpg
12253,Men,Apparel,Topwear,Pink,Winter,2011.0,Formal,Genesis Pink Striped Formal Shirt,12253.jpg
20318,Men,Apparel,Topwear,Maroon,Summer,2011.0,Casual,Mother Earth Men Solid Maroon Shirt,20318.jpg
59296,Men,Apparel,Topwear,White,Fall,2012.0,Casual,U.S. Polo Assn. Men White & Green Shirt,59296.jpg
11166,Men,Apparel,Topwear,Purple,Fall,2011.0,Formal,John Miller Men Solid Purple Shirt,11166.jpg
12950,Men,Apparel,Topwear,White,Fall,2011.0,Casual,Basics Men White Slim Fit Checked Shirt,12950.jpg
51421,Men,Apparel,Topwear,Blue,Summer,2012.0,Casual,Myntra Men Blue Check Shirt,51421.jpg
25529,Men,Apparel,Topwear,White,Summer,2012.0,Casual,Wrangler Men Griffith White Shirt,25529.jpg
7166,Men,Apparel,Topwear,Red,Fall,2011.0,Casual,Scullers Men Scul Red White Shirt,7166.jpg
37743,Men,Apparel,Topwear,Grey,Summer,2012.0,Casual,John Players Men Stripes Grey Shirt,37743.jpg
13518,Men,Apparel,Topwear,Blue,Fall,2011.0,Casual,Probase Men Stripes Blue Shirts,13518.jpg
9517,Men,Apparel,Topwear,White,Fall,2011.0,Formal,John Miller Men white brown stripe White Shirts,9517.jpg
12035,Men,Apparel,Topwear,Blue,Fall,2011.0,Formal,Mark Taylor Men Red Striped Shirt,12035.jpg
59874,Women,Apparel,Topwear,Green,Fall,2012.0,Casual,Femella Women Green Check Shirt,59874.jpg
59832,Men,Apparel,Topwear,Pink,Summer,2012.0,Casual,United Colors of Benetton Men Pink Shirt,59832.jpg
13401,Men,Apparel,Topwear,Red,Summer,2011.0,Casual,United Colors of Benetton Men Check Red Shirts,13401.jpg
26365,Women,Apparel,Topwear,White,Summer,2012.0,,Arrow Woman White Shirt,26365.jpg
20172,Men,Apparel,Topwear,Navy Blue,Fall,2011.0,Casual,Wrangler Men Aoston Navy Blue Shirt,20172.jpg
39781,Men,Apparel,Topwear,White,Summer,2012.0,Formal,Peter England Men Striped White Formal Shirt,39781.jpg
15983,Men,Apparel,Topwear,Burgundy,Fall,2011.0,Casual,Turtle Solid Men  Burgundy Shirt,15983.jpg
41594,Men,Apparel,Topwear,Grey,Summer,2012.0,Casual,Basics Men Grey Striped Shirt,41594.jpg
29701,Men,Apparel,Topwear,Black,Summer,2012.0,Formal,John Miller Men Check Black Shirt,29701.jpg
8855,Men,Apparel,Topwear,Orange,Fall,2011.0,Casual,Mark Taylor Men Orange Striped Shirt,8855.jpg
16812,Men,Apparel,Topwear,Blue,Fall,2011.0,Casual,Locomotive Men Check Blue Shirt,16812.jpg
21156,Women,Apparel,Topwear,Grey,Fall,2011.0,Casual,s.Oliver Women White Striped Shirt,21156.jpg
30797,Men,Apparel,Topwear,Black,Summer,2012.0,Ethnic,Fabindia Men Hand Block Printed Black Shirt,30797.jpg
6777,Men,Apparel,Topwear,Brown,Summer,2011.0,Casual,Timberland Men Claremont Popl Brown Shirt,6777.jpg
22384,Men,Apparel,Topwear,Blue,Fall,2011.0,Casual,Mark Taylor Men Black & Blue Striped White Shirt,22384.jpg
19826,Men,Apparel,Topwear,Yellow,Fall,2011.0,Casual,U.S. Polo Assn. Men Check Yellow Shirt,19826.jpg
20369,Men,Apparel,Topwear,Red,Summer,2011.0,Casual,United Colors of Benetton Men Check Red Shirt,20369.jpg
13757,Men,Apparel,Topwear,Blue,Fall,2011.0,Formal,Belmonte Men Check Blue Shirts,13757.jpg
10189,Men,Apparel,Topwear,Blue,Fall,2011.0,Casual,Indigo Nation Men Hot Stepper Blue Shirts,10189.jpg
16023,Men,Apparel,Topwear,Grey,Fall,2011.0,Casual,Highlander Men Stripes Grey Slim Fit Shirt,16023.jpg
24608,Men,Apparel,Topwear,Green,Fall,2011.0,Casual,Spykar Men Green Shirt,24608.jpg
8775,Men,Apparel,Topwear,Green,Fall,2011.0,Casual,Indigo Nation Men Bwd Plaids Green Shirts,8775.jpg
26123,Men,Apparel,Topwear,Black,Summer,2012.0,Formal,John Miller Men Striped Black Shirt,26123.jpg
7156,Men,Apparel,Topwear,Black,Fall,2011.0,Casual,Scullers Men Black Check Shirt,7156.jpg
41595,Men,Apparel,Topwear,Brown,Summer,2012.0,Casual,Basics Men Brown Striped Shirt,41595.jpg
12043,Men,Apparel,Topwear,White,Fall,2011.0,Formal,Mark Taylor Men White & Blue Striped Shirt,12043.jpg
10787,Men,Apparel,Topwear,Green,Fall,2011.0,Casual,Wrangler Men Galway Placket Label Check Shirt,10787.jpg
27562,Men,Apparel,Topwear,Purple,Summer,2012.0,Casual,Scullers Men Checked Purple Shirt,27562.jpg
59304,Men,Apparel,Topwear,White,Fall,2012.0,Casual,U.S. Polo Assn. Denim Co. Men Checks White Shirt,59304.jpg
8587,Men,Apparel,Topwear,Red,Fall,2011.0,Casual,Scullers Men Red Check Shirt,8587.jpg
33965,Women,Apparel,Topwear,Blue,Summer,2012.0,Casual,Femella Women Blue Shirt,33965.jpg
22378,Men,Apparel,Topwear,Purple,Fall,2011.0,Casual,Mark Taylor Men Purple Striped White Shirt,22378.jpg
5976,Men,Apparel,Topwear,Red,Summer,2011.0,Casual,Highlander Men White Red Checked Shirt,5976.jpg
11455,Men,Apparel,Topwear,Black,Fall,2011.0,Casual,United Colors of Benetton Men Light Winters Black Shirts,11455.jpg
18764,Women,Apparel,Topwear,Purple,Fall,2011.0,Casual,Arrow Woman Ariella Purple Shirt,18764.jpg
7140,Women,Apparel,Topwear,Blue,Fall,2011.0,Casual,Scullers For Her Women Light Work Blue Check Shirts,7140.jpg
13884,Men,Apparel,Topwear,Black,Fall,2011.0,Casual,Scullers Men Check Black Shirts,13884.jpg
40934,Boys,Apparel,Topwear,White,Summer,2012.0,Casual,Gini and JonyBoys Around the World White Shirts,40934.jpg
8180,Men,Apparel,Topwear,Green,Summer,2011.0,Casual,Locomotive Men Check Ladd Green Shirts,8180.jpg
24525,Men,Apparel,Topwear,White,Fall,2011.0,Casual,Mother Earth Men White Shirt,24525.jpg
17164,Men,Apparel,Topwear,Blue,Fall,2011.0,Casual,U.S. Polo Assn. Men Checks Blue Shirt,17164.jpg
19184,Men,Apparel,Topwear,Red,Fall,2011.0,Casual,United Colors Of Benetton Men Red Check Shirt,19184.jpg
8186,Men,Apparel,Topwear,Grey,Summer,2011.0,Casual,Locomotive Men Check Lai Grey Shirts,8186.jpg
14747,Men,Apparel,Topwear,Blue,Fall,2011.0,Formal,Arrow Men Blue Striped Shirt,14747.jpg
16052,Men,Apparel,Topwear,White,Fall,2011.0,Casual,Highlander Men Stripes White Shirt,16052.jpg
8805,Men,Apparel,Topwear,Black,Fall,2011.0,Casual,Scullers Men Scul White Black Shirt,8805.jpg
9808,Men,Apparel,Topwear,Blue,Fall,2011.0,Formal,John Miller Men Blue Checks Shirts,9808.jpg
58808,Men,Apparel,Topwear,Navy Blue,Fall,2012.0,Smart Casual,Highlander Men Blue Striped Shirt,58808.jpg
31677,Men,Apparel,Topwear,White,Summer,2012.0,Casual,Spykar Men Check White Shirt,31677.jpg
9425,Men,Apparel,Topwear,Purple,Fall,2011.0,Formal,John Miller Men Purple Fila-Fil Shirts,9425.jpg
33057,Men,Apparel,Topwear,Black,Summer,2012.0,Casual,U.S. Polo Assn. Denim Co. Men Black Shirt,33057.jpg
34040,Boys,Apparel,Topwear,Red,Summer,2012.0,Casual,Gini and Jony Boys Check Red Shirt,34040.jpg
11475,Women,Apparel,Topwear,Orange,Fall,2011.0,Casual,United Colors of Benetton Women Light Winter Orange Shirts,11475.jpg
22468,Men,Apparel,Topwear,White,Summer,2011.0,Casual,Timberland Men White Claremont Plaid Shirt,22468.jpg
22383,Men,Apparel,Topwear,White,Fall,2011.0,Casual,Mark Taylor Men Red & Blue Striped White Shirt,22383.jpg
13744,Men,Apparel,Topwear,Black,Fall,2011.0,Formal,Belmonte Men Solid Black Shirts,13744.jpg
27557,Men,Apparel,Topwear,Blue,Summer,2012.0,Casual,Scullers Men Blue Solid Shirt,27557.jpg
18646,Men,Apparel,Topwear,Purple,Fall,2011.0,Casual,United Colors of Benetton Men Stripes Purple Shirt,18646.jpg
8163,Men,Apparel,Topwear,Red,Summer,2011.0,Casual,Highlander Men Red Checked Halden Slim Fit Shirt,8163.jpg
40669,Women,Apparel,Topwear,Navy Blue,Summer,2012.0,Casual,Lee Women Navy Blue Printed Shirt,40669.jpg
33247,Men,Apparel,Topwear,Grey,Summer,2012.0,Formal,Arrow Men Grey Check Shirt,33247.jpg
6708,Men,Apparel,Topwear,Yellow,Summer,2011.0,Casual,UCB Men Ben Logo At Chest Yellow Shirt,6708.jpg
12662,Men,Apparel,Topwear,White,Fall,2011.0,Casual,Probase Men Stripes White Shirts,12662.jpg
20149,Men,Apparel,Topwear,Green,Fall,2011.0,Casual,Wrangler Men Stampede Green Shirt,20149.jpg
12913,Men,Apparel,Topwear,White,Fall,2011.0,Casual,Spykar Men Mandarin Collar White Shirts,12913.jpg
13759,Men,Apparel,Topwear,Purple,Fall,2011.0,Formal,Belmonte Men Solid Purple Shirts,13759.jpg
16543,Men,Apparel,Topwear,Red,Fall,2011.0,Casual,Basics Men Red Slim Fit Striped Shirt,16543.jpg
2095,Men,Apparel,Topwear,Blue,Winter,2010.0,Casual,Lee Men Light Blue Shirt,2095.jpg
18923,Women,Apparel,Topwear,Red,Fall,2011.0,Casual,Levis Women Work Western Red Shirt,18923.jpg
34067,Women,Apparel,Topwear,Cream,Summer,2012.0,Casual,Femella Women Printed Cream Shirt,34067.jpg
30112,Men,Apparel,Topwear,Blue,Summer,2012.0,Casual,Flying Machine Men Check Blue Shirt,30112.jpg
9464,Men,Apparel,Topwear,White,Fall,2011.0,Formal,John Miller Men  White Shirt,9464.jpg
17551,Men,Apparel,Topwear,Purple,Fall,2011.0,Formal,Mark Taylor Men Purple & White Striped Shirt,17551.jpg
16810,Men,Apparel,Topwear,Purple,Fall,2011.0,Casual,Locomotive Men Check Purple Shirt,16810.jpg
14623,Men,Apparel,Topwear,Grey,Fall,2011.0,Casual,United Colors of Benetton Men Check Grey Shirts,14623.jpg
48360,Men,Apparel,Topwear,Navy Blue,Summer,2012.0,Casual,French Connection Men Navy Blue & White Check Shirt,48360.jpg
16343,Men,Apparel,Topwear,Blue,Fall,2011.0,Formal,Peter England Men Check Blue Shirt,16343.jpg
8155,Men,Apparel,Topwear,Blue,Summer,2011.0,Casual,Highlander Men Blue Checked Hahn Slim Fit Shirt,8155.jpg
26057,Men,Apparel,Topwear,Purple,Summer,2012.0,Formal,John Miller Men Check Purple Shirt,26057.jpg
37724,Men,Apparel,Topwear,Grey,Summer,2012.0,Casual,John Players Men Grey Striped Shirt,37724.jpg
2103,Men,Apparel,Topwear,White,Winter,2010.0,Casual,Lee Men Checks White Shirt,2103.jpg
8154,Men,Apparel,Topwear,Red,Summer,2011.0,Casual,Highlander Men Red Checked Hagley Slim Fit Shirt,8154.jpg
5964,Men,Apparel,Topwear,Blue,Summer,2011.0,Casual,Locomotive Men Blue White Brown Checked Shirt,5964.jpg
21164,Women,Apparel,Topwear,Blue,Fall,2011.0,Casual,s.Oliver Women Check Blue Shirt,21164.jpg
19842,Men,Apparel,Topwear,Red,Fall,2011.0,Casual,U.S. Polo Assn. Men Striped Red Shirt,19842.jpg
17545,Men,Apparel,Topwear,Brown,Fall,2011.0,Formal,Mark Taylor Men Brown & White Striped Shirt,17545.jpg
23029,Men,Apparel,Topwear,Blue,Fall,2011.0,Formal,Arrow Men Blue Striped Shirt,23029.jpg
46351,Men,Apparel,Topwear,White,Summer,2012.0,Casual,Locomotive Men White Shirt,46351.jpg
38979,Men,Apparel,Topwear,Grey,Summer,2012.0,Formal,Arrow Men Grey Check Shirt,38979.jpg
40672,Women,Apparel,Topwear,Blue,Summer,2012.0,Casual,Lee Women Blue Check Shirt,40672.jpg
27880,Women,Apparel,Topwear,White,Summer,2012.0,Casual,Scullers For Her Women White Printed Shirt,27880.jpg
9631,Men,Apparel,Topwear,Blue,Fall,2011.0,Casual,Indigo Nation Men Price catch Blue Shirts,9631.jpg
10801,Men,Apparel,Topwear,Blue,Fall,2011.0,Casual,Wrangler Men August Stripe Look Checks Blue Shirts,10801.jpg
17561,Men,Apparel,Topwear,Blue,Fall,2011.0,Formal,Mark Taylor Men Blue & White Striped Shirt,17561.jpg
8944,Men,Apparel,Topwear,Blue,Fall,2011.0,Casual,Indigo Nation Men Reversible Bling Blue Shirts,8944.jpg
29609,Men,Apparel,Topwear,Red,Summer,2012.0,Formal,Indigo Nation Men Striped Red Shirt,29609.jpg
12026,Men,Apparel,Topwear,White,Fall,2011.0,Formal,Mark Taylor Men White Striped Shirt,12026.jpg
5949,Men,Apparel,Topwear,Red,Summer,2011.0,Casual,Locomotive Men Bold Red White Checked Shirt,5949.jpg
14736,Men,Apparel,Topwear,White,Fall,2011.0,Formal,Arrow Men Solid White Shirts,14736.jpg
15915,Men,Apparel,Topwear,Purple,Fall,2011.0,Formal,Black Coffee Men Check Purple Slim Fit Shirt,15915.jpg
14645,Men,Apparel,Topwear,Navy Blue,Fall,2011.0,Casual,Probase Men Wide Stripes Navy Blue Shirts,14645.jpg
54981,Women,Apparel,Topwear,White,Summer,2012.0,Casual,Femella Women Multi Coloured Shirt,54981.jpg
9520,Men,Apparel,Topwear,Purple,Fall,2011.0,Formal,John Miller Men Purple & White Check  Shirt,9520.jpg
9061,Men,Apparel,Topwear,White,Fall,2011.0,Formal,Mark Taylor Men White Striped Shirt,9061.jpg
24853,Men,Apparel,Topwear,White,Summer,2012.0,Formal,Mark Taylor Men Striped White Shirt,24853.jpg
26376,Men,Apparel,Topwear,Blue,Summer,2012.0,Formal,Turtle Men Blue Shirt,26376.jpg
19701,Men,Apparel,Topwear,Blue,Fall,2011.0,Casual,United Colors of Benetton Men Striped Blue Shirt,19701.jpg
18195,Men,Apparel,Topwear,Blue,Fall,2011.0,Casual,Highlander Men Check Blue Shirt,18195.jpg
24526,Men,Apparel,Topwear,Maroon,Fall,2011.0,Casual,Mother Earth Men Maroon Shirt,24526.jpg
53785,Men,Apparel,Topwear,White,Summer,2012.0,Casual,Puma Men Navy Blue Shirt,53785.jpg
13321,Men,Apparel,Topwear,Pink,Fall,2011.0,Casual,Gini and Jony Kids Boys Stripes Pink Shirts,13321.jpg
15982,Men,Apparel,Topwear,Grey,Fall,2011.0,Casual,Turtle Stripes Men Grey Shirt,15982.jpg
16403,Men,Apparel,Topwear,Red,Fall,2011.0,Casual,Levis Men Check Red Shirts,16403.jpg
13730,Men,Apparel,Topwear,Blue,Fall,2011.0,Formal,Belmonte Men Check Blue Shirts,13730.jpg
17179,Men,Apparel,Topwear,White,Winter,2016.0,Casual,U.S. Polo Assn. Men Solid White Shirt,17179.jpg
31636,Men,Apparel,Topwear,Black,Summer,2012.0,Formal,Indigo Nation Men Striped Black Shirt,31636.jpg
16027,Men,Apparel,Topwear,Blue,Fall,2011.0,Casual,Highlander Men Check Blue Shirt,16027.jpg
10435,Men,Apparel,Topwear,Red,Fall,2011.0,Casual,Flying Machine Men HS Red Shirts,10435.jpg
5979,Men,Apparel,Topwear,Black,Summer,2011.0,Casual,Locomotive Men Black Stripe Shirt,5979.jpg
28786,Men,Apparel,Topwear,Grey,Summer,2012.0,Casual,Denizen Men Striped Grey Shirt,28786.jpg
11117,Men,Apparel,Topwear,Grey,Fall,2011.0,Formal,Indigo Nation Men Solid Grey Shirts,11117.jpg
33787,Men,Apparel,Topwear,Brown,Spring,2013.0,Smart Casual,Van Heusen Men Brown Giza Cotton Shirt,33787.jpg
2129,Men,Apparel,Topwear,Green,Spring,2011.0,Casual,Basics Men Green Slim Fit Checked Shirt,2129.jpg
24684,Men,Apparel,Topwear,Navy Blue,Fall,2011.0,Casual,Highlander Men Navy Blue Check Shirt,24684.jpg
32396,Women,Apparel,Topwear,Blue,Summer,2012.0,Formal,Arrow Woman Blue Striped Shirt,32396.jpg
12242,Men,Apparel,Topwear,White,Fall,2011.0,Formal,Genesis Men White Shirt,12242.jpg
44675,Women,Apparel,Topwear,Yellow,Summer,2012.0,Casual,Wills Lifestyle Women Yellow Shirt,44675.jpg
15997,Men,Apparel,Topwear,White,Fall,2011.0,Formal,Turtle Check Men White Shirt,15997.jpg
16406,Men,Apparel,Topwear,Maroon,Fall,2011.0,Casual,Levis Men Check Maroon Shirts,16406.jpg
35947,Men,Apparel,Topwear,White,Summer,2012.0,Casual,Flying Machine Men White Shirt,35947.jpg
2170,Men,Apparel,Topwear,White,Summer,2011.0,Casual,Probase Mens  Shirts,2170.jpg
23030,Men,Apparel,Topwear,White,Fall,2011.0,Formal,Arrow Men White Striped Shirt,23030.jpg
53226,Men,Apparel,Topwear,Yellow,Summer,2012.0,Formal,Mark Taylor Men Yellow Shirt,53226.jpg
37792,Men,Apparel,Topwear,Blue,Summer,2012.0,Formal,John Players Men Gingham Blue Shirt,37792.jpg
31039,Men,Apparel,Topwear,White,Summer,2012.0,Casual,Arrow Sport Men White Shirt,31039.jpg
32499,Men,Apparel,Topwear,Olive,Summer,2012.0,Casual,Scullers Men Olive Shirt,32499.jpg
9812,Men,Apparel,Topwear,Blue,Fall,2011.0,Formal,John Miller Men Blue Striped Shirt,9812.jpg
29838,Men,Apparel,Topwear,Blue,Summer,2012.0,Casual,Basics Men Blue Checked Slim Fit Shirt,29838.jpg
16345,Men,Apparel,Topwear,Pink,Fall,2011.0,Formal,Peter England Men Stripes Pink Shirt,16345.jpg
22570,Men,Apparel,Topwear,Blue,Summer,2011.0,Casual,Highlander Men Blue Check Shirt,22570.jpg
12305,Men,Apparel,Topwear,Navy Blue,Fall,2011.0,Formal,Genesis Men Check Navy Blue Shirts,12305.jpg
9614,Men,Apparel,Topwear,Blue,Fall,2011.0,Casual,Indigo Nation Men Bwd Plaids Blue Shirts,9614.jpg
44333,Men,Apparel,Topwear,Green,Summer,2012.0,Casual,Indian Terrain Men Green Check Shirt,44333.jpg
11411,Men,Apparel,Topwear,Olive,Fall,2011.0,Casual,United Colors of Benetton Men Olive Shirts,11411.jpg
12908,Men,Apparel,Topwear,Red,Fall,2011.0,Casual,Spykar Men Check Red Shirts,12908.jpg
13769,Men,Apparel,Topwear,White,Fall,2011.0,Formal,Belmonte Men Check White Shirts,13769.jpg
14764,Men,Apparel,Topwear,White,Fall,2011.0,Formal,Arrow Men Stripes White Blue Shirts,14764.jpg
2164,Men,Apparel,Topwear,Purple,Spring,2011.0,Casual,Probase Men Stripe Purple Shirt,2164.jpg
16547,Men,Apparel,Topwear,Blue,Fall,2011.0,Casual,Basics Men Blue Slim Fit Checked Shirt,16547.jpg
16053,Men,Apparel,Topwear,Blue,Fall,2011.0,Casual,Highlander Men Check Blue Shirt,16053.jpg
8858,Men,Apparel,Topwear,White,Fall,2011.0,Casual,Mark Taylor Men White Striped Shirt,8858.jpg
48065,Men,Apparel,Topwear,Blue,Summer,2012.0,Casual,French Connection Men Blue Shirt,48065.jpg
16450,Men,Apparel,Topwear,Brown,Fall,2011.0,Casual,Locomotive Men Check Brown Shirt,16450.jpg
8748,Men,Apparel,Topwear,Orange,Fall,2011.0,Casual,Indigo Nation Men Plain Orange Shirts,8748.jpg
6046,Men,Apparel,Topwear,Green,Summer,2011.0,Casual,UCB Men Logo Chest Green Shirt,6046.jpg
26516,Men,Apparel,Topwear,Navy Blue,Spring,2012.0,Casual,Arrow Sport Men Navy Blue Check Shirt,26516.jpg
11070,Men,Apparel,Topwear,Black,Fall,2011.0,Casual,Scullers Men Check Black Shirts,11070.jpg
9253,Men,Apparel,Topwear,Purple,Fall,2011.0,Formal,Mark Taylor Men Purple Striped Shirt,9253.jpg
51425,Men,Apparel,Topwear,Yellow,Summer,2012.0,Formal,Myntra Men Yellow Shirt,51425.jpg
26414,Men,Apparel,Topwear,Green,Summer,2012.0,Casual,Turtle Men Check Green Shirt,26414.jpg
11686,Men,Apparel,Topwear,Blue,Fall,2011.0,Casual,Lee Men Blue & Green Striped Shirt,11686.jpg
9481,Men,Apparel,Topwear,Black,Fall,2011.0,Formal,John Miller Men Black white small check Shirts,9481.jpg
16046,Men,Apparel,Topwear,Brown,Fall,2011.0,Casual,Highlander Men Check Brown Shirt,16046.jpg
12661,Men,Apparel,Topwear,Blue,Fall,2011.0,Casual,Probase Men Stripes Blue Shirts,12661.jpg
20184,Men,Apparel,Topwear,Green,Fall,2011.0,Casual,Wrangler Men Check Green Shirt,20184.jpg
29294,Men,Apparel,Topwear,Red,Summer,2012.0,Casual,Wrangler Men Benefica Gingham Red Shirt,29294.jpg
34596,Women,Apparel,Topwear,Navy Blue,Summer,2012.0,Casual,Tonga Women Navy Lace Shirt,34596.jpg
9729,Men,Apparel,Topwear,Blue,Fall,2011.0,Casual,Indian Terrain Men Brett Blue Shirts,9729.jpg
18888,Women,Apparel,Topwear,Purple,Fall,2011.0,Casual,Arrow Woman Sylvia Purple Shirt,18888.jpg
27886,Women,Apparel,Topwear,Pink,Summer,2012.0,Formal,Scullers For Her Women Pink Shirt,27886.jpg
13864,Men,Apparel,Topwear,Green,Fall,2011.0,Casual,Scullers Men Check Green Shirts,13864.jpg
25523,Women,Apparel,Topwear,Pink,Summer,2012.0,Casual,Wrangler Women Cory Pink Shirt,25523.jpg
8164,Men,Apparel,Topwear,Green,Summer,2011.0,Casual,Highlander Men Green Checked Haldor Slim Fit Shirt,8164.jpg
31303,Men,Apparel,Topwear,Purple,Summer,2012.0,Formal,John Miller Men Purple Shirt,31303.jpg
2702,Girls,Apparel,Topwear,Blue,Summer,2011.0,Casual,Disney Kids Girl's Blue Check Kidswear Shirt,2702.jpg
51854,Men,Apparel,Topwear,Blue,Summer,2012.0,Casual,Highlander Men Check Blue Shirt,51854.jpg
27869,Women,Apparel,Topwear,White,Fall,2012.0,Smart Casual,Scullers For Her Women Black and White Striped Shirt,27869.jpg
33329,Men,Apparel,Topwear,Lavender,Summer,2012.0,Formal,Arrow New York Men Lavender Slim Fit Shirt,33329.jpg
37742,Men,Apparel,Topwear,Yellow,Summer,2012.0,Casual,John Players Men Stripes Yellow Shirt,37742.jpg
10473,Men,Apparel,Topwear,Grey,Fall,2011.0,Casual,Flying Machine Men FS Solid Grey Shirts,10473.jpg
42598,Men,Apparel,Topwear,Blue,Summer,2012.0,Casual,United Colors of Benetton Men Blue Shirt,42598.jpg
8804,Men,Apparel,Topwear,Red,Fall,2011.0,Casual,Scullers Men Scul White Gingham Red Shirt,8804.jpg
26067,Men,Apparel,Topwear,Purple,Summer,2012.0,Formal,John Miller Men Striped Purple Shirt,26067.jpg
12171,Men,Apparel,Topwear,Orange,Fall,2011.0,Casual,Basics Men Orange Slim Fit Checked Shirt,12171.jpg
16355,Men,Apparel,Topwear,Purple,Fall,2011.0,Formal,Peter England Men Stripes Purple Shirt,16355.jpg
33236,Men,Apparel,Topwear,Grey,Summer,2012.0,Formal,Arrow Men Grey Check Shirt,33236.jpg
19824,Men,Apparel,Topwear,Navy Blue,Fall,2011.0,Casual,U.S. Polo Assn. Men Check Navy Blue Shirt,19824.jpg
29664,Men,Apparel,Topwear,White,Summer,2012.0,Casual,Indigo Nation Men White Shirt,29664.jpg
16605,Women,Apparel,Topwear,Black,Fall,2011.0,Casual,Scullers Women Check Black Shirt,16605.jpg
16409,Men,Apparel,Topwear,Grey,Fall,2011.0,Casual,Levis Men Striped Grey Shirt,16409.jpg
26101,Men,Apparel,Topwear,White,Summer,2012.0,Formal,John Miller Men Striped White Shirt,26101.jpg
23206,Men,Apparel,Topwear,Blue,Fall,2011.0,Casual,Highlander Men Blue Check Shirt,23206.jpg
13869,Men,Apparel,Topwear,Blue,Fall,2011.0,Casual,Scullers Men Stripes Blue Shirts,13869.jpg
51407,Men,Apparel,Topwear,Blue,Summer,2012.0,Formal,Myntra Men Blue Shirt,51407.jpg
6771,Men,Apparel,Topwear,Pink,Summer,2011.0,Casual,Timberland Men Claremont Popl Pink Shirt,6771.jpg
37745,Men,Apparel,Topwear,White,Summer,2012.0,Casual,John Players Men Striped White Shirt,37745.jpg
11398,Men,Apparel,Topwear,Brown,Fall,2011.0,Casual,United Colors of Benetton Men Winter Brown Shirt,11398.jpg
18880,Women,Apparel,Topwear,Purple,Fall,2011.0,Formal,Arrow Woman Kenzie Purple Shirt,18880.jpg
10367,Men,Apparel,Topwear,Purple,Fall,2011.0,Casual,United Colors of Benetton Men Checks Purple Shirts,10367.jpg
13736,Men,Apparel,Topwear,Red,Fall,2011.0,Casual,Belmonte Men Check Red Shirts,13736.jpg
17567,Men,Apparel,Topwear,Purple,Fall,2011.0,Formal,Mark Taylor Men Purple & White Striped Shirt,17567.jpg
20167,Men,Apparel,Topwear,Blue,Fall,2011.0,Casual,Wrangler Men Multi Blue Shirt,20167.jpg
44293,Men,Apparel,Topwear,Blue,Summer,2012.0,Casual,Indian Terrain Men Blue Check Shirt,44293.jpg
9708,Men,Apparel,Topwear,White,Fall,2011.0,Casual,Scullers Men Scul White Shirts,9708.jpg
3009,Men,Apparel,Topwear,Black,Summer,2011.0,Casual,Lee Men Edward Black Shirt,3009.jpg
29289,Men,Apparel,Topwear,Pink,Summer,2012.0,Casual,Wrangler Men Miriam Checks Pink Shirt,29289.jpg
17553,Men,Apparel,Topwear,Grey,Fall,2011.0,Formal,Mark Taylor Men Grey & White Striped Shirt,17553.jpg
9607,Men,Apparel,Topwear,Purple,Fall,2011.0,Casual,Indigo Nation Men Stripes Purple Shirts,9607.jpg
14642,Men,Apparel,Topwear,Black,Fall,2011.0,Casual,Probase Men Bold Check Black Shirts,14642.jpg
14779,Men,Apparel,Topwear,Green,Fall,2011.0,Formal,Arrow Men Stripes Green Shirts,14779.jpg
13870,Men,Apparel,Topwear,Beige,Fall,2011.0,Casual,Scullers Men Stripes Beige Shirts,13870.jpg
39771,Men,Apparel,Topwear,White,Summer,2012.0,Casual,Peter England Men Multi Coloured Casual Shirt,39771.jpg
25524,Women,Apparel,Topwear,Blue,Summer,2012.0,Casual,Wrangler Women Cory Blue Shirt,25524.jpg
46397,Men,Apparel,Topwear,Purple,Summer,2012.0,Casual,ADIDAS Men Purple & Black Check Shirt,46397.jpg
10404,Women,Apparel,Topwear,Black,Fall,2011.0,Casual,Jealous 21 Women Ummi Black Shirt,10404.jpg
46394,Men,Apparel,Topwear,Blue,Summer,2012.0,Casual,ADIDAS Men Blue & Black Check Shirt,46394.jpg
26084,Men,Apparel,Topwear,Yellow,Summer,2012.0,Formal,John Miller Men Check Yellow Shirt,26084.jpg
27934,Women,Apparel,Topwear,Black,Summer,2012.0,Casual,Jealous 21 Women Black Shirt,27934.jpg
19854,Men,Apparel,Topwear,Blue,Fall,2011.0,Casual,U.S. Polo Assn. Men Striped Blue Shirt,19854.jpg
22404,Men,Apparel,Topwear,Green,Fall,2011.0,Casual,Mark Taylor Men Striped Green Shirt,22404.jpg
20128,Women,Apparel,Topwear,Blue,Fall,2011.0,Casual,Wrangler Women Checkerd Blue Shirt,20128.jpg
14047,Men,Apparel,Topwear,Blue,Fall,2011.0,Casual,Flying Machine Men Check Blue Shirts,14047.jpg
57288,Men,Apparel,Topwear,Grey,Summer,2012.0,Casual,French Connection Men Grey Shirt,57288.jpg
15314,Men,Footwear,Shoes,White,Fall,2011.0,Sports,ADIDAS Men Ranger White Sports Shoes,15314.jpg
24455,Women,Footwear,Shoes,White,Summer,2012.0,Casual,Nike Women Court Majestic White Shoes,24455.jpg
22699,Men,Footwear,Shoes,Black,Summer,2011.0,Sports,Nike Men Ballista Black Sports Shoes,22699.jpg
5350,Men,Footwear,Shoes,White,Fall,2011.0,Sports,Artengo Artengo 522c Man Synthe,5350.jpg
34733,Women,Footwear,Shoes,Blue,Summer,2012.0,Sports,Puma Women Faas 300 Blue & Pink Sports Shoes,34733.jpg
42091,Women,Footwear,Shoes,Black,Summer,2012.0,Sports,ADIDAS Women Black Adi LS Move Shoes,42091.jpg
4484,Men,Footwear,Shoes,White,Summer,2011.0,Sports,Puma Men Kraftek White Silver Shoe,4484.jpg
34654,Men,Footwear,Shoes,Grey,Summer,2012.0,Sports,Fila Men Cerchi Lite Grey Sports Shoes,34654.jpg
34817,Men,Footwear,Shoes,Black,Summer,2012.0,Sports,ADIDAS Men Adizero Black Sports Shoes,34817.jpg
2197,Men,Footwear,Shoes,White,Fall,2010.0,Sports,ADIDAS Men's Stripe White Run Shoe,2197.jpg
25564,Men,Footwear,Shoes,White,Summer,2012.0,Sports,Fila Men Swift White Sports Shoes,25564.jpg
5471,Men,Footwear,Shoes,Red,Summer,2011.0,Sports,Nike Men's Air Force Red Shoe,5471.jpg
54540,Men,Footwear,Shoes,Grey,Fall,2012.0,Sports,F Sports Men Grey Gravity Sports Shoes,54540.jpg
1636,Men,Footwear,Shoes,White,Fall,2010.0,Sports,Nike Men Air Zoom Century Shoes,1636.jpg
7741,Men,Footwear,Shoes,Black,Fall,2011.0,Sports,Fila Men's Dna Lite Black Blue Shoe,7741.jpg
43371,Men,Footwear,Shoes,White,Summer,2012.0,Sports,Reebok Men White Acciomax III Sports Shoes,43371.jpg
23887,Men,Footwear,Shoes,Black,Summer,2012.0,Sports,Fila Men Clutch Black Sports Shoes,23887.jpg
43341,Men,Footwear,Shoes,Grey,Summer,2008.0,Sports,Reebok Men Realflex Optimal Grey Sports Shoe,43341.jpg
11933,Women,Footwear,Shoes,Grey,Fall,2011.0,Sports,Skechers Women Sports Grey Sports Shoes,11933.jpg
6643,Women,Footwear,Shoes,Pink,Summer,2011.0,Sports,Nike Women's Transform III IN Black Pink Shoe,6643.jpg
17845,Men,Footwear,Shoes,White,Fall,2011.0,Sports,Nike Men T90 Shoot I\/ HG-B White Sports Shoe,17845.jpg
15415,Women,Footwear,Shoes,Black,Fall,2011.0,Sports,FILA Women Tenet Black Sports Shoes,15415.jpg
9109,Unisex,Footwear,Shoes,Black,Summer,2012.0,Sports,Puma Unisex Faas 300 Black Sports Shoes,9109.jpg
44232,Men,Footwear,Shoes,White,Summer,2012.0,Sports,Nike Men Air Max Turbulence+ 18 White Sports Shoes,44232.jpg
19941,Men,Footwear,Shoes,Black,Fall,2011.0,Sports,Nike Men Court Majestic Black Sports Shoes,19941.jpg
5579,Men,Footwear,Shoes,Black,Summer,2012.0,Sports,ADIDAS Men's Coleman Black Shoe,5579.jpg
24416,Men,Footwear,Shoes,White,Summer,2012.0,Sports,ADIDAS Men Opticourt Ligra White Sports Shoes,24416.jpg
13198,Men,Footwear,Shoes,Blue,Fall,2011.0,Sports,ASICS Men Gel DS Sky Speed 2 Running Blue Sports Shoes,13198.jpg
24412,Men,Footwear,Shoes,Black,Summer,2012.0,Sports,ADIDAS  Men Smoove Black Sports Shoes,24412.jpg
1785,Men,Footwear,Shoes,White,Fall,2010.0,Sports,Lotto Men Brighton White-Blue Shoe,1785.jpg
13167,Men,Footwear,Shoes,Black,Fall,2011.0,Sports,Skechers Men Prospeed Black Sports Shoes,13167.jpg
18412,Men,Footwear,Shoes,White,Fall,2011.0,Sports,Skechers MenShape-Ups White Shoe,18412.jpg
24419,Men,Footwear,Shoes,White,Summer,2012.0,Sports,ADIDAS Men Barracks Premier White Sports Shoes,24419.jpg
39638,Men,Footwear,Shoes,White,Summer,2012.0,Sports,Lotto Men White Sports Shoes,39638.jpg
42995,Women,Footwear,Shoes,Black,Summer,2012.0,Sports,Nike Women Black Air Total Sports Shoes,42995.jpg
4523,Men,Footwear,Shoes,Blue,Summer,2011.0,Sports,Puma Men's Faas Blue White Silver Red Shoe,4523.jpg
22713,Women,Footwear,Shoes,Grey,Fall,2011.0,Sports,Nike Women Grey Air Max +2011 Sports Shoes,22713.jpg
22542,Men,Footwear,Shoes,White,Fall,2009.0,Sports,Lotto  Kids-Boy Jumper  White Sports Shoes,22542.jpg
26327,Men,Footwear,Shoes,White,Summer,2012.0,Sports,ADIDAS Men Runner White & Blue Sports Shoes,26327.jpg
26612,Men,Footwear,Shoes,Black,Summer,2012.0,Sports,Puma Men Cell Turin Perf 2 Black Sports Shoes,26612.jpg
1827,Men,Footwear,Shoes,White,Fall,2010.0,Sports,Nike Men's Downshifter White/Blue Shoe,1827.jpg
5390,Unisex,Footwear,Shoes,Grey,,2011.0,Sports,Kalenji Kapteren 100 Grey Orang,5390.jpg
5239,Men,Footwear,Shoes,White,Summer,2011.0,Sports,Reebok Men's Zigfuel White Shoe,5239.jpg
59015,Men,Footwear,Shoes,Grey,Summer,2012.0,Sports,Skechers Men Grey Sports Shoes,59015.jpg
14334,Men,Footwear,Shoes,White,Fall,2011.0,Sports,Nike Men Lunarglide +3 White Sports Shoes,14334.jpg
23864,Men,Footwear,Shoes,White,Summer,2011.0,Sports,ADIDAS Men White Ambition Sports Shoes,23864.jpg
31944,Women,Footwear,Shoes,White,Summer,2012.0,Sports,Nike Women Court Shuttle IV White Sports Shoes,31944.jpg
43001,Men,Footwear,Shoes,White,Summer,2012.0,Sports,Nike Men White Lunarswift Sports Shoes,43001.jpg
35932,Men,Footwear,Shoes,Black,Summer,2012.0,Sports,Salomon Men X-Tracks GTX Black Sports Shoes,35932.jpg
14345,Men,Footwear,Shoes,Grey,Fall,2011.0,Sports,Nike Men Free Run +2 Grey Sports Shoes,14345.jpg
9014,Men,Footwear,Shoes,White,Summer,2011.0,Sports,Decathlon Men Artengo White Shoe,9014.jpg
25411,Men,Footwear,Shoes,White,Summer,2012.0,Sports,Nike Men 2.04 White Sports Shoes,25411.jpg
35777,Men,Footwear,Shoes,Black,Summer,2012.0,Sports,Force 10 Men Black & Green Sports Shoes,35777.jpg
8093,Men,Footwear,Shoes,White,Fall,2011.0,Sports,ADIDAS Men Barricade Team White Sports Shoes,8093.jpg
22983,Men,Footwear,Shoes,Black,Fall,2011.0,Sports,FILA Men Black Temptation Sports Shoes,22983.jpg
12977,Men,Footwear,Shoes,Black,Fall,2011.0,Sports,ADIDAS Men Marathon Black Sports Shoes,12977.jpg
41840,Women,Footwear,Shoes,White,Summer,2012.0,Sports,Skechers Women White Sports Shoes,41840.jpg
4569,Men,Footwear,Shoes,White,Summer,2011.0,Sports,Nike Men's Collect White Shoe,4569.jpg
36447,Men,Footwear,Shoes,White,Summer,2012.0,Sports,Spinn Men Orbit White Sports Shoes,36447.jpg
13915,Men,Footwear,Shoes,White,Fall,2011.0,Sports,Nike Men 2.04 SL White Sports Shoes,13915.jpg
3310,Women,Footwear,Shoes,White,Spring,2011.0,Sports,Asics Women Gel Cushioning White Pink Lime Shoe,3310.jpg
9396,Women,Footwear,Shoes,Black,Fall,2011.0,Sports,Nike Women Wmns Lun Black Sports Shoes,9396.jpg
2967,Men,Footwear,Shoes,Black,Fall,2010.0,Sports,Puma Men's Mid Pixel Black & Silver Canvas Shoe,2967.jpg
26620,Men,Footwear,Shoes,Black,Summer,2012.0,Sports,Puma Men Kevler Runner Black Sports Shoes,26620.jpg
29241,Men,Footwear,Shoes,White,Summer,2012.0,Sports,ADIDAS Men Advent White Sports Shoes,29241.jpg
7600,Women,Footwear,Shoes,White,Summer,2011.0,Sports,Nike Women's City Cou White Shoe,7600.jpg
5571,Men,Footwear,Shoes,White,Summer,2011.0,Sports,ADIDAS Men's Makis White Shoe,5571.jpg
41437,Men,Footwear,Shoes,White,Fall,2012.0,Sports,Lee Cooper Men White Sports Shoes,41437.jpg
34637,Men,Footwear,Shoes,White,Summer,2012.0,Sports,Lotto Men Vienna III White Sports Shoes,34637.jpg
40480,Men,Footwear,Shoes,White,Summer,2012.0,Sports,Fila Men Blue Ultralite Sports Shoes,40480.jpg
4642,Women,Footwear,Shoes,White,Summer,2011.0,Sports,ADIDAS Women Adi Monter Low White Green Shoe,4642.jpg
12959,Men,Footwear,Shoes,Black,Fall,2011.0,Sports,ADIDAS Men Sports Black Sports Shoes,12959.jpg
44235,Men,Footwear,Shoes,Blue,Summer,2012.0,Sports,Nike Men Air Max+ 2012 Blue Sports Shoes,44235.jpg
5735,Men,Footwear,Shoes,White,Summer,2011.0,Sports,Reebok Men's Dhoni Trainer White Gold Shoe,5735.jpg
1787,Men,Footwear,Shoes,White,Fall,2010.0,Sports,Lotto Men Court Logo White-Silver Shoe,1787.jpg
25412,Men,Footwear,Shoes,White,Summer,2012.0,Sports,Nike Men White Sports Shoes,25412.jpg
8082,Men,Footwear,Shoes,Black,Fall,2011.0,Sports,ADIDAS Men Predito Trx HG Black Sports Shoes,8082.jpg
19307,Men,Footwear,Shoes,Silver,Fall,2011.0,Sports,Nike Men Air Citius 2+ MSL White Sports Shoes,19307.jpg
32178,Men,Footwear,Shoes,White,Spring,2013.0,Sports,ADIDAS Men Vermont White Sports Shoes,32178.jpg
5384,Men,Footwear,Shoes,Beige,Summer,2011.0,Sports,Quechua Arpenaz Flex Man Beige,5384.jpg
42989,Women,Footwear,Shoes,Black,Summer,2012.0,Sports,Nike Women Black Fivekay Sports Shoes,42989.jpg
53874,Men,Footwear,Shoes,White,Fall,2012.0,Sports,Puma MenSpeeder Ind White Sports Shoes,53874.jpg
5353,Women,Footwear,Shoes,Blue,Fall,2011.0,Sports,Kalenji Ekiden 50 Women,5353.jpg
34831,Men,Footwear,Shoes,White,Summer,2012.0,Sports,ADIDAS Men Bolt White Sports Shoes,34831.jpg
10533,Men,Footwear,Shoes,Black,Fall,2011.0,Sports,New Balance MW631 Men Others Walking Black Sports Shoes,10533.jpg
8344,Men,Footwear,Shoes,White,Fall,2011.0,Sports,ADIDAS Men Derby II White Sports Shoes,8344.jpg
1541,Men,Footwear,Shoes,White,Fall,2010.0,Sports,Puma Men's Ballistic Spike White Green Shoe,1541.jpg
5248,Women,Footwear,Shoes,White,Summer,2011.0,Sports,Reebok Women Easytone Reenew White Red Shoe,5248.jpg
18905,Men,Footwear,Shoes,Black,Fall,2011.0,Sports,ADIDAS Men Response Cushion 20 Black Sports Shoes,18905.jpg
39634,Men,Footwear,Shoes,White,Summer,2012.0,Sports,Nike Men Overplay White Sports Shoes,39634.jpg
8075,Men,Footwear,Shoes,Black,Fall,2011.0,Sports,ADIDAS Men 3 Series Light Black Sports Shoes,8075.jpg
43360,Men,Footwear,Shoes,White,Summer,2012.0,Sports,Reebok Men White Ultimate Vibe Sports Shoes,43360.jpg
5365,Unisex,Footwear,Shoes,Green,,2011.0,Sports,Solognac Shoes Namib 200,5365.jpg
6631,Men,Footwear,Shoes,White,Summer,2011.0,Sports,ADIDAS Men's Spector White Shoe,6631.jpg
9134,Men,Footwear,Shoes,Black,Summer,2011.0,Sports,Puma Men Iknois 2XT Black Sports Shoes,9134.jpg
46215,Men,Footwear,Shoes,Orange,Summer,2012.0,Sports,ADIDAS Men Orange Sports Shoes,46215.jpg
42024,Men,Footwear,Shoes,Navy Blue,Summer,2012.0,Sports,ADIDAS Men Navy Blue Sukoi Shoes,42024.jpg
26592,Men,Footwear,Shoes,Black,Summer,2012.0,Sports,Puma Men Budoka Black Sports Shoes,26592.jpg
5373,Women,Footwear,Shoes,Pink,Summer,2011.0,Sports,Quechua Women Forclaz 50 Jr 10 Pink Shoes,5373.jpg
25415,Men,Footwear,Shoes,White,Summer,2012.0,Sports,Nike Men Air Impetus White Sports Shoes,25415.jpg
43349,Men,Footwear,Shoes,Black,Summer,2012.0,Sports,Reebok Men Black Premier Zigfly Nano Sports Shoes,43349.jpg
15740,Women,Footwear,Shoes,Grey,Fall,2011.0,Sports,Nike Women Air Relentless Grey Sports Shoes,15740.jpg
29257,Men,Footwear,Shoes,Grey,Summer,2012.0,Sports,ADIDAS Men Duramo 4M Grey Sports Shoes,29257.jpg
9105,Men,Footwear,Shoes,Black,Winter,2011.0,Sports,Puma Men Complete Vectana 2 Black Sports Shoes,9105.jpg
54536,Men,Footwear,Shoes,Grey,Fall,2012.0,Sports,F Sports Men Grey Deen Sports Shoes,54536.jpg
5348,Men,Footwear,Shoes,Maroon,Fall,2011.0,Sports,Quechua Forclaz  800 Trek Man,5348.jpg
10088,Men,Footwear,Shoes,Silver,Fall,2011.0,Sports,Reebok Men Racehound Silver Sports Shoes,10088.jpg
22491,Men,Footwear,Shoes,White,Fall,2011.0,Sports,ADIDAS Men Response Cushion 20 Sport Shoes,22491.jpg
39622,Men,Footwear,Shoes,White,Summer,2012.0,Sports,Nike Men Air Impel Leather Sports Shoes,39622.jpg
5401,Women,Footwear,Shoes,Blue,,2011.0,Sports,Kalenji Ekiden 100  Lady Blue 2011,5401.jpg
5038,Men,Footwear,Shoes,White,Summer,2011.0,Sports,Fila Men's Galliant White Shoe,5038.jpg
38663,Men,Footwear,Shoes,Black,Summer,2012.0,Sports,Nike Men Downshifter Black Sports Shoes,38663.jpg
46803,Men,Footwear,Shoes,White,Summer,2012.0,Sports,Nike Men White Sports Shoes,46803.jpg
29250,Men,Footwear,Shoes,White,Summer,2012.0,Sports,ADIDAS Men Puntero VII Trx HG White Sports Shoes,29250.jpg
21175,Men,Footwear,Shoes,White,Fall,2011.0,Sports,ADIDAS Men Lowell White Sports Shoe,21175.jpg
5406,Women,Footwear,Shoes,Blue,,2011.0,Sports,Kalenji Ekiden Blue Scratch 2011,5406.jpg
6745,Men,Footwear,Shoes,White,Summer,2011.0,Sports,Nike Men's Zoom Vomero White Shoe,6745.jpg
44234,Men,Footwear,Shoes,Black,Summer,2012.0,Sports,Nike Men Air Max+ 2012 Black Sports Shoes,44234.jpg
10082,Women,Footwear,Shoes,Grey,Fall,2011.0,Sports,Reebok Women Aviator Grey Sports Shoes,10082.jpg
24413,Men,Footwear,Shoes,White,Fall,2013.0,Sports,ADIDAS Men Swerve Str White Sports Shoes,24413.jpg
42181,Men,Footwear,Shoes,Silver,Summer,2012.0,Sports,Lotto Men Silver & Green Sports Shoes,42181.jpg
1784,Men,Footwear,Shoes,White,Fall,2010.0,Sports,Lotto Men's Melbourne White-Red Shoe,1784.jpg
31684,Men,Footwear,Shoes,White,Summer,2012.0,Sports,Nike Men Multicourt White Sports Shoes,31684.jpg
13166,Women,Footwear,Shoes,Silver,Fall,2011.0,Sports,Skechers Women Ultra Silver Sports Shoes,13166.jpg
5583,Men,Footwear,Shoes,Brown,Summer,2011.0,Sports,ADIDAS Men Adistreet Lux Brown Shoe,5583.jpg
5537,Men,Footwear,Shoes,Black,Summer,2011.0,Sports,Nike Men's Free Black White Shoe,5537.jpg
28656,Men,Footwear,Shoes,White,Summer,2012.0,Casual,Nike Men Air Quick Handle White Shoes,28656.jpg
54539,Men,Footwear,Shoes,Black,Fall,2012.0,Sports,F Sports Men Black Gravity Sports Shoes,54539.jpg
42984,Men,Footwear,Shoes,White,Summer,2012.0,Sports,Nike Men White Sports Shoes,42984.jpg
44612,Men,Footwear,Shoes,Blue,Spring,2013.0,Sports,Salomon Men Blue RX Prime Sports Shoes,44612.jpg
3660,Men,Footwear,Shoes,White,Summer,2011.0,Sports,Fila Men's Racer White Roy Shoe,3660.jpg
5577,Men,Footwear,Shoes,Grey,Summer,2011.0,Sports,Nike Men's Field Trainer Textile Grey Black White Shoe,5577.jpg
34632,Men,Footwear,Shoes,Grey,Summer,2012.0,Sports,Lotto Men Dolce Vita II Grey Sports Shoes,34632.jpg
17844,Men,Footwear,Shoes,White,Fall,2011.0,Sports,Nike Men Air Compel White Sports Shoe,17844.jpg
4562,Women,Footwear,Shoes,White,Summer,2011.0,Sports,Nike Women Capri White Shoe,4562.jpg
22952,Men,Footwear,Shoes,Grey,Summer,2012.0,Sports,Reebok Men Grey Real Flex Sports Shoes,22952.jpg
4490,Men,Footwear,Shoes,Silver,Summer,2011.0,Sports,Lotto Men Vienna Silver Shoe,4490.jpg
12954,Men,Footwear,Shoes,White,Fall,2011.0,Sports,ADIDAS Men Sports White Sports Shoes,12954.jpg
20886,Men,Footwear,Shoes,Black,Fall,2011.0,Sports,Reebok Men Speed mode Running Black Shoes,20886.jpg
44227,Men,Footwear,Shoes,Silver,Winter,2012.0,Sports,Nike Men Silver and Black Sports Shoes,44227.jpg
18593,Men,Footwear,Shoes,White,Fall,2011.0,Sports,Puma Men Volt White Sports Shoes,18593.jpg
3688,Men,Footwear,Shoes,Navy Blue,Summer,2011.0,Sports,Lotto Men's Bristol II Navy White Shoe,3688.jpg
4507,Men,Footwear,Shoes,White,Summer,2011.0,Sports,Lotto Men's Zurigo White Blue Shoe,4507.jpg
44762,Men,Footwear,Shoes,Black,Summer,2012.0,Sports,Globalite Men Black Startech Shoes,44762.jpg
17739,Women,Footwear,Shoes,White,Fall,2011.0,Sports,Puma Women Body Train White Sports Shoe,17739.jpg
35425,Men,Footwear,Shoes,White,Summer,2012.0,Sports,ADIDAS Men Twenty2yds Mid IV White Sports Shoes,35425.jpg
4563,Women,Footwear,Shoes,White,Summer,2011.0,Sports,Nike Women Cou White Shoe,4563.jpg
4657,Women,Footwear,Shoes,White,Summer,2011.0,Sports,ADIDAS Women Sprint Speed Low White Blue Shoe,4657.jpg
41827,Women,Footwear,Shoes,White,Summer,2012.0,Sports,Skechers Women White Sports Shoes,41827.jpg
5582,Men,Footwear,Shoes,White,Summer,2011.0,Sports,Nike Men's Main Draw White Red Shoe,5582.jpg
12691,Men,Footwear,Shoes,Grey,Fall,2011.0,Sports,Nike Men Dual Fusion Grey Sports Shoes,12691.jpg
54524,Men,Footwear,Shoes,Black,Fall,2012.0,Sports,F Sports Men Black Zero Gravity Sports Shoes,54524.jpg
5398,Men,Footwear,Shoes,Grey,,2011.0,Sports,Quechua Arpenaz Flex Novadry Grey,5398.jpg
23941,Men,Footwear,Shoes,White,Fall,2011.0,Sports,Lotto Men White Porteo Sports Shoes,23941.jpg
6644,Women,Footwear,Shoes,White,Summer,2011.0,Sports,Nike Women Transform III IN White Shoe,6644.jpg
4151,Men,Footwear,Shoes,Black,Summer,2011.0,Sports,Nike Men's Air Max Black Green Black Shoe,4151.jpg
5754,Men,Footwear,Shoes,White,Summer,2011.0,Sports,Reebok Men's World 10 White Shoe,5754.jpg
35428,Women,Footwear,Shoes,White,Summer,2012.0,Sports,ADIDAS Women Neptune White Sports Shoes,35428.jpg
28661,Men,Footwear,Shoes,Black,Summer,2012.0,Casual,Nike Men Air Max Full Court 2 Black Shoes,28661.jpg
5712,Men,Footwear,Shoes,Silver,Summer,2011.0,Sports,Reebok Men's Lochraven Silver Black Shoe,5712.jpg
34649,Women,Footwear,Shoes,Grey,Fall,2012.0,Sports,Fila Women Artifice Grey Sports Shoes,34649.jpg
38665,Men,Footwear,Shoes,Black,Summer,2012.0,Sports,Nike Men Lunarfly Black Sports Shoes,38665.jpg
5726,Men,Footwear,Shoes,Black,Summer,2011.0,Sports,Reebok Men's Zigfuel Black Yellow Shoe,5726.jpg
4445,Men,Footwear,Shoes,Black,Summer,2011.0,Sports,Nike Men's Dual Fusion Black Red Shoe,4445.jpg
10110,Women,Footwear,Shoes,White,Fall,2011.0,Sports,Reebok Women Instant White Sports Shoes,10110.jpg
33827,Men,Footwear,Shoes,White,Summer,2012.0,Sports,Puma Men Axis White Sports Shoes,33827.jpg
9395,Men,Footwear,Shoes,Black,Fall,2011.0,Sports,Nike Men Nike Lunareli +2 Black Sports Shoes,9395.jpg
34848,Men,Footwear,Shoes,Black,Summer,2012.0,Sports,ADIDAS Men Trx HG Black Sports Shoes,34848.jpg
28637,Men,Footwear,Shoes,Black,Summer,2012.0,Sports,Nike Men Air Relentless Black Sports Shoes,28637.jpg
12971,Women,Footwear,Shoes,Black,Fall,2011.0,Sports,ADIDAS Women Core 50 Black Sports Shoes,12971.jpg
8346,Men,Footwear,Shoes,White,Fall,2011.0,Sports,ADIDAS Men Slimsoll White Sports Shoes,8346.jpg
46090,Men,Footwear,Shoes,Black,Summer,2012.0,Sports,ADIDAS Men Black Adipure Sports Shoes,46090.jpg
6389,Men,Footwear,Shoes,White,Summer,2011.0,Sports,Puma Men's Urban Cat Cetto White Shoe,6389.jpg
46801,Men,Footwear,Shoes,Grey,Summer,2012.0,Sports,Nike Men Grey & White Sports Shoes,46801.jpg
35712,Men,Footwear,Shoes,Grey,Summer,2012.0,Sports,Nike Men Dual Fusion TR III Grey Sports Shoes,35712.jpg
5408,Unisex,Footwear,Shoes,Blue,Fall,2011.0,Sports,Quechua Wayta Jr Blue,5408.jpg
4267,Men,Footwear,Shoes,White,Summer,2011.0,Sports,Nike Men's Mercurial White Shoe,4267.jpg
43335,Men,Footwear,Shoes,Navy Blue,Summer,2012.0,Sports,Reebok Men Navy Blue Turbo DMX Shear Sports Shoes,43335.jpg
3239,Men,Footwear,Shoes,White,Fall,2010.0,Sports,Puma Men White 65CC Lo Ducati Sports Shoes,3239.jpg
10078,Men,Footwear,Shoes,White,Fall,2011.0,Sports,Reebok Men Speed Mode White Sports Shoes,10078.jpg
39906,Men,Footwear,Shoes,White,Summer,2012.0,Sports,ADIDAS Men White Phantom Sports Shoes,39906.jpg
4547,Men,Footwear,Shoes,White,Summer,2011.0,Sports,Nike Men's Egoli White Black Shoe,4547.jpg
5241,Men,Footwear,Shoes,Grey,Summer,2011.0,Sports,Reebok Men's Cruiseon Charcoal Grey Shoe,5241.jpg
39910,Men,Footwear,Shoes,Blue,Summer,2012.0,Sports,ADIDAS Men Blue & Red F10 Sports Shoes,39910.jpg
1951,Women,Footwear,Shoes,Purple,Fall,2011.0,Sports,Puma Women Eco Funky Shoes,1951.jpg
23505,Men,Footwear,Shoes,White,Summer,2011.0,Sports,FILA Men Aspire White Sports Shoes,23505.jpg
4576,Men,Footwear,Shoes,Grey,Summer,2011.0,Sports,Nike Men's Incinera Grey Shoe,4576.jpg
31978,Men,Footwear,Shoes,Grey,Summer,2012.0,Sports,Nike Men Lunarswift +3 Grey Sports Shoes,31978.jpg
51741,Men,Footwear,Shoes,Grey,Summer,2012.0,Sports,Force 10 Men Grey Sports Shoes,51741.jpg
10037,Men,Footwear,Shoes,Silver,Fall,2011.0,Sports,Reebok Men Premier ultra 8 U-form Silver Sports Shoes,10037.jpg
3303,Men,Footwear,Shoes,White,Spring,2012.0,Sports,Asics Men's Gel Kayano 17 White Lime Shoe,3303.jpg
19938,Men,Footwear,Shoes,White,Fall,2011.0,Sports,Nike Men Egoli TF White Sports Shoes,19938.jpg
8974,Men,Footwear,Shoes,Black,Fall,2011.0,Sports,Puma Men Drift Cat III NM Black Sports Shoes,8974.jpg
31209,Men,Footwear,Shoes,Black,Summer,2012.0,Sports,Nike Men Lunarglide Black Sports Shoes,31209.jpg
8092,Men,Footwear,Shoes,White,Fall,2011.0,Sports,ADIDAS Men Galaxy Elite White Sports Shoes,8092.jpg
5375,Women,Footwear,Shoes,Blue,Summer,2011.0,Sports,Quechua Jawar 5.0 Lady Blue,5375.jpg
12707,Men,Footwear,Shoes,White,Fall,2011.0,Sports,Nike Men Overplay White Sports Shoes,12707.jpg
25442,Men,Footwear,Shoes,Black,Summer,2012.0,Sports,Nike Men Dunk Low Black Sports Shoes,25442.jpg
25410,Men,Footwear,Shoes,Black,Summer,2012.0,Sports,Nike Men 2.04 Black Sports Shoes,25410.jpg
5476,Women,Footwear,Shoes,White,Summer,2011.0,Sports,Nike Women's Air Max Moto White Shoe,5476.jpg
7593,Men,Footwear,Shoes,White,Summer,2011.0,Sports,Nike Men Zoom Vapor 8 White Red Shoe,7593.jpg
6387,Men,Footwear,Shoes,Navy Blue,Summer,2011.0,Sports,Puma Men's Trim Mesh Navy White Shoe,6387.jpg
1841,Men,Footwear,Shoes,White,Fall,2010.0,Sports,Puma Men's Calibre Convertible Spike Shoe,1841.jpg
26614,Men,Footwear,Shoes,Black,Summer,2012.0,Sports,Puma Men Complete Itana 2 Black Sports Shoes,26614.jpg
15745,Women,Footwear,Shoes,Silver,Summer,2012.0,Sports,Nike Women Transform III Silver Sports Shoes,15745.jpg
25418,Men,Footwear,Shoes,White,Spring,2013.0,Sports,Nike Men Ballista White Sports Shoes,25418.jpg
26649,Men,Footwear,Shoes,Grey,Summer,2012.0,Sports,Puma Men TX-3 Grey & Blue Sports Shoes,26649.jpg
10126,Men,Footwear,Shoes,White,Fall,2011.0,Sports,Reebok Men Runtone Action White Sports Shoes,10126.jpg
36219,Women,Footwear,Shoes,Grey,Summer,2012.0,Sports,Nike Women Air Pegasus Grey & Blue Sports Shoes,36219.jpg
38674,Men,Footwear,Shoes,White,Summer,2012.0,Sports,Nike Men Dual Fusion White Sports Shoes,38674.jpg
22711,Men,Footwear,Shoes,Grey,Fall,2011.0,Sports,Nike Men Lunarfly+2 Grey Sports Shoes,22711.jpg
24424,Men,Footwear,Shoes,White,Summer,2012.0,Sports,ADIDAS Men Vanquish 5 White Sports Shoes,24424.jpg
53438,Men,Footwear,Shoes,Black,Summer,2012.0,Sports,ADIDAS Men Black Sports Shoes,53438.jpg
4153,Men,Footwear,Shoes,Black,Summer,2011.0,Sports,Nike Men's Sweet Classic Black White Shoe,4153.jpg
4044,Men,Footwear,Shoes,Silver,Summer,2011.0,Sports,ADIDAS Men's Snova Glide 3M White Silver Shoe,4044.jpg
18419,Men,Footwear,Shoes,Black,Fall,2011.0,Sports,Skechers Men Shape-Ups Black Shoe,18419.jpg
23842,Men,Footwear,Shoes,White,Fall,2011.0,Sports,ADIDAS Men White Resp Cushion Sports Shoes,23842.jpg
41435,Men,Footwear,Shoes,White,Fall,2012.0,Sports,Lee Cooper Men White Sports Shoes,41435.jpg
15714,Men,Footwear,Shoes,Black,Fall,2011.0,Sports,Nike Men Free Run+ 2 Black Sports Shoes,15714.jpg
31955,Men,Footwear,Shoes,Black,Summer,2012.0,Sports,Nike Men Zoom Elite Black Sports Shoes,31955.jpg
5379,Men,Footwear,Shoes,Beige,Summer,2011.0,Sports,Quechua Arpenaz 50 Man 10 Beige,5379.jpg
6667,Women,Footwear,Shoes,Black,Summer,2011.0,Sports,Nike Women's Ballista II Black Silver Shoe,6667.jpg
31953,Men,Footwear,Shoes,White,Summer,2012.0,Sports,Nike Men T-lite White Sports Shoes,31953.jpg
34735,Men,Footwear,Shoes,Black,Summer,2012.0,Sports,Puma Men Faas Steady Power Black Sports Shoes,34735.jpg
40472,Men,Footwear,Shoes,Black,Fall,2012.0,Sports,Fila Men Black Dls Supercharger Sports Shoes,40472.jpg
9136,Men,Footwear,Shoes,Black,Summer,2011.0,Sports,Puma Men Iknois 2 XT Black Sports Shoes,9136.jpg
26374,Men,Footwear,Shoes,White,Fall,2012.0,Casual,Fila Men Drake White Sports Shoes,26374.jpg
4342,Men,Footwear,Shoes,Black,Summer,2011.0,Sports,Fila Men's Phoenix Black White Shoe,4342.jpg
4638,Women,Footwear,Shoes,White,Summer,2011.0,Sports,ADIDAS Women Phantom Low Pink Grey White Shoe,4638.jpg
9121,Men,Footwear,Shoes,Brown,Summer,2013.0,Casual,Puma Men Yacht L Brown Casual Shoes,9121.jpg
43002,Men,Footwear,Shoes,Grey,Summer,2012.0,Sports,Nike Men Grey Lunarswift Sports Shoes,43002.jpg
3301,Women,Footwear,Shoes,White,Spring,2011.0,Sports,Asics Women Gel Cushioning White Pink Shoe,3301.jpg
5568,Women,Footwear,Shoes,White,Summer,2011.0,Sports,Nike Women's Free Everyday White Orange Shoe,5568.jpg
13168,Women,Footwear,Shoes,Grey,Fall,2011.0,Sports,Skechers Women Smart Grey Sports Shoes,13168.jpg
13648,Men,Footwear,Shoes,Silver,Fall,2011.0,Sports,ADIDAS Silver Astar ride 3M Sports Shoe,13648.jpg
9203,Men,Footwear,Shoes,Black,Fall,2011.0,Sports,Puma Men Axis XT Black Shoes,9203.jpg
26683,Men,Footwear,Shoes,White,Summer,2012.0,Sports,Puma Men Silly Point White Sports Shoes,26683.jpg
3161,Men,Footwear,Shoes,White,Summer,2011.0,Sports,Nike Men's Air Citius MSL White Grey Shoe,3161.jpg
13680,Men,Footwear,Shoes,White,Fall,2011.0,Sports,ADIDAS Men Athlos Sports Shoes,13680.jpg
15723,Women,Footwear,Shoes,White,Spring,2013.0,Sports,Nike Women Ballista II White Sports Shoes,15723.jpg
13991,Women,Footwear,Shoes,Black,Fall,2011.0,Sports,Puma Women Body Train Black Sports Shoes,13991.jpg
39635,Men,Footwear,Shoes,Black,Summer,2012.0,Sports,Nike Men Kukini Black Sports Shoes,39635.jpg
5352,Men,Footwear,Shoes,Black,Summer,2011.0,Sports,Kalenji Dt. Newfeel Strap Black 09,5352.jpg
8085,Women,Footwear,Shoes,Silver,Fall,2011.0,Sports,ADIDAS Women Vanquish5 Silver Sports Shoes,8085.jpg
25477,Men,Footwear,Shoes,Grey,Summer,2012.0,Sports,Nike Men Lunarfly +3 Grey Sports Shoes,25477.jpg
5349,Men,Footwear,Shoes,White,Fall,2011.0,Sports,Artengo 522 C Men Whit Blue 09,5349.jpg
4470,Men,Footwear,Shoes,White,Summer,2011.0,Sports,Puma Men's Complete Vectana White Sliver Black Shoe,4470.jpg
33823,Women,Footwear,Shoes,Grey,Summer,2012.0,Sports,Puma Women Axis Grey Sports Shoes,33823.jpg
8091,Men,Footwear,Shoes,White,Fall,2011.0,Sports,ADIDAS Men Galaxy Elite White Sports Shoes,8091.jpg
9398,Men,Footwear,Shoes,Black,Fall,2011.0,Sports,Nike Men Lunarfly Black Sports Shoes,9398.jpg
15727,Women,Footwear,Shoes,White,Fall,2011.0,Sports,Nike Women Downshifter 4 MSL White Sports Shoes,15727.jpg
22692,Men,Footwear,Shoes,White,Fall,2011.0,Sports,Nike Men Egoli FG White Sports Shoes,22692.jpg
9113,Women,Footwear,Shoes,Black,Fall,2011.0,Sports,Puma Women Exsis 2 Black Sports Shoes,9113.jpg
7592,Men,Footwear,Shoes,Blue,Summer,2011.0,Sports,Nike Men's Dunk Low Blue Shoe,7592.jpg
3252,Men,Footwear,Shoes,Black,Fall,2010.0,Sports,Puma Men's Suede Archive Black White Shoe,3252.jpg
9720,Men,Footwear,Shoes,Black,Summer,2011.0,Sports,Lotto Men Lima Black Sports Shoes,9720.jpg
5470,Men,Footwear,Shoes,Black,Summer,2011.0,Sports,Nike Men's Dunk Low Black Shoe,5470.jpg
36229,Men,Footwear,Shoes,Blue,Summer,2012.0,Sports,Nike Men Air Max Courtballistec Blue & White Sports Shoes,36229.jpg
46335,Women,Footwear,Shoes,Black,Summer,2012.0,Sports,Reebok Women Black Zignano Race Sports Shoes,46335.jpg
41443,Men,Footwear,Shoes,White,Fall,2012.0,Sports,Lee Cooper Men White Sports Shoes,41443.jpg
4558,Men,Footwear,Shoes,White,Summer,2011.0,Sports,Nike Men's Dunk High Orange Shoe,4558.jpg
4046,Men,Footwear,Shoes,White,Summer,2011.0,Sports,ADIDAS Men's Allegra 4M White Navy Blue Black Shoe,4046.jpg
41433,Men,Footwear,Shoes,Black,Fall,2012.0,Sports,Lee Cooper Men Black Sports Shoes,41433.jpg
22728,Women,Footwear,Shoes,White,Fall,2011.0,Sports,Nike Women White Court Majestic Sports Shoes,22728.jpg
28599,Men,Footwear,Shoes,Red,Summer,2012.0,Sports,Fila Men Calcio Red Sports Shoes,28599.jpg
13921,Women,Footwear,Shoes,White,Fall,2011.0,Sports,Nike Women Esquire White Sports Shoes,13921.jpg
12972,Men,Footwear,Shoes,Blue,Fall,2011.0,Sports,ADIDAS Men Eqt Runbox Blue Sports Shoes,12972.jpg
5572,Men,Footwear,Shoes,Black,Summer,2012.0,Sports,ADIDAS Men's Coleman Khaki Shoe,5572.jpg
42137,Men,Footwear,Shoes,White,Summer,2012.0,Sports,Nike Men White Air Courtballistec White Sports Shoes,42137.jpg
5243,Men,Footwear,Shoes,Black,Summer,2011.0,Sports,Reebok Men's Zigdhoni Black Shoe,5243.jpg
13163,Women,Footwear,Shoes,Silver,Fall,2011.0,Sports,Skechers Women Silver Coloured Shoes,13163.jpg
10122,Men,Footwear,Shoes,White,Fall,2011.0,Sports,Reebok Men Run Sheer White Sports Shoes,10122.jpg
21727,Women,Footwear,Shoes,White,Fall,2011.0,Sports,Puma Women Speeder White Sports Shoes,21727.jpg
32191,Men,Footwear,Shoes,Blue,Summer,2012.0,Sports,ADIDAS Men Phantom Blue Sports Shoes,32191.jpg
39889,Men,Footwear,Shoes,White,Summer,2012.0,Sports,ADIDAS Men Desma White Sports Shoes,39889.jpg
3150,Men,Footwear,Shoes,Black,Fall,2010.0,Sports,Nike Men's Lunarswift Black Shoe,3150.jpg
3227,Men,Footwear,Shoes,Grey,Fall,2010.0,Sports,Puma Men's Vesta Runner Grey Shoe,3227.jpg
29256,Men,Footwear,Shoes,Black,Summer,2012.0,Sports,ADIDAS Men Duramo 4 M Black Sports Shoes,29256.jpg
23837,Men,Footwear,Shoes,White,Fall,2011.0,Sports,ADIDAS Men White Razor Sports Shoes,23837.jpg
39662,Men,Footwear,Shoes,White,Summer,2012.0,Sports,Lotto Men White Sports Shoes,39662.jpg
24409,Women,Footwear,Shoes,White,Summer,2012.0,Sports,ADIDAS Women White & Grey Vanquish Sports Shoes,24409.jpg
36136,Women,Footwear,Shoes,Green,Summer,2012.0,Sports,Nike Women Free Run+ 3 Green Sports Shoes,36136.jpg
4471,Men,Footwear,Shoes,Silver,Summer,2011.0,Sports,Puma Men's Complete Itana Silver Black Red Shoes,4471.jpg
12711,Women,Footwear,Shoes,Grey,Fall,2011.0,Sports,Nike Women Lunarshift Grey Sports Shoes,12711.jpg
34821,Men,Footwear,Shoes,White,Summer,2012.0,Sports,ADIDAS Men Neptune White Sports Shoes,34821.jpg
38675,Women,Footwear,Shoes,White,Fall,2012.0,Sports,Nike Women Diffusion White Sports Shoes,38675.jpg
4495,Men,Footwear,Shoes,Black,Summer,2011.0,Sports,Lotto Men's Fuerzapura Black Yellow Shoe,4495.jpg
59012,Men,Footwear,Shoes,Charcoal,Summer,2012.0,Casual,Skechers Men Charcoal Sports Shoes,59012.jpg
22113,Women,Footwear,Shoes,White,Fall,2011.0,Sports,Reebok Women Fusion Runner White Sports Shoes,22113.jpg
7844,Women,Footwear,Shoes,Black,Fall,2011.0,Sports,Puma Women Cabana Racer SL JR Black Blue Green Shoe,7844.jpg
23500,Men,Footwear,Shoes,White,Summer,2011.0,Sports,FILA Men Hostile White Sports Shoes,23500.jpg
3664,Men,Footwear,Shoes,White,Summer,2011.0,Sports,Fila Men's Walker White Shoe,3664.jpg
3566,Men,Footwear,Shoes,White,Summer,2011.0,Sports,ADIDAS Men's White Silver Running Shoe,3566.jpg
34847,Men,Footwear,Shoes,White,Summer,2012.0,Sports,ADIDAS Men Response Team White Sports Shoes,34847.jpg
8965,Women,Footwear,Shoes,White,Fall,2011.0,Sports,Puma Women BodyTrain Alt White Sports Shoes,8965.jpg
5569,Women,Footwear,Shoes,Grey,Summer,2011.0,Sports,Nike Women Zoom Vomero Grey Purple White Shoe,5569.jpg
13900,Men,Footwear,Shoes,Black,Fall,2011.0,Sports,Nike Men Air Max Quarter Black Sports Shoes,13900.jpg
9210,Men,Footwear,Shoes,White,Fall,2011.0,Sports,Puma Men Calibre Tricks Convert Spike White Shoes,9210.jpg
28652,Men,Footwear,Shoes,Black,Summer,2012.0,Sports,Nike Men Tiempo Natural IV Black Sports Shoes,28652.jpg
6649,Men,Footwear,Shoes,Yellow,Summer,2011.0,Sports,Nike Men's Air Max Tailwind 3 Black Yellow Shoe,6649.jpg
44406,Men,Footwear,Shoes,Brown,Fall,2012.0,Sports,Force 10 Men Brown Shoes,44406.jpg
15747,Men,Footwear,Shoes,White,Spring,2013.0,Sports,Nike Men Ballista SL White Sports Shoes,15747.jpg
29124,Men,Footwear,Shoes,Black,Fall,2012.0,Sports,Puma Men Aquil Black Sports Shoes,29124.jpg
31974,Women,Footwear,Shoes,Black,Summer,2012.0,Sports,Nike Women Lunarglide+3 Black Sports Shoes,31974.jpg
39683,Men,Footwear,Shoes,White,Summer,2012.0,Sports,Lotto Men White Sports Shoe,39683.jpg
35935,Men,Footwear,Shoes,Black,Summer,2012.0,Sports,Salomon Men XR Mission Black Sports Shoes,35935.jpg
25584,Men,Footwear,Shoes,Black,Summer,2012.0,Sports,Fila Men Redemption Black Sports Shoes,25584.jpg
4996,Men,Footwear,Shoes,Black,Summer,2011.0,Sports,Fila Men Drift Black Silver Shoe,4996.jpg
32188,Men,Footwear,Shoes,Blue,Summer,2012.0,Sports,ADIDAS Men Marathon Blue Sports Shoes,32188.jpg
22734,Women,Footwear,Shoes,Grey,Fall,2011.0,Sports,Nike Women Grey Lunarglide +3 Sports Shoes,22734.jpg
35931,Men,Footwear,Shoes,Black,Summer,2012.0,Sports,Salomon Men Exit 2 Aero Black Sports Shoes,35931.jpg
25565,Men,Footwear,Shoes,White,Summer,2012.0,Sports,Fila Men Swift White Sports Shoes,25565.jpg
28635,Men,Footwear,Shoes,White,Summer,2012.0,Sports,Nike Men Free TR2 White Sports Shoes,28635.jpg
3455,Men,Footwear,Shoes,White,Summer,2011.0,Sports,ADIDAS Men's Response Cushion Green White Shoe,3455.jpg
3307,Men,Footwear,Shoes,Black,Spring,2011.0,Sports,Asics Men's Gel Phoenix 3 Black Silver Shoe,3307.jpg
4166,Men,Footwear,Shoes,Red,Summer,2011.0,Sports,Reebok Men's Zigfuel White Red Shoe,4166.jpg
3662,Men,Footwear,Shoes,Black,Fall,2014.0,Sports,Fila Men's Cavier Black Shoe,3662.jpg
15718,Men,Footwear,Shoes,Black,Fall,2011.0,Sports,Nike Men Lunarglide+ 3 Black Sports Shoes,15718.jpg
42130,Men,Footwear,Shoes,White,Summer,2012.0,Sports,Nike Men Air Max Quarter White Sports Shoes,42130.jpg
31956,Men,Footwear,Shoes,Black,Summer,2012.0,Sports,Nike Men Air Ring Leader Low Black Sports Shoes,31956.jpg
26605,Women,Footwear,Shoes,Black,Summer,2012.0,Sports,Puma Women Bodytrain Black Sports Shoes,26605.jpg
18413,Men,Footwear,Shoes,Black,Fall,2011.0,Sports,Skechers Men Shape-Ups Black Shoe,18413.jpg
17411,Men,Footwear,Shoes,White,Fall,2011.0,Sports,Lotto Men Basketball Mid White Sports Shoe,17411.jpg
23843,Men,Footwear,Shoes,Grey,Summer,2011.0,Sports,ADIDAS Men Grey Uraha Sports Shoes,23843.jpg
9392,Women,Footwear,Shoes,White,Fall,2011.0,Sports,Nike Women Dow 3 Lea White Sports Shoe,9392.jpg
8969,Men,Footwear,Shoes,Black,Fall,2011.0,Sports,Puma Men 65cc Ducati Black Sports Shoes,8969.jpg
7584,Men,Footwear,Shoes,Blue,Summer,2011.0,Sports,Nike Men's Lunargli Chlor Blue Black Unargli Shoe,7584.jpg
22736,Men,Footwear,Shoes,White,Fall,2011.0,Sports,Nike Men T90 Exacto White Sports Shoes,22736.jpg
12695,Men,Footwear,Shoes,Black,Fall,2011.0,Sports,Nike Men Air Press Black Sports Shoes,12695.jpg
6740,Women,Footwear,Shoes,Grey,Summer,2011.0,Sports,Nike Women Air Pegasus+ 28 Grey White Pink Shoe,6740.jpg
22111,Men,Footwear,Shoes,White,Fall,2011.0,Sports,Reebok Men Active  White Sports Shoes,22111.jpg
13924,Women,Footwear,Shoes,Black,Fall,2011.0,Sports,Nike Women Dart 9 MSL Black Sports Shoes,13924.jpg
4163,Men,Footwear,Shoes,Yellow,Fall,2011.0,Sports,Reebok Men's ZigSonic Grey & Yellow Shoe,4163.jpg
43233,Men,Footwear,Shoes,Grey,Summer,2012.0,Sports,Reebok Men Grey Acer Sports Shoes,43233.jpg
3159,Men,Footwear,Shoes,White,Fall,2010.0,Sports,Nike Men's Air Max Moto White Blue Shoe,3159.jpg
8258,Men,Footwear,Shoes,Orange,Summer,2011.0,Sports,Puma Men's Calibre Convertible Orange Shoe,8258.jpg
36138,Men,Footwear,Shoes,White,Summer,2012.0,Sports,Nike Men Zoom Hyperenforcer White Sports Shoes,36138.jpg
9118,Women,Footwear,Shoes,Silver,Fall,2011.0,Sports,Puma Women Axis Silver Sports Shoes,9118.jpg
39623,Men,Footwear,Shoes,White,Summer,2012.0,Sports,Nike Men Sports Shoes,39623.jpg
15400,Men,Footwear,Shoes,White,Fall,2011.0,Sports,FILA Men FILA Runner White Sports Shoes,15400.jpg
8304,Women,Footwear,Shoes,Black,Summer,2012.0,Sports,Skechers Women Shape Ups Toner Black Shoe,8304.jpg
24637,Women,Footwear,Shoes,White,Fall,2011.0,Sports,Nike Women Dual Fusion White Sports Shoes,24637.jpg
4643,Women,Footwear,Shoes,White,Summer,2011.0,Sports,ADIDAS Women Adi Quest Low White Pink Shoe,4643.jpg
5351,Women,Footwear,Shoes,Beige,Fall,2011.0,Sports,Quechua Arpenaz Sandal 50 L Beige,5351.jpg
34647,Men,Footwear,Shoes,White,Fall,2012.0,Sports,Fila Men Notch White Sports Shoes,34647.jpg
9117,Unisex,Footwear,Shoes,Black,Fall,2011.0,Sports,Puma Unisex Axis Black Sports Shoes,9117.jpg
42141,Men,Footwear,Shoes,Grey,Summer,2012.0,Sports,Nike Men Grey Zoom Vomero Sports Shoes,42141.jpg
22718,Men,Footwear,Shoes,Black,Fall,2011.0,Sports,Nike Men Dart 9 MSL Black Sports Shoes,22718.jpg
5472,Men,Footwear,Shoes,White,Summer,2011.0,Sports,Nike Men's Zoom Vomero White Shoe,5472.jpg
42131,Men,Footwear,Shoes,Black,Summer,2012.0,Sports,Nike Men Black Air Max Sports Shoes,42131.jpg
23889,Men,Footwear,Shoes,White,Summer,2012.0,Sports,Fila Men Roller White Sports Shoes,23889.jpg
26448,Men,Footwear,Shoes,Black,Fall,2012.0,Sports,Puma Men Kuris Black Sports Shoes,26448.jpg
25457,Men,Footwear,Shoes,Black,Summer,2012.0,Sports,Nike Men Zoom Vomero +6 Black Sports Shoes,25457.jpg
46080,Men,Footwear,Shoes,Blue,Summer,2012.0,Sports,ADIDAS Men Blue Sports Shoes,46080.jpg
9399,Women,Footwear,Shoes,Black,Fall,2011.0,Sports,Nike Women Wmns Dou Black Sports Shoes,9399.jpg
23862,Men,Footwear,Shoes,Green,Fall,2011.0,Sports,ADIDAS Men Green Spider 2 M Sports Shoes,23862.jpg
54525,Men,Footwear,Shoes,Grey,Fall,2012.0,Sports,F Sports Men Grey Zero Gravity Sports Shoes,54525.jpg
39626,Men,Footwear,Shoes,White,Summer,2012.0,Sports,Nike Men Air Max Turnaround Low White Sports Shoes,39626.jpg
12882,Men,Footwear,Shoes,White,Fall,2011.0,Sports,Fila Men Sports White Shoes,12882.jpg
4526,Men,Footwear,Shoes,Black,Summer,2011.0,Sports,Puma Men's Tergament Black Beige Silver Shoe,4526.jpg
43339,Men,Footwear,Shoes,Charcoal,Summer,2010.0,Sports,Reebok Men Charcoal Zigactivate Sports Shoes,43339.jpg
39013,Men,Footwear,Shoes,Silver,Summer,2012.0,Sports,FILA Men Silver Sports Shoes,39013.jpg
43234,Men,Footwear,Shoes,White,Summer,2012.0,Sports,Reebok Men White Athlete Sports Shoes,43234.jpg
36418,Women,Footwear,Shoes,Pink,Spring,2013.0,Sports,Spinn Women Alliance Pink Sports Shoes,36418.jpg
31951,Men,Footwear,Shoes,Black,Summer,2012.0,Sports,Nike Men Air Maestro Flight Black Sports Shoes,31951.jpg
9108,Women,Footwear,Shoes,Black,Fall,2011.0,Sports,Puma Women Axis XT Black Sports Shoes,9108.jpg
28602,Men,Footwear,Shoes,White,Summer,2012.0,Casual,Nike Men Air force 1 White Shoes,28602.jpg
4514,Men,Footwear,Shoes,White,Summer,2011.0,Sports,Puma Men's Tarun White Navy Silver Red Shoe,4514.jpg
5053,Men,Footwear,Shoes,Grey,Summer,2011.0,Sports,Fila Men's Sergent Grey Orange Shoe,5053.jpg
44611,Men,Footwear,Shoes,Black,Spring,2013.0,Sports,Salomon Men Black RX Prime Sports Shoes,44611.jpg
31683,Unisex,Footwear,Shoes,Black,Summer,2012.0,Casual,Nike Unisex Air Rift Black Sports Shoes,31683.jpg
3309,Men,Footwear,Shoes,White,Spring,2012.0,Sports,Asics Men's Gel Challenger 8 Tennis White Blue Shoe,3309.jpg
5478,Men,Footwear,Shoes,White,Summer,2011.0,Sports,Nike Men's T-Lite Leather White Shoe,5478.jpg
6731,Men,Footwear,Shoes,Black,Summer,2011.0,Sports,Puma Men's Bolt Faas 300 Black Blue Shoe,6731.jpg
43000,Men,Footwear,Shoes,White,Summer,2012.0,Sports,Nike Men White Air Dictate Sports Shoes,43000.jpg
12956,Men,Footwear,Shoes,Blue,Fall,2011.0,Sports,ADIDAS Men Sports Blue Sports Shoes,12956.jpg
8907,Women,Footwear,Shoes,White,Fall,2011.0,Sports,Puma Women Vesta Runner Wns White Sports Shoes,8907.jpg
31688,Men,Footwear,Shoes,White,Summer,2012.0,Sports,Nike Men Lunarfly +3 White Sports Shoes,31688.jpg
9129,Men,Footwear,Shoes,Black,Fall,2011.0,Sports,Puma Men Bolt Faas 400 Black Sports Shoes,9129.jpg
29238,Men,Footwear,Shoes,White,Fall,2013.0,Sports,ADIDAS Men 22YDS Trainer White Sports Shoes,29238.jpg
19310,Men,Footwear,Shoes,White,Fall,2011.0,Sports,Nike Men Lunarglide+ 3 White Sports Shoe,19310.jpg
8071,Women,Footwear,Shoes,Grey,Fall,2011.0,Sports,New Balance Women Silver Sports Shoes,8071.jpg
12697,Men,Footwear,Shoes,White,Fall,2011.0,Sports,Nike Men Egoli TF White Sports Shoes,12697.jpg
3459,Men,Footwear,Shoes,White,Summer,2011.0,Sports,ADIDAS Men's Besulik Trainer White Black Red Shoe,3459.jpg
39636,Men,Footwear,Shoes,White,Summer,2012.0,Sports,Lotto Men White Sports Shoes,39636.jpg
29268,Men,Footwear,Shoes,Black,Summer,2012.0,Sports,ADIDAS Men Barricade Team 2 Black Sports Shoes,29268.jpg
24805,Men,Footwear,Shoes,Black,Spring,2007.0,Sports,Decathlon Men Black F300 Sports Shoes,24805.jpg
14330,Men,Footwear,Shoes,Black,Fall,2011.0,Sports,Nike Men Free Run +2 Black Sports Shoes,14330.jpg
39895,Men,Footwear,Shoes,Navy Blue,Summer,2012.0,Sports,ADIDAS Men Navy Blue Corona Sports Shoes,39895.jpg
15713,Men,Footwear,Shoes,Black,Fall,2011.0,Sports,Nike Men Air Relentless Black Sports Shoes,15713.jpg
5377,Unisex,Footwear,Shoes,Black,,2011.0,Sports,Btwin Road Shoes 5,5377.jpg
20799,Men,Footwear,Shoes,White,Fall,2011.0,Sports,Fila Men Zone White Sports Shoes,20799.jpg
8218,Men,Footwear,Shoes,White,Summer,2012.0,Sports,Nike Men's Air Googly 2 White Orange Shoe,8218.jpg
6385,Men,Footwear,Shoes,Black,Summer,2011.0,Sports,Puma Men's Future Cat Engine Black Shoe,6385.jpg
13727,Women,Footwear,Shoes,Silver,Fall,2011.0,Sports,ADIDAS Women Silver Adi Primo Sports Shoe,13727.jpg
3656,Men,Footwear,Shoes,Black,Summer,2011.0,Sports,Fila Men's Emotion Black Shoe,3656.jpg
5574,Men,Footwear,Shoes,White,Summer,2011.0,Sports,Nike Men's Tennis Classic White Black Shoe,5574.jpg
8074,Women,Footwear,Shoes,White,Fall,2011.0,Sports,New Balance MR310 Women's Cushioning Grey Navy Shoe,8074.jpg
26621,Men,Footwear,Shoes,White,Summer,2012.0,Sports,Puma Men Kevler Runner White Sports Shoes,26621.jpg
22981,Men,Footwear,Shoes,White,Fall,2011.0,Sports,FILA Men White Rogue Sports Shoes,22981.jpg
11931,Men,Footwear,Shoes,Black,Fall,2011.0,Sports,Skechers Men Shape Black Sports Shoes,11931.jpg
6630,Men,Footwear,Shoes,White,Summer,2011.0,Sports,ADIDAS Men's Galvin White Blue Shoe,6630.jpg
13182,Men,Footwear,Shoes,Black,Fall,2011.0,Sports,FILA Men Dls Maxim Black Sports Shoes,13182.jpg
10117,Men,Footwear,Shoes,Silver,Fall,2011.0,Sports,Reebok Men Premier Zigfly Silver Sports Shoes,10117.jpg
35430,Men,Footwear,Shoes,Blue,Summer,2012.0,Sports,ADIDAS Men Advent Blue Sports Shoes,35430.jpg
22976,Women,Footwear,Shoes,Grey,Fall,2011.0,Sports,FILA Women Grey Breath Sports Shoe,22976.jpg
3666,Men,Footwear,Shoes,Black,Summer,2011.0,Sports,Fila Men's Intercept Black Silver Shoe,3666.jpg
9196,Men,Footwear,Shoes,Silver,Fall,2011.0,Sports,Puma Men Axis Silver Sports Shoes,9196.jpg
3456,Men,Footwear,Shoes,White,Summer,2011.0,Sports,ADIDAS Men Court White Blue Metallic Stripes Shoe,3456.jpg
5479,Men,Footwear,Shoes,Black,Summer,2011.0,Sports,Nike Men Zoom Black Sports Shoe,5479.jpg
4518,Men,Footwear,Shoes,White,Winter,2014.0,Sports,Puma Men's Tazon White Navy Silver Shoe,4518.jpg
22112,Women,Footwear,Shoes,Pink,Fall,2011.0,Sports,Reebok Women Speed Mode Pink Sports Shoes,22112.jpg
8089,Men,Footwear,Shoes,Black,Fall,2011.0,Sports,ADIDAS Men Jawpaw II Black Shoe,8089.jpg
5536,Men,Footwear,Shoes,Grey,Summer,2011.0,Sports,Nike Men's Air Alaris Grey Shoe,5536.jpg
7733,Men,Footwear,Shoes,Black,Fall,2011.0,Sports,Fila Men's Dragger Red Black Shoe,7733.jpg
6856,Men,Footwear,Shoes,Green,Summer,2011.0,Sports,Spalding Men's Running White Green Shoe,6856.jpg
26597,Men,Footwear,Shoes,Black,Summer,2012.0,Sports,Puma Men Faas 300 Black Sports Shoes,26597.jpg
29227,Men,Footwear,Shoes,Black,Summer,2012.0,Sports,ADIDAS Men Mactelo Black Sports Shoes,29227.jpg
32195,Women,Footwear,Shoes,Navy Blue,Summer,2012.0,Sports,ADIDAS Women Oregon 11 Navy Blue Sports Shoes,32195.jpg
25572,Men,Footwear,Shoes,Silver,Summer,2012.0,Sports,Fila Men Superior Silver Sports Shoes,25572.jpg
41842,Women,Footwear,Shoes,Pink,Summer,2012.0,Sports,Skechers Women Pink Sports Shoes,41842.jpg
31207,Women,Footwear,Shoes,White,Summer,2012.0,Sports,Nike Women Dual Fusion White Sports Shoes,31207.jpg
13199,Men,Footwear,Shoes,White,Fall,2011.0,Sports,ASICS Men Gel Resolution Running White Sports Shoes,13199.jpg
4156,Men,Footwear,Shoes,White,Summer,2011.0,Sports,Nike Men's Vapour Club White Red Shoe,4156.jpg
5046,Men,Footwear,Shoes,White,Summer,2011.0,Sports,Fila Men's Vision White Navy Shoe,5046.jpg
4662,Men,Footwear,Shoes,Black,Summer,2012.0,Sports,ADIDAS Men  Elroy Low Black Shoes,4662.jpg
35711,Women,Footwear,Shoes,Grey,Summer,2012.0,Sports,Nike Women Zoom Vomero Grey Sports Shoes,35711.jpg
5400,Women,Footwear,Shoes,Blue,Summer,2011.0,Sports,Kalenji Kiprun 1000l  Blue/grey,5400.jpg
17972,Men,Footwear,Shoes,White,Fall,2011.0,Sports,Puma Men Wirko White Sports Shoe,17972.jpg
46798,Men,Footwear,Shoes,White,Summer,2012.0,Sports,Nike Men White & Yellow Sports Shoes,46798.jpg
12900,Men,Footwear,Shoes,Black,Spring,2012.0,Sports,ADIDAS Men Pluto Black Sports Shoes,12900.jpg
4580,Women,Footwear,Shoes,Black,Summer,2011.0,Sports,Nike Women Air Rele Black Shoe,4580.jpg
54521,Men,Footwear,Shoes,White,Fall,2012.0,Sports,F Sports Men White Voyager Sports Shoes,54521.jpg
6665,Men,Footwear,Shoes,Grey,Summer,2011.0,Sports,Nike Men's Lunarglide 2 Grey Yellow Shoe,6665.jpg
5466,Unisex,Footwear,Shoes,White,Summer,2011.0,Sports,Nike Unisex Elite White Shoe,5466.jpg
6626,Men,Footwear,Shoes,Blue,Summer,2011.0,Sports,ADIDAS Men's Canon Dialect Blue Yellow Shoe,6626.jpg
12992,Unisex,Footwear,Shoes,Silver,Fall,2011.0,Sports,ADIDAS Kids Unisex HyperRun Silver Sports Shoes,12992.jpg
26667,Women,Footwear,Shoes,White,Summer,2012.0,Sports,Puma Women Femme White Sports Shoes,26667.jpg
35709,Men,Footwear,Shoes,Grey,Summer,2012.0,Sports,Nike Men Grey Revolution MSL Sports Shoes,35709.jpg
4636,Men,Footwear,Shoes,White,Summer,2011.0,Sports,ADIDAS Men's Adi Stylite Low White Blue Shoe,4636.jpg
7727,Men,Footwear,Shoes,White,Fall,2011.0,Sports,Fila Men's Dragger White Red Shoe,7727.jpg
5368,Men,Footwear,Shoes,Red,,2011.0,Sports,Kalenji Kiprun 1000 White Red Ss10,5368.jpg
39661,Men,Footwear,Shoes,Black,Summer,2012.0,Sports,Lotto Men Black Sports Shoes,39661.jpg
32179,Men,Footwear,Shoes,Navy Blue,Summer,2012.0,Sports,ADIDAS Men Neptune Navy Blue Sports Shoes,32179.jpg
43374,Men,Footwear,Shoes,White,Summer,2012.0,Sports,Reebok Men White Spectra Run Sports Shoes,43374.jpg
6639,Men,Footwear,Shoes,White,Summer,2012.0,Sports,Nike Men Air Max Turbulence White Blue Shoe,6639.jpg
39903,Men,Footwear,Shoes,White,Summer,2012.0,Sports,ADIDAS Men White Ranger Sports Shoes,39903.jpg
59016,Men,Footwear,Shoes,Grey,Summer,2012.0,Casual,Skechers Men Grey Sports Shoes,59016.jpg
1937,Women,Footwear,Shoes,Black,Fall,2010.0,Sports,Kalenji Women Black Pink Shoe,1937.jpg
4637,Women,Footwear,Shoes,White,Summer,2011.0,Sports,ADIDAS Women Phantom Low White Red Grey Shoe,4637.jpg
42177,Men,Footwear,Shoes,Black,Summer,2012.0,Sports,Lotto Men Black Futura Sports Shoes,42177.jpg
3226,Men,Footwear,Shoes,Black,Fall,2010.0,Sports,Puma Men's Vesta Runner Black White Shoe,3226.jpg
25458,Men,Footwear,Shoes,Grey,Summer,2012.0,Sports,Nike Men Air Alvord 9 Grey Sports Shoes,25458.jpg
9050,Men,Footwear,Shoes,White,Fall,2011.0,Sports,ADIDAS Men adizero Trainer M White Sports Shoes,9050.jpg
8300,Men,Footwear,Shoes,White,Fall,2011.0,Sports,Reebok Men's Premier Aztrec 3 White Shoe,8300.jpg
39900,Men,Footwear,Shoes,White,Spring,2008.0,Sports,ADIDAS Men White Sukoi Sports Shoes,39900.jpg
42148,Women,Footwear,Shoes,White,Fall,2012.0,Sports,Nike Women White Diffusion Sports Shoes,42148.jpg
37708,Men,Footwear,Shoes,Black,Summer,2012.0,Sports,Fila Men Top Fuel Black Sports Shoes,37708.jpg
42138,Men,Footwear,Shoes,Black,Summer,2012.0,Sports,Nike Men Black Air Dictate Sports Shoes,42138.jpg
44610,Men,Footwear,Shoes,Black,Spring,2013.0,Sports,Salomon Men Black Quest Sports Shoes,44610.jpg
43241,Men,Footwear,Shoes,Grey,Summer,2012.0,Sports,Reebok Men Grey Swift Chase Sports Shoes,43241.jpg
5404,Men,Footwear,Shoes,White,Fall,2011.0,Sports,Kalenji Kiprun 1000 Whi/ Blue 2011,5404.jpg
4560,Men,Footwear,Shoes,White,Summer,2011.0,Sports,Nike Men's Dunk Low White Shoe,4560.jpg
7748,Men,Footwear,Shoes,Black,Fall,2011.0,Sports,Fila Men's Dna Tech Blue Black Shoe,7748.jpg
1836,Men,Footwear,Shoes,Silver,Fall,2010.0,Sports,Nike Air Visi Sleek Shoes,1836.jpg
6756,Men,Footwear,Shoes,White,Summer,2011.0,Sports,Nike Men's Air Googly 2 White Shoe,6756.jpg
3376,Women,Footwear,Shoes,Black,Spring,2012.0,Sports,Asics Women Gel Technology Active Black White Pink Shoe,3376.jpg
34644,Men,Footwear,Shoes,Black,Fall,2012.0,Sports,Fila Men Pursuit Black Sports Shoes,34644.jpg
5594,Women,Footwear,Shoes,White,Summer,2011.0,Sports,ADIDAS Women's Ls Adi Ballerino White Shoe,5594.jpg
5752,Men,Footwear,Shoes,White,Summer,2011.0,Sports,Reebok Men's Winning Stride White Shoe,5752.jpg
26598,Men,Footwear,Shoes,White,Summer,2012.0,Sports,Puma Men Faas 300 White Sports Shoes,26598.jpg
18567,Men,Footwear,Shoes,Yellow,Fall,2011.0,Sports,Puma Men Faas 300 Yellow Sports Shoes,18567.jpg
33822,Men,Footwear,Shoes,White,Summer,2012.0,Sports,Puma Men Axis White & Grey Sports Shoes,33822.jpg
6634,Men,Footwear,Shoes,Brown,Summer,2011.0,Sports,Nike Men's Air Endurance Brown Shoe,6634.jpg
18485,Men,Footwear,Shoes,Navy Blue,Fall,2011.0,Sports,Puma Men Contest HI Navy Blue Sports Shoes,18485.jpg
13210,Women,Footwear,Shoes,White,Spring,2012.0,Sports,ASICS Women GT 2160 Running White Sports Shoes,13210.jpg
39631,Men,Footwear,Shoes,White,Summer,2012.0,Sports,Nike Men T-Lite White Sports Shoes,39631.jpg
4552,Men,Footwear,Shoes,White,Summer,2011.0,Sports,Nike Men's Downshif White Shoe,4552.jpg
36223,Men,Footwear,Shoes,White,Summer,2012.0,Sports,Nike Men Air Quick Handle White & Black Sports Shoes,36223.jpg
19306,Men,Footwear,Shoes,Black,Summer,2012.0,Sports,Nike Men Dart VII Leather Black Sports Shoe,19306.jpg
38654,Men,Footwear,Shoes,White,Fall,2012.0,Sports,Nike Men Ballista White Sports Shoes,38654.jpg
5540,Men,Footwear,Shoes,Black,Summer,2011.0,Sports,Nike Men's Lunar Fly Black Blue Shoe,5540.jpg
36231,Women,Footwear,Shoes,White,Summer,2012.0,Sports,Nike Women White Revolution Sports Shoes,36231.jpg
41208,Men,Footwear,Shoes,Black,Summer,2012.0,Sports,Nike Men Black Sports Shoes,41208.jpg
9126,Men,Footwear,Shoes,Black,Fall,2011.0,Sports,Puma Men Cell Varex SL Black Sports Shoes,9126.jpg
6680,Men,Footwear,Shoes,Grey,Summer,2011.0,Sports,Nike Men's Zoom Vomero 5 Grey Blue Shoe,6680.jpg
17410,Men,Footwear,Shoes,White,Fall,2011.0,Sports,Lotto Men Atlantica White Sports Shoe,17410.jpg
6632,Men,Footwear,Shoes,White,Summer,2011.0,Sports,ADIDAS Men's Spector White Red Shoe,6632.jpg
4549,Men,Footwear,Shoes,White,Summer,2011.0,Sports,Nike Men's Air Dictate White Shoe,4549.jpg
23339,Men,Footwear,Shoes,Grey,Fall,2010.0,Sports,Reebok Men Negotiator Grey Sport Shoes,23339.jpg
4573,Women,Footwear,Shoes,Black,Summer,2011.0,Sports,Nike Women Gls Black Shoe,4573.jpg
25464,Women,Footwear,Shoes,Black,Summer,2012.0,Sports,Nike Women Downshifter Black Sports Shoes,25464.jpg
36457,Men,Footwear,Shoes,Grey,Spring,2013.0,Sports,Spinn Men Temptation Grey Sport Shoes,36457.jpg
6622,Men,Footwear,Shoes,White,Summer,2011.0,Sports,ADIDAS Men's Ridley White Silver Blue Shoe,6622.jpg
22698,Men,Footwear,Shoes,White,Fall,2011.0,Sports,Nike Men Zoom Vomero+5 White Sports Shoes,22698.jpg
5725,Men,Footwear,Shoes,White,Summer,2011.0,Sports,Reebok Men's Outdoor White Shoe,5725.jpg
6747,Men,Footwear,Shoes,White,Summer,2011.0,Sports,Nike Men's Streetgato White Shoe,6747.jpg
26610,Men,Footwear,Shoes,White,Summer,2012.0,Sports,Puma Men Osuran White Sports Shoes,26610.jpg
3243,Men,Footwear,Shoes,Black,Fall,2010.0,Sports,Puma Men's Future Cat Black Shoe,3243.jpg
32190,Women,Footwear,Shoes,Pink,Summer,2012.0,Sports,ADIDAS Women Duramo Pink Sports Shoes,32190.jpg
31214,Men,Footwear,Shoes,Black,Summer,2012.0,Sports,Lotto Men Atlantica Black Sports Shoes,31214.jpg
44614,Men,Footwear,Shoes,Black,Spring,2013.0,Sports,Salomon Men Black Synapse Mid Sports Shoes,44614.jpg
24418,Men,Footwear,Shoes,Black,Summer,2012.0,Sports,ADIDAS Men Adipure Trainer Black Sports Shoes,24418.jpg
15741,Men,Footwear,Shoes,Grey,Fall,2011.0,Sports,Nike Men Lunarglide + Shield Grey Sports Shoes,15741.jpg
5386,Unisex,Footwear,Shoes,Black,Summer,2011.0,Sports,Kalenji Kapteren 50 Black Blue,5386.jpg
29267,Men,Footwear,Shoes,Blue,Summer,2012.0,Sports,ADIDAS Men Predito Blue Sports Shoes,29267.jpg
39668,Men,Footwear,Shoes,White,Summer,2012.0,Sports,Lotto Men White Sports Shoes,39668.jpg
10080,Men,Footwear,Shoes,Black,Fall,2011.0,Sports,Reebok Men Run Sheer Black Sports Shoes,10080.jpg
5389,Unisex,Footwear,Shoes,Yellow,,2011.0,Sports,Kalenji Kapteren 200 Yellow Fw,5389.jpg
5361,Men,Footwear,Shoes,Black,,2011.0,Sports,Kipsta F300 Fg Sr Ah09,5361.jpg
6755,Men,Footwear,Shoes,White,Summer,2012.0,Sports,Nike Men's Air Zoom Pace White Shoe,6755.jpg
5392,Unisex,Footwear,Shoes,White,,2011.0,Sports,Kalenji Crossport 100 Whi/champ,5392.jpg
39896,Women,Footwear,Shoes,Blue,Summer,2012.0,Sports,ADIDAS Women Blue Adi Light Sports Shoes,39896.jpg
6852,Men,Footwear,Shoes,Grey,Summer,2011.0,Sports,Spalding Men's Running Grey Green Shoe,6852.jpg
28651,Men,Footwear,Shoes,Navy Blue,Summer,2012.0,Sports,Nike Men Nike Dual Fusion  Navy Blue Sports Shoes,28651.jpg
41442,Men,Footwear,Shoes,White,Fall,2012.0,Casual,Lee Cooper Men White Sports Shoes,41442.jpg
5370,Men,Footwear,Shoes,Black,,2011.0,Sports,Inesis Canaveral 700 Black,5370.jpg
5394,Unisex,Footwear,Shoes,White,Summer,2011.0,Sports,Solognac Shoes Namib 50,5394.jpg
12693,Women,Footwear,Shoes,White,Summer,2012.0,Sports,Nike Women Transform White Sports Shoes,12693.jpg
53437,Men,Footwear,Shoes,White,Summer,2012.0,Sports,ADIDAS Men White Sports Shoes,53437.jpg
38530,Men,Footwear,Shoes,Charcoal,Summer,2012.0,Sports,Puma Men Charcoal Sports Shoes,38530.jpg
6832,Men,Footwear,Shoes,Black,Summer,2011.0,Sports,Nike Men's Air Compete Black Shoe,6832.jpg
41438,Men,Footwear,Shoes,White,Fall,2012.0,Casual,Lee Cooper Men White Sports Shoes,41438.jpg
6627,Men,Footwear,Shoes,Black,Summer,2011.0,Sports,ADIDAS Men's Morin Black Shoe,6627.jpg
23852,Men,Footwear,Shoes,Black,Fall,2011.0,Sports,ADIDAS Men Black Talus Runner Sports Shoes,23852.jpg
5362,Unisex,Footwear,Shoes,Red,Summer,2011.0,Sports,Kipsta First Training Red S209,5362.jpg
3372,Men,Footwear,Shoes,Grey,Spring,2011.0,Sports,Asics Men's Gel Cushioning Grey Lime Sport Running Shoe,3372.jpg
5363,Unisex,Footwear,Shoes,White,Summer,2011.0,Sports,Btwin Six Mtb Shoes 2009,5363.jpg
39672,Men,Footwear,Shoes,White,Summer,2012.0,Sports,Lotto Men White Sports Shoes,39672.jpg
6386,Men,Footwear,Shoes,White,Summer,2011.0,Sports,Puma Men Route Ducati White Shoe,6386.jpg
13677,Men,Footwear,Shoes,White,Fall,2011.0,Sports,ADIDAS Men Running White Sports Shoes,13677.jpg
4448,Men,Footwear,Shoes,Black,Summer,2011.0,Sports,Nike Men's Down Shift Black Grey Shoe,4448.jpg
7605,Women,Footwear,Shoes,White,Summer,2011.0,Sports,Nike Women's Air Dict White Shoe,7605.jpg
4154,Men,Footwear,Shoes,White,Summer,2011.0,Sports,Nike Men's Vapour Club White Grey Shoe,4154.jpg
22488,Men,Footwear,Shoes,White,Summer,2011.0,Sports,ADIDAS Men Galaxy Elite White Sports Shoes,22488.jpg
44784,Men,Footwear,Shoes,White,Summer,2012.0,Casual,Lotto Men White Torcida Shoes,44784.jpg
46084,Women,Footwear,Shoes,White,Summer,2012.0,Sports,ADIDAS Women White Aerostar Sports Shoes,46084.jpg
42999,Women,Footwear,Shoes,Grey,Summer,2012.0,Sports,Nike Women Grey Air Dictate Sports Shoes,42999.jpg
23858,Men,Footwear,Shoes,Beige,Fall,2011.0,Sports,ADIDAS Men Beige Pural Desman Sports Shoes,23858.jpg
4641,Men,Footwear,Shoes,White,Summer,2011.0,Sports,ADIDAS Men's Adi Montero Blue,4641.jpg
9111,Men,Footwear,Shoes,Blue,Fall,2011.0,Sports,Puma Men Exsis 2 Blue Sports Shoes,9111.jpg
12979,Women,Footwear,Shoes,White,Fall,2011.0,Sports,ADIDAS Women Core 50 White Sports Shoes,12979.jpg
6677,Men,Footwear,Shoes,Black,Summer,2011.0,Sports,Nike Men's Street Pana II Black White Shoe,6677.jpg
15290,Men,Footwear,Shoes,White,Fall,2011.0,Sports,Fila Men Novarro White Sports Shoes,15290.jpg
9132,Men,Footwear,Shoes,White,Summer,2011.0,Sports,Puma Men Excitemo TT White Sports Shoes,9132.jpg
5402,Women,Footwear,Shoes,Purple,,2011.0,Sports,Kalenji Ekiden 200 Wn Purple 2011,5402.jpg
6371,Men,Footwear,Shoes,Blue,Summer,2011.0,Sports,Puma Men's Suede Archive Indigo Blue Shoe,6371.jpg
33837,Women,Footwear,Shoes,Grey,Summer,2012.0,Sports,Puma Women Ikonis Grey Sports Shoes,33837.jpg
40473,Men,Footwear,Shoes,Black,Fall,2012.0,Sports,Fila Men Black Supercharger Sports Shoes,40473.jpg
24426,Men,Footwear,Shoes,Blue,Summer,2012.0,Sports,ADIDAS Men Boat Sickline Blue Sports Shoes,24426.jpg
8083,Men,Footwear,Shoes,Green,Fall,2011.0,Sports,ADIDAS Men Boat Cc Lace Green Sports Shoes,8083.jpg
3371,Men,Footwear,Shoes,Grey,Spring,2011.0,Sports,Asics Men's Gel-Pulse 2 Grey Lime Shoe,3371.jpg
6754,Men,Footwear,Shoes,White,Summer,2011.0,Sports,Nike Men's Air Zoom Opener White Shoe,6754.jpg
28613,Men,Footwear,Shoes,Grey,Summer,2012.0,Sports,Nike Men Air Max Tailwind Grey Sports Shoes,28613.jpg
12966,Men,Footwear,Shoes,Grey,Fall,2011.0,Sports,ADIDAS Men Snova Glide Grey Sports Shoes,12966.jpg
4268,Men,Footwear,Shoes,Maroon,Summer,2011.0,Sports,Nike Men's Tiempo Natural Maroon Shoe,4268.jpg
23888,Men,Footwear,Shoes,White,Summer,2012.0,Sports,Fila Men Clutch White Sports Shoes,23888.jpg
5620,Men,Footwear,Shoes,White,Summer,2011.0,Sports,ADIDAS Men's Primo White Green Shoe,5620.jpg
3223,Women,Footwear,Shoes,Multi,Fall,2010.0,Sports,Puma Women Axis Pink Dark Shadow Shoe,3223.jpg
29258,Women,Footwear,Shoes,White,Summer,2012.0,Sports,ADIDAS Women Vanquish 5 W White Sports Shoes,29258.jpg
17830,Men,Footwear,Shoes,Black,Fall,2011.0,Sports,Nike Men Air Max Ultra Black Sports Shoe,17830.jpg
23938,Men,Footwear,Shoes,Black,Summer,2011.0,Sports,Lotto Men Black Trainer Sports Shoes,23938.jpg
15302,Men,Footwear,Shoes,Silver,Fall,2011.0,Sports,ADIDAS Men Adi Fiero Silver Sports Shoes,15302.jpg
43346,Men,Footwear,Shoes,White,Summer,2012.0,Sports,Reebok Men White United Runner Sports Shoes,43346.jpg
36230,Men,Footwear,Shoes,White,Summer,2012.0,Sports,Nike Men Air Courtballistec 4.1 White Sports Shoes,36230.jpg
17840,Men,Footwear,Shoes,Red,Fall,2011.0,Sports,Nike Men Air Quick Handle Red Sports Shoe,17840.jpg
28638,Men,Footwear,Shoes,White,Summer,2012.0,Sports,Nike Men Dart 9 Leather White Sports Shoes,28638.jpg
15374,Men,Footwear,Shoes,White,Fall,2011.0,Sports,FILA Men Fila Runner White Sports Shoes,15374.jpg
54526,Men,Footwear,Shoes,White,Fall,2012.0,Sports,F Sports Men White Zero Gravity Sports Shoes,54526.jpg
39901,Men,Footwear,Shoes,Black,Fall,2012.0,Sports,ADIDAS Men Black Apelido Sports Shoes,39901.jpg
41440,Men,Footwear,Shoes,White,Fall,2012.0,Sports,Lee Cooper Men White Sports Shoes,41440.jpg
24629,Women,Footwear,Shoes,White,Fall,2011.0,Sports,ADIDAS Women White Sparta Lea Sports Shoes,24629.jpg
28608,Men,Footwear,Shoes,White,Summer,2012.0,Sports,Nike Men Dart VII Leather White Sports Shoes,28608.jpg
17833,Men,Footwear,Shoes,Black,Winter,2015.0,Sports,Nike Men Black Air Endurance Sports Shoes,17833.jpg
32278,Men,Footwear,Shoes,Black,Summer,2012.0,Sports,ADIDAS Men Adipower Barricade Black Sports Shoes,32278.jpg
22110,Men,Footwear,Shoes,Navy Blue,Summer,2012.0,Sports,Reebok Men Active  Navy Blue Sports Shoes,22110.jpg
32729,Unisex,Footwear,Shoes,Black,Summer,2012.0,Sports,Fila Unisex Skeletoes Trifit Black & Blue Shoes,32729.jpg
3171,Men,Footwear,Shoes,White,Summer,2011.0,Sports,Nike Men's Air Max White Grey Shoe,3171.jpg
9405,Men,Footwear,Shoes,White,Fall,2011.0,Sports,FILA Men INTENSE White Shoes,9405.jpg
34734,Women,Footwear,Shoes,White,Summer,2012.0,Sports,Puma Women Osuran White Sports Shoes,34734.jpg
9380,Men,Footwear,Shoes,Green,Fall,2011.0,Sports,Nike Men Elite Sports Shoes,9380.jpg
43003,Women,Footwear,Shoes,Black,Summer,2012.0,Sports,Nike Women Black Lunarswift Sports Shoes,43003.jpg
13699,Men,Footwear,Shoes,Blue,Fall,2011.0,Sports,ADIDAS Men CC Oscillate M Blue Sports Shoes,13699.jpg
4546,Men,Footwear,Shoes,Black,Summer,2011.0,Sports,Nike Men's Air Max Black Shoe,4546.jpg
13982,Women,Footwear,Shoes,Black,Fall,2011.0,Sports,Puma Women Speeder Wn's Black Sports Shoes,13982.jpg
42085,Men,Footwear,Shoes,White,Summer,2012.0,Sports,ADIDAS Men White Sports Shoes,42085.jpg
25466,Men,Footwear,Shoes,Black,Summer,2012.0,Sports,Nike Men Downshifter Black Sports Shoes,25466.jpg
13202,Men,Footwear,Shoes,White,Fall,2011.0,Sports,ASICS Men Gel DS 16 Running White Sports Shoes,13202.jpg
4663,Men,Footwear,Shoes,Black,Summer,2012.0,Sports,ADIDAS Men Elroy Low Black & Brown Shoes,4663.jpg
4520,Men,Footwear,Shoes,Black,Summer,2011.0,Sports,Puma Men's Axis Black Silver Blue Shoe,4520.jpg
12696,Men,Footwear,Shoes,White,Fall,2011.0,Sports,Nike Men Transform White Sports Shoes,12696.jpg
38667,Men,Footwear,Shoes,Black,Summer,2012.0,Sports,Nike Men Zoom Kobe Venomenon Black Sports Shoes,38667.jpg
24218,Men,Footwear,Shoes,Black,Summer,2012.0,Sports,Nike Men Zoom Vomero Black Sports Shoes,24218.jpg
26588,Men,Footwear,Shoes,White,Summer,2012.0,Sports,Puma Men Powercat 4.12 White Sports Shoes,26588.jpg
35700,Women,Footwear,Shoes,White,Summer,2012.0,Sports,Nike Women Court Shuttle IV White Sports Shoes,35700.jpg
5371,Men,Footwear,Shoes,Black,Fall,2011.0,Sports,Quechua Arpenaz 50 Jr Black Red,5371.jpg
9904,Men,Footwear,Shoes,White,Summer,2011.0,Sports,Nike Men City Court White Sports Shoes,9904.jpg
9120,Men,Footwear,Shoes,Black,Fall,2011.0,Sports,Puma Men Cell Turin Perf Black Sports Shoes,9120.jpg
29261,Men,Footwear,Shoes,White,Summer,2012.0,Sports,ADIDAS Men Mactelo White Sports Shoes,29261.jpg
39630,Men,Footwear,Shoes,White,Summer,2012.0,Sports,Nike Men Tiempo Natural IV Vtr White Sports Shoes,39630.jpg
7704,Women,Apparel,Topwear,Red,Fall,2011.0,Casual,Jealous 21 Women's She's Got Attitude Red Top,7704.jpg
4920,Women,Apparel,Topwear,Pink,Summer,2011.0,Casual,Gini and Jony Girl's Veeya Pink Infant Kidswear,4920.jpg
30946,Women,Apparel,Topwear,Blue,Summer,2012.0,Ethnic,Fabindia Women Blue Cambric Top,30946.jpg
4884,Women,Apparel,Topwear,Purple,Summer,2011.0,Casual,Levis Kids Girl's Darcy Purple Teens Kidswear,4884.jpg
48504,Women,Apparel,Topwear,Blue,Summer,2012.0,Casual,French Connection Women Blue Top,48504.jpg
38848,Women,Apparel,Topwear,Grey,Summer,2012.0,Casual,Latin Quarters Women Grey Top,38848.jpg
58007,Women,Apparel,Topwear,Mustard,Fall,2012.0,Casual,Latin Quarters Women Chartreuse Yellow Top,58007.jpg
34574,Women,Apparel,Topwear,Black,Summer,2012.0,Casual,Tonga Women Printed Black Top,34574.jpg
7154,Women,Apparel,Topwear,Grey,Fall,2011.0,Casual,Scullers For Her Women's Fashion Summer Lite Ash Grey Top,7154.jpg
42235,Women,Apparel,Topwear,Black,Summer,2012.0,Casual,Sepia Women Black Top,42235.jpg
5012,Women,Apparel,Topwear,Pink,Summer,2011.0,Casual,Gini and Jony Girl's Peggy Pink Kidswear,5012.jpg
21416,Women,Apparel,Topwear,Pink,Winter,2012.0,Casual,Roxy Women Pink Top,21416.jpg
26917,Women,Apparel,Topwear,Purple,Summer,2012.0,Casual,Jealous 21 Women Printed Purple Top,26917.jpg
40990,Girls,Apparel,Topwear,White,Summer,2012.0,Casual,Palm Tree Girls Milan White Top,40990.jpg
41972,Girls,Apparel,Topwear,Blue,Summer,2012.0,Casual,Gini and Jony Girls Summer Up Blue Top,41972.jpg
43624,Women,Apparel,Topwear,White,Summer,2012.0,Casual,Vero Moda Women White Top,43624.jpg
33179,Women,Apparel,Topwear,Blue,Summer,2012.0,Casual,Sepia Women Blue Top,33179.jpg
28473,Women,Apparel,Topwear,Turquoise Blue,Summer,2012.0,Casual,Urban Yoga Women Printed Turquoise Blue Top,28473.jpg
45949,Women,Apparel,Topwear,White,Summer,2012.0,Casual,Tokyo Talkies Women White Top,45949.jpg
25542,Women,Apparel,Topwear,Yellow,Summer,2012.0,Casual,Wrangler Women Striper Tank Yellow Top,25542.jpg
38343,Girls,Apparel,Topwear,White,Summer,2012.0,Casual,Mr. Men Little Miss Girls White Tops,38343.jpg
40409,Women,Apparel,Topwear,Black,Summer,2012.0,Casual,Tonga Women Black & Cream-Coloured Striped Top,40409.jpg
18173,Girls,Apparel,Topwear,Magenta,Fall,2011.0,Casual,Doodle Kids Girls Layer Magenta Top,18173.jpg
16137,Women,Apparel,Topwear,Pink,Fall,2011.0,Casual,Tokyo Talkies Women Printed Pink Top,16137.jpg
33169,Women,Apparel,Topwear,Yellow,Summer,2012.0,Casual,Sepia Women Yellow Top,33169.jpg
5130,Women,Apparel,Topwear,Black,Summer,2011.0,Casual,Wrangler Women Woodstock Black White Top,5130.jpg
13443,Women,Apparel,Topwear,White,Summer,2011.0,Casual,United Colors of Benetton Women Solid White Tops,13443.jpg
43924,Women,Apparel,Topwear,Grey,Summer,2012.0,Casual,Femella Women Grey Top,43924.jpg
43584,Girls,Apparel,Topwear,Pink,Summer,2012.0,Casual,Gini and Jony Girls Pink Top,43584.jpg
4901,Women,Apparel,Topwear,Pink,Summer,2011.0,Casual,Levis Kids Girl's Desiree Pink Kidswear,4901.jpg
50705,Women,Apparel,Topwear,Cream,Summer,2012.0,Casual,Latin Quarters Women Cream Printed Top,50705.jpg
10336,Women,Apparel,Topwear,Black,Fall,2011.0,Casual,United Colors of Benetton Women Stripes Black Tops,10336.jpg
31122,Girls,Apparel,Topwear,White,Summer,2012.0,Casual,Gini and Jony Girls Printed White Top,31122.jpg
5136,Women,Apparel,Topwear,Pink,Summer,2011.0,Casual,Wrangler Women Yoke Tucks Checks Pink White Top,5136.jpg
7312,Women,Apparel,Topwear,Pink,Summer,2011.0,Casual,UCB Women's Short Sleeve Polo Pink Top,7312.jpg
26359,Women,Apparel,Topwear,Black,Summer,2012.0,Casual,Arrow Women Black Top,26359.jpg
39216,Women,Apparel,Topwear,Black,Summer,2012.0,Casual,Femella Women Animal Print One Shoulder Black & Brown Top,39216.jpg
57107,Women,Apparel,Topwear,Olive,Summer,2012.0,Casual,Elle Women Green Essentials Top,57107.jpg
12851,Women,Apparel,Topwear,Black,Fall,2011.0,Casual,Ant Kids Crystal Button Black Tops,12851.jpg
18743,Women,Apparel,Topwear,Orange,Fall,2011.0,Casual,Arrow Woman Cameron Orange Top,18743.jpg
19620,Women,Apparel,Topwear,Olive,Summer,2011.0,Casual,United Colors of Benetton Women Solid Olive Top,19620.jpg
41377,Women,Apparel,Topwear,Yellow,Summer,2012.0,Casual,Wrangler Women Yellow Maria Top,41377.jpg
13295,Women,Apparel,Topwear,Pink,Fall,2011.0,Casual,Gini and Jony Kids Girls Printed Pink Tops,13295.jpg
41762,Women,Apparel,Topwear,Multi,Summer,2012.0,Casual,Remanika Women Multi Coloured Top,41762.jpg
45981,Women,Apparel,Topwear,Grey Melange,Summer,2012.0,Casual,Tokyo Talkies Women Grey Melange Printed Top,45981.jpg
7362,Women,Apparel,Topwear,Blue,Summer,2011.0,Casual,UCB Women's Graphic Print Sequins Blue Top,7362.jpg
8492,Women,Apparel,Topwear,Peach,Fall,2011.0,Casual,Forever New Women Peony Peach Top,8492.jpg
17850,Women,Apparel,Topwear,Grey,Fall,2011.0,Casual,Flying Machine Women Sequins Grey Top,17850.jpg
26890,Women,Apparel,Topwear,Pink,Summer,2012.0,Casual,Jealous 21 Women Printed Pink Top,26890.jpg
24942,Girls,Apparel,Topwear,Black,Summer,2012.0,Casual,United Colors of Benetton Kids Girls Black Top,24942.jpg
18753,Women,Apparel,Topwear,Blue,Fall,2011.0,Casual,Arrow Woman Megan Blue Top,18753.jpg
39231,Women,Apparel,Topwear,Peach,Summer,2012.0,Casual,Femella Women Peach Top,39231.jpg
10715,Women,Apparel,Topwear,Black,Fall,2011.0,Casual,Nike Women Training sports bra Black Tops,10715.jpg
2956,Women,Apparel,Topwear,Yellow,Fall,2010.0,Casual,DUSG Women Rishikesh Organic Wheat Top,2956.jpg
39849,Girls,Apparel,Topwear,Blue,Summer,2012.0,Casual,Gini and Jony Girls Striped Blue Top,39849.jpg
50719,Girls,Apparel,Topwear,Red,Summer,2012.0,Casual,Doodle Girls Red Printed Top,50719.jpg
4885,Women,Apparel,Topwear,Purple,Summer,2011.0,Casual,Levis Kids Girl's Darcy Purple Kidswear,4885.jpg
7206,Women,Apparel,Topwear,White,Fall,2011.0,Casual,Jealous 21 Women's Pink Flowers Offwhite Top,7206.jpg
41785,Women,Apparel,Topwear,Purple,Summer,2012.0,Casual,Remanika Women Purple Top,41785.jpg
40423,Women,Apparel,Topwear,White,Summer,2012.0,Casual,Tonga Women White Top,40423.jpg
7208,Women,Apparel,Topwear,White,Fall,2011.0,Casual,Jealous 21 Women's Flower Printed White Top,7208.jpg
58514,Women,Apparel,Topwear,Grey,Summer,2012.0,Casual,Tonga Women Grey Top,58514.jpg
5009,Women,Apparel,Topwear,Blue,Summer,2011.0,Casual,Gini and Jony Girl's Pacey Blue Kidswear,5009.jpg
9156,Women,Apparel,Topwear,Purple,Fall,2011.0,Casual,Jealous 21 Women Lavender Purple Tops,9156.jpg
48090,Women,Apparel,Topwear,Olive,Summer,2012.0,Casual,French Connection Women Olive Top,48090.jpg
14136,Women,Apparel,Topwear,Black,Summer,2011.0,Casual,Jealous 21 Women Stripes Black Tops,14136.jpg
5108,Women,Apparel,Topwear,Blue,Summer,2011.0,Casual,Wrangler Women Yoke Tucks Check Blue Black Top,5108.jpg
7304,Women,Apparel,Topwear,Pink,Summer,2011.0,Casual,UCB Women's Short Sleeve Pink Top,7304.jpg
42245,Women,Apparel,Topwear,Pink,Summer,2012.0,Casual,Sepia Women Pink Top,42245.jpg
10677,Women,Apparel,Topwear,Pink,Fall,2011.0,Casual,Doodle Girl Flap doodle angel Pink Tops,10677.jpg
33540,Women,Apparel,Topwear,Red,Summer,2012.0,Casual,Wrangler Women Maddy Red Top,33540.jpg
51458,Women,Apparel,Topwear,Black,Summer,2012.0,Casual,Tonga Women Black Top,51458.jpg
6897,Women,Apparel,Topwear,Cream,Summer,2011.0,Casual,Forever New Women Embellishments Cream Top,6897.jpg
35445,Girls,Apparel,Topwear,Pink,Summer,2012.0,Casual,Doodle Girls Pink Top,35445.jpg
58498,Women,Apparel,Topwear,White,Summer,2012.0,Casual,Tonga Women Printed White Top,58498.jpg
33762,Women,Apparel,Topwear,Pink,Summer,2012.0,Casual,Vero Moda Women Viva Pink Top,33762.jpg
34001,Women,Apparel,Topwear,Brown,Summer,2012.0,Casual,Femella Women Brown Top,34001.jpg
31783,Women,Apparel,Topwear,Purple,Summer,2012.0,Casual,Lee Women Purple Paula Pansy Top,31783.jpg
34094,Girls,Apparel,Topwear,Lime Green,Summer,2012.0,Casual,Doodle Girls Printed Lime Green Top,34094.jpg
23053,Women,Apparel,Topwear,Purple,Fall,2011.0,Casual,Arrow Woman Purple Printed Top,23053.jpg
35984,Women,Apparel,Topwear,Blue,Summer,2012.0,Casual,Flying Machine Women Printed Cobalt Blue Top,35984.jpg
27854,Women,Apparel,Topwear,Maroon,Summer,2012.0,Casual,Scullers For Her Women Maroon Top,27854.jpg
24924,Women,Apparel,Topwear,Blue,Summer,2012.0,Casual,United Colors of Benetton Women Blue Top,24924.jpg
43688,Girls,Apparel,Topwear,Pink,Summer,2012.0,Casual,Doodle Girls Pink Top,43688.jpg
42218,Women,Apparel,Topwear,Blue,Summer,2012.0,Casual,Sepia Women Blue Printed Top,42218.jpg
7313,Women,Apparel,Topwear,White,Summer,2011.0,Casual,UCB Women Sleeveless White Top,7313.jpg
19615,Women,Apparel,Topwear,Olive,Summer,2011.0,Casual,United Colors of Benetton Women Solid Olive Top,19615.jpg
7203,Women,Apparel,Topwear,Blue,Fall,2011.0,Casual,Jealous 21 Women Lady With The Hat Blue Top,7203.jpg
5759,Women,Apparel,Topwear,Black,Summer,2011.0,Casual,Jealous 21 Women Black Party Top,5759.jpg
11755,Women,Apparel,Topwear,White,Summer,2011.0,Casual,Lee Women Solid White Shirts,11755.jpg
11439,Women,Apparel,Topwear,Navy Blue,Fall,2011.0,Casual,United Colors of Benetton Women Solid Navy Blue Top,11439.jpg
5109,Women,Apparel,Topwear,Black,Summer,2011.0,Casual,Wrangler Women Long Polka White Red Top,5109.jpg
19593,Women,Apparel,Topwear,Brown,Fall,2011.0,Casual,United Colors of Benetton Women Printed Brown Top,19593.jpg
31792,Women,Apparel,Topwear,Orange,Summer,2012.0,Casual,Lee Women Apple Coral Top,31792.jpg
13335,Women,Apparel,Topwear,Pink,Fall,2011.0,Casual,Gini and Jony Kids Girls Printed Pink Tops,13335.jpg
3967,Women,Apparel,Topwear,Pink,Summer,2011.0,Casual,Jealous 21 Women Pink & Beige Long Top,3967.jpg
57817,Women,Apparel,Topwear,Green,Fall,2012.0,Casual,United Colors of Benetton Women Green Top,57817.jpg
26921,Women,Apparel,Topwear,Black,Summer,2012.0,Casual,Jealous 21 Women Black Top,26921.jpg
44703,Women,Apparel,Topwear,Cream,Summer,2012.0,Casual,Wills Lifestyle Women Cream Top,44703.jpg
52164,Women,Apparel,Topwear,Purple,Summer,2012.0,Casual,Femella Women Purple Top,52164.jpg
4907,Women,Apparel,Topwear,Green,Summer,2011.0,Casual,Palm Tree Girl's Linnea White Green Kidswear,4907.jpg
44810,Women,Apparel,Topwear,Purple,Summer,2012.0,Casual,Spykar Women Purple Top,44810.jpg
9332,Women,Apparel,Topwear,White,Fall,2011.0,Casual,Puma Women Ess Striped White Tops,9332.jpg
48492,Women,Apparel,Topwear,Beige,Winter,2011.0,Casual,French Connection Women Beige Top,48492.jpg
38331,Girls,Apparel,Topwear,White,Summer,2012.0,Casual,Hannah Montana Girls White Top,38331.jpg
59872,Women,Apparel,Topwear,Grey,Fall,2012.0,Casual,Femella Women Grey Top,59872.jpg
5794,Women,Apparel,Topwear,Black,Summer,2011.0,Casual,Jealous 21 Women Party Black Top,5794.jpg
4618,Women,Apparel,Topwear,Pink,Summer,2011.0,Casual,Jealous 21 Women Knit Design Pink Top,4618.jpg
18734,Women,Apparel,Topwear,Off White,Fall,2011.0,Casual,Arrow Woman Bow Off White Top,18734.jpg
57111,Women,Apparel,Topwear,Blue,Summer,2012.0,Casual,Elle Women Blue Top,57111.jpg
35261,Women,Apparel,Topwear,White,Summer,2012.0,Casual,Lee Women Jennifer White Top,35261.jpg
37190,Women,Apparel,Topwear,Black,Summer,2012.0,Casual,United Colors of Benetton Women Black Top,37190.jpg
19647,Women,Apparel,Topwear,Pink,Summer,2011.0,Casual,United Colors of Benetton Women Solid Pink Top,19647.jpg
41378,Women,Apparel,Topwear,Black,Summer,2012.0,Casual,Wrangler Women Maria Black Top,41378.jpg
20005,Women,Apparel,Topwear,Blue,Fall,2011.0,Casual,United Colors of Benetton Women Blue Printed Top,20005.jpg
40373,Women,Apparel,Topwear,White,Summer,2012.0,Casual,Tokyo Talkies Women White Top,40373.jpg
39746,Girls,Apparel,Topwear,Black,Summer,2012.0,Casual,Gini Jony Girls Black Top,39746.jpg
8433,Women,Apparel,Topwear,Brown,Fall,2011.0,Casual,Jealous 21 Women Jealous Ebony Brown Top Brown Tops,8433.jpg
38945,Girls,Apparel,Topwear,White,Summer,2012.0,Casual,Gini and Jony Girls Printed White Top,38945.jpg
18900,Women,Apparel,Topwear,Black,Fall,2011.0,Casual,Arrow Woman Igor Black Top,18900.jpg
51459,Women,Apparel,Topwear,White,Summer,2012.0,Casual,Tonga Women White Top,51459.jpg
8452,Women,Apparel,Topwear,Blue,Fall,2011.0,Casual,Jealous 21 Women Jealous Rain Blue Top Blue Tops,8452.jpg
26878,Women,Apparel,Topwear,Yellow,Summer,2012.0,Casual,Jealous 21 Women Printed Yellow Top,26878.jpg
12608,Women,Apparel,Topwear,Maroon,Fall,2011.0,Casual,Jealous 21 Women Printed Maroon Tops,12608.jpg
44697,Women,Apparel,Topwear,Red,Fall,2012.0,Casual,Wills Lifestyle Red & White Checked Top,44697.jpg
26956,Women,Apparel,Topwear,Black,Summer,2012.0,Casual,Jealous 21 Women Black Top,26956.jpg
29169,Women,Apparel,Topwear,Blue,Summer,2012.0,Casual,United Colors of Benetton Women Blue Top,29169.jpg
57170,Women,Apparel,Topwear,Black,Summer,2012.0,Casual,Elle Women Black Retro Top,57170.jpg
44809,Women,Apparel,Topwear,Black,Summer,2012.0,Casual,Spykar Women Black Top,44809.jpg
36751,Girls,Apparel,Topwear,White,Summer,2012.0,Casual,Little Miss Girls Blah White Top,36751.jpg
20016,Women,Apparel,Topwear,Pink,Summer,2012.0,Casual,United Colors of Benetton Women Printed Pink Top,20016.jpg
32381,Women,Apparel,Topwear,Lavender,Summer,2012.0,Casual,Arrow Woman Lavender Top,32381.jpg
5750,Women,Apparel,Topwear,Red,Summer,2011.0,Casual,Jealous 21 Women V Neck Sequined Red Top,5750.jpg
6198,Women,Apparel,Topwear,Black,Summer,2011.0,Casual,UCB Women Basic Spaghetti Black Top,6198.jpg
36207,Girls,Apparel,Topwear,White,Summer,2012.0,Casual,Gini Jony Girls Printed White Top,36207.jpg
42205,Women,Apparel,Topwear,Blue,Summer,2012.0,Casual,Sepia Women Blue Top,42205.jpg
59399,Women,Apparel,Topwear,Yellow,Fall,2012.0,Casual,Tokyo Talkies Women Yellow Top,59399.jpg
54941,Women,Apparel,Topwear,Teal,Summer,2012.0,Casual,Do u speak green Women Teal Top,54941.jpg
24577,Women,Apparel,Topwear,White,Fall,2011.0,Casual,Flying Machine Women White Printed Top,24577.jpg
14627,Women,Apparel,Topwear,Grey,Fall,2011.0,Casual,United Colors of Benetton Women Solid Grey Tops,14627.jpg
21111,Women,Apparel,Topwear,Purple,Fall,2011.0,Casual,s.Oliver Women Check Purple Top,21111.jpg
57165,Women,Apparel,Topwear,Magenta,Summer,2012.0,Casual,Elle Women Magenta Clash Top,57165.jpg
8448,Women,Apparel,Topwear,Grey,Fall,2011.0,Casual,Jealous 21 Women about my style Purple Top,8448.jpg
40993,Girls,Apparel,Topwear,Pink,Summer,2012.0,Casual,Gini and Jony Girls Pink Striped Top,40993.jpg
21165,Women,Apparel,Topwear,Navy Blue,Fall,2011.0,Casual,s.Oliver Women Layered Navy Blue Top,21165.jpg
57126,Women,Apparel,Topwear,Red,Summer,2012.0,Casual,Elle Women Printed Red Top,57126.jpg
41971,Girls,Apparel,Topwear,Blue,Summer,2012.0,Casual,Gini and Jony Girls Summer Up Blue Top,41971.jpg
13471,Women,Apparel,Topwear,Blue,Summer,2011.0,Casual,United Colors of Benetton Women Solid Blue Tunic,13471.jpg
27899,Women,Apparel,Topwear,Purple,Summer,2012.0,Casual,Scullers For Her Women Purple Top,27899.jpg
26914,Women,Apparel,Topwear,Pink,Summer,2012.0,Casual,Jealous 21 Women Printed Pink Top,26914.jpg
25891,Women,Apparel,Topwear,Beige,Summer,2012.0,Casual,Femella Women Beige Top,25891.jpg
24976,Women,Apparel,Topwear,Peach,Summer,2012.0,Casual,United Colors of Benetton Women Peach Top,24976.jpg
26905,Women,Apparel,Topwear,Off White,Summer,2012.0,Casual,Jealous 21 Women Off White Top,26905.jpg
9334,Women,Apparel,Topwear,Black,Fall,2011.0,Casual,Puma Women Heroes Graphic Black Tops,9334.jpg
6597,Women,Apparel,Topwear,Green,Summer,2011.0,Casual,Spykar Women's Round Neck Green Top,6597.jpg
33153,Girls,Apparel,Topwear,White,Summer,2012.0,Casual,Gini and Jony Girls Printed White Top,33153.jpg
50708,Women,Apparel,Topwear,Yellow,Summer,2012.0,Casual,Latin Quarters Women Yellow Striped Top,50708.jpg
1978,Women,Apparel,Topwear,Yellow,Fall,2010.0,Casual,Puma Women Yellow Sleeveless Top,1978.jpg
48516,Women,Apparel,Topwear,Pink,Summer,2012.0,Casual,French Connection Women Pink Top,48516.jpg
11364,Women,Apparel,Topwear,Magenta,Fall,2011.0,Casual,United Colors of Benetton Women Magenta Top,11364.jpg
40376,Women,Apparel,Topwear,Yellow,Summer,2012.0,Casual,Tokyo Talkies Women Yellow Top,40376.jpg
2591,Women,Apparel,Topwear,Black,Summer,2011.0,Casual,Tribord Women Tankini Black Top,2591.jpg
45955,Women,Apparel,Topwear,Blue,Summer,2012.0,Casual,Tokyo Talkies Women Blue Top,45955.jpg
27851,Women,Apparel,Topwear,Orange,Summer,2012.0,Casual,Scullers For Her Orange Top,27851.jpg
2938,Women,Apparel,Topwear,Multi,Fall,2010.0,Casual,DUSG Women Crane Bamboo Top,2938.jpg
52118,Women,Apparel,Topwear,White,Summer,2012.0,Casual,Myntra Women Multi Coloured Printed Top,52118.jpg
48513,Women,Apparel,Topwear,Black,Summer,2012.0,Casual,French Connection Women Black Top,48513.jpg
42221,Women,Apparel,Topwear,Blue,Summer,2012.0,Casual,Sepia Women Blue Top,42221.jpg
11369,Women,Apparel,Topwear,Pink,Fall,2011.0,Casual,United Colors Of Benetton Women Light Winter Pink Tops,11369.jpg
48503,Women,Apparel,Topwear,Cream,Summer,2012.0,Casual,French Connection Women Cream Top,48503.jpg
26876,Women,Apparel,Topwear,White,Summer,2012.0,Casual,Jealous 21 Women White Top,26876.jpg
32596,Women,Apparel,Topwear,Peach,Summer,2012.0,Casual,ONLY Women Peach Long Tank Top,32596.jpg
36731,Girls,Apparel,Topwear,Pink,Summer,2012.0,Casual,Gini and Jony Girls Striped Pink Top,36731.jpg
10506,Women,Apparel,Topwear,Red,Fall,2011.0,Casual,Flying Machine Women Fuschia Red Tshirts,10506.jpg
33152,Girls,Apparel,Topwear,Green,Summer,2012.0,Casual,Gini and Jony Girls Printed Green Top,33152.jpg
45972,Women,Apparel,Topwear,Red,Summer,2012.0,Casual,Tokyo Talkies Women Red Printed Top,45972.jpg
7146,Women,Apparel,Topwear,Red,Fall,2011.0,Casual,Scullers For Her Women's Wow Knit Red Top,7146.jpg
45781,Women,Apparel,Topwear,Black,Summer,2012.0,Casual,Remanika Women Black and White Top,45781.jpg
8461,Women,Apparel,Topwear,Pink,Fall,2011.0,Casual,Jealous 21 Women Jealous Caley Pink Top Pink Tops,8461.jpg
10403,Women,Apparel,Topwear,Purple,Fall,2011.0,Casual,Jealous 21 Women Uri Purple Tops,10403.jpg
48510,Women,Apparel,Topwear,Beige,Summer,2012.0,Casual,French Connection Women Beige & Blue Striped Top,48510.jpg
23624,Girls,Apparel,Topwear,White,Fall,2011.0,Casual,Doodle Kids Girls White I love Shopping Top,23624.jpg
41775,Women,Apparel,Topwear,Green,Summer,2012.0,Casual,Remanika Women Lime Green Top,41775.jpg
4911,Women,Apparel,Topwear,Pink,Summer,2011.0,Casual,Levis Kids Girl's Dionne Pink Kidswear,4911.jpg
7181,Women,Apparel,Topwear,White,Fall,2011.0,Casual,Jealous 21 Women Off White Flower Printed Top,7181.jpg
6609,Men,Apparel,Topwear,White,Summer,2011.0,Casual,Spykar Men's Stripes White Top,6609.jpg
20247,Women,Apparel,Topwear,Magenta,Summer,2012.0,Casual,Wrangler Women Striped Purple Top,20247.jpg
11435,Women,Apparel,Topwear,White,Fall,2011.0,Casual,United Colors of Benetton Women Light Winter White Tops,11435.jpg
31172,Girls,Apparel,Topwear,Peach,Summer,2012.0,Casual,Gini and Jony Girls Peach Top,31172.jpg
4908,Women,Apparel,Topwear,Red,Summer,2011.0,Casual,Levis Kids Girl's Darcy Red Teens Kidswear,4908.jpg
9333,Women,Apparel,Topwear,White,Fall,2011.0,Casual,Puma Women Edition White Tops,9333.jpg
5772,Women,Apparel,Topwear,Purple,Summer,2011.0,Casual,Jealous 21 Women's Purple Graphic Top,5772.jpg
34007,Girls,Apparel,Topwear,Pink,Summer,2012.0,Casual,Gini and Jony Girls Pink Top,34007.jpg
5777,Women,Apparel,Topwear,Blue,Summer,2011.0,Casual,Jealous 21 Women Blue Floral Top,5777.jpg
33541,Women,Apparel,Topwear,Navy Blue,Summer,2012.0,Casual,Wrangler Women Rosy Navy Blue Top,33541.jpg
2915,Women,Apparel,Topwear,White,Fall,2010.0,Casual,DUSG Women Bandhavgarh Organic Aqua Top,2915.jpg
16130,Women,Apparel,Topwear,Pink,Fall,2011.0,Casual,Tokyo Talkies Women Printed Pink Top,16130.jpg
57122,Women,Apparel,Topwear,White,Summer,2012.0,Casual,Elle Women White Tops,57122.jpg
40395,Women,Apparel,Topwear,White,Summer,2012.0,Casual,Tonga Women White & Grey Striped Top,40395.jpg
43536,Women,Apparel,Topwear,Peach,Summer,2012.0,Casual,French Connection Women Peach Top,43536.jpg
7427,Women,Apparel,Topwear,Black,Summer,2011.0,Casual,W Women's Deep U Neck Short Sleeve Black Top,7427.jpg
40403,Women,Apparel,Topwear,Beige,Summer,2012.0,Casual,Tonga Women Beige & Brown Top,40403.jpg
21168,Women,Apparel,Topwear,Blue,Fall,2011.0,Casual,s.Oliver Women Check Blue Top,21168.jpg
19575,Women,Apparel,Topwear,Black,Summer,2011.0,Casual,United Colors of Benetton Women Solid Black Top,19575.jpg
5780,Women,Apparel,Topwear,Purple,Summer,2011.0,Casual,Jealous 21 Women. Graphic Purple Top,5780.jpg
11442,Women,Apparel,Topwear,Purple,Fall,2011.0,Casual,United Colors of Benetton Women Light Winter Purple Tops,11442.jpg
39222,Women,Apparel,Topwear,Black,Summer,2012.0,Casual,Femella Women Front Ruffle Black Top,39222.jpg
59796,Women,Apparel,Topwear,Blue,Fall,2012.0,Casual,United Colors of Benetton Women Multi Coloured Top,59796.jpg
43619,Women,Apparel,Topwear,Yellow,Summer,2012.0,Casual,Vero Moda Women Yellow Top,43619.jpg
3964,Women,Apparel,Topwear,Blue,Summer,2011.0,Casual,Jealous 21 Women Blue V Neck Party Top,3964.jpg
9996,Women,Apparel,Topwear,Blue,Summer,2011.0,Casual,Palm Tree Girls Sp Jelly Top Blue Tops,9996.jpg
42233,Women,Apparel,Topwear,Blue,Summer,2012.0,Casual,Sepia Women Blue Top,42233.jpg
43654,Women,Apparel,Topwear,Cream,Summer,2012.0,Casual,ONLY Women Cream Printed Top,43654.jpg
11381,Women,Apparel,Topwear,Multi,Fall,2011.0,Casual,United Colors of Benetton Women Multi Coloured Top,11381.jpg
12850,Women,Apparel,Topwear,Green,Fall,2011.0,Casual,Ant Kids Girl Cheerful Green Tops,12850.jpg
43661,Women,Apparel,Topwear,Brown,Summer,2012.0,Casual,ONLY Women Brown Top,43661.jpg
18722,Women,Apparel,Topwear,White,Fall,2011.0,Casual,Arrow Woman Squirella White Top,18722.jpg
45942,Women,Apparel,Topwear,Pink,Summer,2012.0,Casual,Mumbai Slang Women Pink Top,45942.jpg
26897,Women,Apparel,Topwear,White,Summer,2012.0,Casual,Jealous 21 Women White Top,26897.jpg
11355,Women,Apparel,Topwear,Black,Fall,2011.0,Casual,United Colors Of Benetton Women Light Winter Black Tops,11355.jpg
31123,Girls,Apparel,Topwear,White,Summer,2012.0,Casual,Gini and Jony Girls Printed White Top,31123.jpg
32401,Women,Apparel,Topwear,White,Summer,2012.0,Casual,Arrow Woman Printed Multi Coloured Top,32401.jpg
19608,Women,Apparel,Topwear,Olive,Summer,2011.0,Casual,United Colors of Benetton Women Solid Olive Top,19608.jpg
7207,Women,Apparel,Topwear,Pink,Fall,2011.0,Casual,Jealous 21 Women Black Flower Print Pink Top,7207.jpg
34580,Women,Apparel,Topwear,Black,Summer,2012.0,Casual,Tonga Women Black Top,34580.jpg
2703,Girls,Apparel,Topwear,Pink,Summer,2011.0,Casual,Disney Kids Girl's Check Pink Kidswear,2703.jpg
43700,Women,Apparel,Topwear,Green,Summer,2012.0,Casual,Remanika Women Green Top,43700.jpg
5414,Girls,Apparel,Topwear,Purple,Summer,2011.0,Casual,Ant Kids Girl's Purple Top With Sequins Kidswear,5414.jpg
54084,Women,Apparel,Topwear,Blue,Summer,2012.0,Casual,Mumbai Slang Women Blue Top,54084.jpg
18716,Women,Apparel,Topwear,Black,Fall,2011.0,Casual,Arrow Woman Shanna Black Top,18716.jpg
5171,Women,Apparel,Topwear,Red,Summer,2011.0,Casual,Wrangler Women's Short Placket Red Tops,5171.jpg
25691,Women,Apparel,Topwear,Navy Blue,Summer,2012.0,Casual,Mumbai Slang Women Printed Navy Blue Top,25691.jpg
26902,Women,Apparel,Topwear,Lavender,Summer,2012.0,Casual,Jealous 21 Women Printed Lavender Top,26902.jpg
5765,Women,Apparel,Topwear,Black,Summer,2011.0,Casual,Jealous 21 Women Black Sleevless Top,5765.jpg
19674,Women,Apparel,Topwear,Black,Summer,2011.0,Casual,United Colors of Benetton Women Printed Black Top,19674.jpg
38290,Girls,Apparel,Topwear,Turquoise Blue,Summer,2012.0,Casual,Kids Ville Girls Turquoise Blue Top,38290.jpg
54991,Women,Apparel,Topwear,Peach,Fall,2012.0,Casual,Femella Women Peach Kaftan Top,54991.jpg
51460,Women,Apparel,Topwear,White,Summer,2012.0,Casual,Tonga Women White & Black Top,51460.jpg
54089,Women,Apparel,Topwear,Purple,Summer,2012.0,Casual,Mumbai Slang Women Purple Top,54089.jpg
43923,Women,Apparel,Topwear,Blue,Summer,2012.0,Casual,Femella Women Blue Top,43923.jpg
19635,Women,Apparel,Topwear,Brown,Fall,2011.0,Casual,United Colors Of Benetton Women Brown Top,19635.jpg
42565,Women,Apparel,Topwear,Green,Summer,2012.0,Casual,Mother Earth Women Green Top,42565.jpg
7310,Women,Apparel,Topwear,Pink,Summer,2011.0,Casual,UCB Women's Short Sleeve Round Neck Pink Top,7310.jpg
5869,Women,Apparel,Topwear,Yellow,Summer,2011.0,Casual,ADIDAS Women's Clean Yellow Top,5869.jpg
33218,Women,Apparel,Topwear,Multi,Summer,2012.0,Casual,Sepia Women Printed Multi Coloured Top,33218.jpg
45970,Women,Apparel,Topwear,Grey Melange,Summer,2012.0,Casual,Tokyo Talkies Women Grey Melange Printed Top,45970.jpg
10354,Women,Apparel,Topwear,Blue,Fall,2011.0,Casual,United Colors of Benetton Women Checks Blue Tops,10354.jpg
40941,Girls,Apparel,Topwear,Pink,Summer,2012.0,Casual,Gini and Jony Girls Pretty Pink Top,40941.jpg
11258,Women,Apparel,Topwear,Black,Fall,2011.0,Sports,Puma Women Black Essential Racerback Tank Top,11258.jpg
44814,Women,Apparel,Topwear,Maroon,Summer,2012.0,Casual,Spykar Women Maroon Top,44814.jpg
26872,Women,Apparel,Topwear,White,Summer,2012.0,Casual,Jealous 21 Women White Top,26872.jpg
2728,Girls,Apparel,Topwear,Pink,Summer,2011.0,Casual,Disney Kids Girl's Pink & White Pooh Kidswear,2728.jpg
7019,Women,Apparel,Topwear,White,Summer,2011.0,Casual,s.Oliver Women's White Blouse Top,7019.jpg
13521,Women,Apparel,Topwear,Grey,Fall,2011.0,Casual,Jealous 21 Women Solid Grey Tops,13521.jpg
11017,Women,Apparel,Topwear,Blue,Fall,2011.0,Casual,Wrangler Women Floral Print Blue Top,11017.jpg
8445,Women,Apparel,Topwear,Blue,Fall,2011.0,Casual,Jealous 21 Women Jealous Edana Teal Top Blue Tops,8445.jpg
20119,Women,Apparel,Topwear,Blue,Fall,2011.0,Casual,Wrangler Women Lace Blue Top,20119.jpg
34012,Girls,Apparel,Topwear,White,Summer,2012.0,Casual,Palm Tree Girls Printed White Top,34012.jpg
37159,Women,Apparel,Topwear,Orange,Summer,2012.0,Casual,United Colors of Benetton Women Orange Top,37159.jpg
45963,Women,Apparel,Topwear,Pink,Summer,2012.0,Casual,Tokyo Talkies Women Light Pink Printed Top,45963.jpg
3950,Women,Apparel,Topwear,Navy Blue,Summer,2011.0,Casual,Jealous 21 Women Navy Black Top,3950.jpg
27262,Women,Apparel,Topwear,Olive,Summer,2012.0,Casual,Arrow Woman Striped Olive Top,27262.jpg
4897,Women,Apparel,Topwear,Yellow,Summer,2011.0,Casual,Levis Kids Girl's Diane Yellow Kidswear,4897.jpg
44684,Women,Apparel,Topwear,Multi,Summer,2012.0,Casual,Wills Lifestyle Women Multi Coloured Top,44684.jpg
38327,Girls,Apparel,Topwear,Blue,Summer,2012.0,Casual,Hannah Montana Girls Blue Top,38327.jpg
24547,Women,Apparel,Topwear,Blue,Fall,2011.0,Ethnic,Mother Earth Women Blue Top,24547.jpg
42237,Women,Apparel,Topwear,Teal,Summer,2012.0,Casual,Sepia Women Teal Tops,42237.jpg
5757,Women,Apparel,Topwear,Blue,Summer,2011.0,Casual,Jealous 21 Women V Neck Blue Party Top,5757.jpg
42207,Women,Apparel,Topwear,White,Summer,2012.0,Casual,Sepia Women White Printed Top,42207.jpg
4919,Women,Apparel,Topwear,Pink,Summer,2011.0,Casual,Gini and Jony Girl's Veeya Pink Kidswear,4919.jpg
4896,Women,Apparel,Topwear,Yellow,Summer,2011.0,Casual,Levis Kids Girl's Diane Yellow Teens Kidswear,4896.jpg
19652,Women,Apparel,Topwear,White,Fall,2011.0,Casual,United Colors of Benetton Women White Printed Top,19652.jpg
41098,Women,Apparel,Topwear,Cream,Summer,2012.0,Casual,Allen Solly Woman Cream Top,41098.jpg
42244,Women,Apparel,Topwear,Grey,Summer,2012.0,Casual,Sepia Women Grey Top,42244.jpg
8447,Women,Apparel,Topwear,Navy Blue,Fall,2011.0,Casual,Jealous 21 Women Jealous Palila Purple Top Purple Tops,8447.jpg
41299,Girls,Apparel,Topwear,Pink,Summer,2012.0,Casual,Gini and Jony Girls Pink Top,41299.jpg
41387,Women,Apparel,Topwear,Yellow,Summer,2012.0,Casual,Wrangler Women Donna Yellow Top,41387.jpg
43651,Women,Apparel,Topwear,White,Summer,2012.0,Casual,ONLY Women White Top,43651.jpg
57105,Women,Apparel,Topwear,Pink,Summer,2012.0,Casual,Elle Pink Essentials Top,57105.jpg
54988,Women,Apparel,Topwear,Pink,Fall,2012.0,Casual,Femella Women Pink Top,54988.jpg
25525,Women,Apparel,Topwear,Blue,Summer,2012.0,Casual,Wrangler Women Poppins Blue Top,25525.jpg
19592,Women,Apparel,Topwear,Pink,Fall,2011.0,Casual,United Colors of Benetton Women Printed Pink Top,19592.jpg
41777,Women,Apparel,Topwear,Pink,Summer,2012.0,Casual,Remanika Women Pink Top,41777.jpg
19604,Women,Apparel,Topwear,White,Summer,2011.0,Casual,United Colors of Benetton Women Solid White Top,19604.jpg
40394,Women,Apparel,Topwear,Off White,Summer,2012.0,Casual,Tonga Women Pink Printed Top,40394.jpg
51446,Women,Apparel,Topwear,Cream,Summer,2012.0,Casual,Tonga Women Cream-Coloured Top,51446.jpg
34163,Girls,Apparel,Topwear,White,Summer,2012.0,Casual,Gini and Jony Girls White Top,34163.jpg
43539,Women,Apparel,Topwear,White,Summer,2012.0,Casual,French Connection Women Multicoloured Striped Top,43539.jpg
5000,Women,Apparel,Topwear,Green,Summer,2011.0,Casual,Gini and Jony Girl's Gloria Green Kidswear,5000.jpg
21166,Women,Apparel,Topwear,Black,Fall,2011.0,Casual,s.Oliver Women Solid Black Top,21166.jpg
43574,Girls,Apparel,Topwear,White,Summer,2012.0,Casual,Gini and Jony Girls Knits White Top,43574.jpg
24549,Women,Apparel,Topwear,Black,Fall,2011.0,Ethnic,Mother Earth Women Black Printed Top,24549.jpg
21148,Women,Apparel,Topwear,Grey,Fall,2011.0,Casual,s.Oliver Women Grey Top,21148.jpg
59884,Women,Apparel,Topwear,Pink,Fall,2012.0,Casual,Femella Women Pink Tube Top,59884.jpg
8438,Women,Apparel,Topwear,Yellow,Fall,2011.0,Casual,Jealous 21 Women Jealous Mabon Yellow Top Yellow Tops,8438.jpg
7307,Women,Apparel,Topwear,White,Summer,2011.0,Casual,UCB Women Sleeveless White Top,7307.jpg
9154,Women,Apparel,Topwear,Grey,Fall,2011.0,Casual,Jealous 21 Women Checks Grey Tops,9154.jpg
24941,Girls,Apparel,Topwear,Pink,Summer,2012.0,Casual,United Colors of Benetton Kids Girls Pink Top,24941.jpg
31293,Women,Apparel,Topwear,Green,Summer,2012.0,Casual,Puma Women Script Green Top,31293.jpg
45941,Women,Apparel,Topwear,Black,Summer,2012.0,Casual,Mumbai Slang Women Black Top,45941.jpg
33995,Women,Apparel,Topwear,Black,Summer,2012.0,Casual,Femella Women Black Top,33995.jpg
4623,Women,Apparel,Topwear,Blue,Summer,2011.0,Casual,Jealous 21 Women Knit Teal Blue Top,4623.jpg
19681,Women,Apparel,Topwear,Olive,Summer,2011.0,Casual,United Colors of Benetton Women Solid Olive Top,19681.jpg
40935,Girls,Apparel,Topwear,White,Summer,2012.0,Casual,Gini and Jony Girls Core White Top,40935.jpg
33752,Women,Apparel,Topwear,White,Summer,2012.0,Casual,Vero Moda Women White & Pink Top,33752.jpg
37158,Women,Apparel,Topwear,Blue,Summer,2012.0,Casual,United Colors of Benetton Women Blue Top,37158.jpg
40407,Women,Apparel,Topwear,Black,Summer,2012.0,Casual,Tonga Women Black Top,40407.jpg
33171,Women,Apparel,Topwear,Purple,Summer,2012.0,Casual,Sepia Women Purple Top,33171.jpg
24988,Women,Apparel,Topwear,Pink,Summer,2012.0,Casual,United Colors of Benetton Women Pink Top,24988.jpg
43322,Women,Apparel,Topwear,Navy Blue,Summer,2012.0,Casual,United Colors of Benetton Women Navy Blue Top,43322.jpg
58738,Women,Apparel,Topwear,Pink,Winter,2013.0,Casual,PUMA Women Pink Top,58738.jpg
11365,Women,Apparel,Topwear,Black,Fall,2011.0,Casual,United Colors Of Benetton Women Light Winter Black Tops,11365.jpg
13294,Women,Apparel,Topwear,Pink,Fall,2011.0,Casual,Gini and Jony Women Printed Pink Tops,13294.jpg
20132,Women,Apparel,Topwear,Green,Fall,2011.0,Casual,Wrangler Women Ribbed Green Top,20132.jpg
42230,Women,Apparel,Topwear,Blue,Summer,2012.0,Casual,Sepia Women Blue Top,42230.jpg
41790,Women,Apparel,Topwear,Magenta,Summer,2012.0,Casual,Remanika Women Magenta Top,41790.jpg
51456,Women,Apparel,Topwear,Pink,Summer,2012.0,Casual,Tonga Women Pink & White Top,51456.jpg
24855,Women,Apparel,Topwear,Red,Fall,2011.0,Ethnic,Mother Earth Women Printed Red Top,24855.jpg
38850,Women,Apparel,Topwear,Pink,Fall,2012.0,Casual,Latin Quarters Women Pink Top,38850.jpg
6888,Women,Apparel,Topwear,Cream,Summer,2011.0,Casual,Forever New Women's Cream Floral Print Top,6888.jpg
33740,Women,Apparel,Topwear,Green,Summer,2012.0,Casual,Vero Moda Women Bale Green Top,33740.jpg
34589,Women,Apparel,Topwear,Magenta,Summer,2012.0,Casual,Tonga Women Printed Magenta Top,34589.jpg
19609,Women,Apparel,Topwear,Purple,Summer,2011.0,Casual,United Colors of Benetton Women Purple Top,19609.jpg
38329,Girls,Apparel,Topwear,Off White,Summer,2012.0,Casual,Hannah Montana Girls Off White Tops,38329.jpg
52096,Women,Apparel,Topwear,Orange,Summer,2012.0,Casual,Myntra Women Orange Top,52096.jpg
24534,Women,Apparel,Topwear,Brown,Fall,2011.0,Ethnic,Mother Earth Women Brown Printed Top,24534.jpg
58517,Women,Apparel,Topwear,Pink,Summer,2012.0,Casual,Tonga Women Pink Top,58517.jpg
33744,Women,Apparel,Topwear,Black,Summer,2012.0,Casual,Vero Moda Prim Women Top,33744.jpg
45943,Women,Apparel,Topwear,Green,Summer,2012.0,Casual,Mumbai Slang Women Green Top,45943.jpg
3949,Women,Apparel,Topwear,White,Summer,2011.0,Casual,Jealous 21 Women White Flower Top Purple Stripes Top,3949.jpg
26889,Women,Apparel,Topwear,Lavender,Summer,2012.0,Casual,Jealous 21 Women Printed Lavender Top,26889.jpg
21131,Women,Apparel,Topwear,White,Fall,2011.0,Casual,s.Oliver Women Solid White Top,21131.jpg
11761,Women,Apparel,Topwear,Green,Summer,2011.0,Casual,Lee Women Solid Green Tshirts,11761.jpg
21171,Women,Apparel,Topwear,Black,Fall,2011.0,Casual,s.Oliver Women Solid Black Top,21171.jpg
25705,Women,Apparel,Topwear,Grey,Summer,2012.0,Casual,Mumbai Slang Women Printed Grey Top,25705.jpg
41405,Women,Apparel,Topwear,Green,Summer,2012.0,Casual,Wrangler Women Green Top,41405.jpg
38864,Women,Apparel,Topwear,Purple,Summer,2012.0,Casual,Latin Quarters Women Purple & White Top,38864.jpg
41791,Women,Apparel,Topwear,Black,Summer,2012.0,Casual,Remanika Women Black Top,41791.jpg
40415,Women,Apparel,Topwear,Peach,Summer,2012.0,Casual,Tonga Women Coral Top,40415.jpg
7426,Women,Apparel,Topwear,Purple,Summer,2011.0,Casual,W Women Mandarin Neck Sleeveless Purple Top,7426.jpg
8458,Women,Apparel,Topwear,Pink,Fall,2011.0,Casual,Jealous 21 Women  Printed Pink Top,8458.jpg
48100,Women,Apparel,Topwear,Rust,Summer,2012.0,Casual,French Connection Women Rust Top,48100.jpg
8475,Women,Apparel,Topwear,Purple,Fall,2011.0,Casual,Scullers For Her Women Check Purple Top,8475.jpg
3971,Women,Apparel,Topwear,Purple,Summer,2011.0,Casual,Jealous 21 Women Purple Basic Top,3971.jpg
14120,Women,Apparel,Topwear,Grey,Fall,2011.0,Casual,Flying Machine Women Solid Grey Tops,14120.jpg
26904,Women,Apparel,Topwear,Lavender,Summer,2012.0,Casual,Jealous 21 Women Lavender Top,26904.jpg
13270,Women,Apparel,Topwear,White,Fall,2011.0,Casual,Palm Tree Kids Girls Printed White Tops,13270.jpg
2700,Girls,Apparel,Topwear,White,Summer,2011.0,Casual,Disney Kids Girl's White Kidswear,2700.jpg
34593,Women,Apparel,Topwear,Pink,Summer,2012.0,Casual,Tonga Women Pink Printed Top,34593.jpg
38866,Women,Apparel,Topwear,Orange,Summer,2012.0,Casual,Latin Quarters Women Orange Top,38866.jpg
40943,Girls,Apparel,Topwear,Pink,Summer,2012.0,Casual,Gini and Jony Girls Kitch Bright Pink Top,40943.jpg
56651,Women,Apparel,Topwear,Beige,Summer,2012.0,Casual,Mumbai Slang Women Beige Top,56651.jpg
32389,Women,Apparel,Topwear,Blue,Summer,2012.0,Formal,Arrow Woman Striped Blue Top,32389.jpg
5763,Women,Apparel,Topwear,Brown,Summer,2011.0,Casual,Jealous 21 Women Brown Sequined Top,5763.jpg
52095,Women,Apparel,Topwear,Grey Melange,Summer,2012.0,Casual,Myntra Women Grey Melange Top,52095.jpg
2715,Girls,Apparel,Topwear,Orange,Summer,2011.0,Casual,Disney Kids Girl's Minnie Orange Stripped Kidswear,2715.jpg
4927,Women,Apparel,Topwear,Green,Summer,2011.0,Casual,Gini and Jony Girl's Venice Green Blue Kidswear,4927.jpg
32574,Women,Apparel,Topwear,Black,Summer,2012.0,Casual,Only Women Katie Black Top,32574.jpg
32579,Women,Apparel,Topwear,Turquoise Blue,Summer,2012.0,Casual,ONLY Women Turquoise Chiffon Top,32579.jpg
19587,Women,Apparel,Topwear,White,Summer,2011.0,Casual,United Colors of Benetton Women White Printed Top,19587.jpg
27852,Women,Apparel,Topwear,Navy Blue,Summer,2012.0,Casual,Scullers For Her Navy Blue Top,27852.jpg
38289,Girls,Apparel,Topwear,Pink,Summer,2012.0,Casual,Kids Ville Girls Pink Printed Top,38289.jpg
52157,Women,Apparel,Topwear,Pink,Summer,2012.0,Casual,Femella Women Pink Summer Cape Top,52157.jpg
5805,Women,Apparel,Topwear,Purple,Summer,2011.0,Casual,ADIDAS Women's Tag Tank Purple Tops,5805.jpg
19602,Women,Apparel,Topwear,Grey,Fall,2011.0,Casual,United Colors of Benetton Women Printed Grey Top,19602.jpg
7201,Women,Apparel,Topwear,Pink,Fall,2011.0,Casual,Jealous 21 Women White Pink Lady With The Hat Top,7201.jpg
10514,Women,Apparel,Topwear,Pink,Fall,2011.0,Casual,Flying Machine Women RN SL Pink Tshirts,10514.jpg
23210,Women,Apparel,Topwear,Brown,Fall,2011.0,Ethnic,Aneri Women Sequin Brown Top,23210.jpg
24923,Women,Apparel,Topwear,Pink,Summer,2012.0,Casual,United Colors of Benetton Women Pink Top,24923.jpg
51463,Women,Apparel,Topwear,Black,Summer,2012.0,Casual,Tonga Women Black Top,51463.jpg
35446,Girls,Apparel,Topwear,Peach,Summer,2012.0,Casual,Doodle Girls Printed Peach Top,35446.jpg
6598,Women,Apparel,Topwear,Blue,Summer,2011.0,Casual,Spykar Women Round Neck Blue Top,6598.jpg
11012,Women,Apparel,Topwear,Multi,Fall,2011.0,Casual,Wrangler Women Frill Check Multi Tops,11012.jpg
39718,Women,Apparel,Topwear,Beige,Summer,2012.0,Casual,Arrow Woman Beige Top,39718.jpg
4917,Women,Apparel,Topwear,Pink,Summer,2011.0,Casual,Gini and Jony Girl's Vollie Pink Kidswear,4917.jpg
43641,Women,Apparel,Topwear,Black,Summer,2012.0,Casual,Vero Moda Women Black Top,43641.jpg
58496,Women,Apparel,Topwear,Lavender,Summer,2012.0,Casual,Tonga Women Lavender Top,58496.jpg
13960,Women,Apparel,Topwear,Grey,Fall,2011.0,Casual,Jealous 21 Women Stripes Grey Tops,13960.jpg
18899,Women,Apparel,Topwear,Maroon,Fall,2011.0,Casual,Arrow Woman Igor Maroon Top,18899.jpg
11481,Women,Apparel,Topwear,Green,Fall,2011.0,Casual,United Colors of Benetton Women Light Winter Green Tops,11481.jpg
11379,Women,Apparel,Topwear,Blue,Fall,2011.0,Casual,United Colors Of Benetton Women Winter Blue Top,11379.jpg
10674,Women,Apparel,Topwear,White,Fall,2011.0,Casual,Doodle Girl Princess White Tops,10674.jpg
20011,Women,Apparel,Topwear,Red,Summer,2011.0,Casual,United Colors of Benetton Women Red Striped Top,20011.jpg
25698,Women,Apparel,Topwear,Brown,Summer,2012.0,Casual,Mumbai Slang Women Printed Brown Top,25698.jpg
57169,Women,Apparel,Topwear,Red,Summer,2012.0,Casual,Elle Women Red Folklore Top,57169.jpg
12494,Women,Apparel,Topwear,Grey,Fall,2011.0,Casual,United Colors of Benetton Women Short Grey Tops,12494.jpg
15108,Women,Apparel,Topwear,Maroon,Fall,2011.0,Ethnic,Mother Earth Women Stripes Maroon Tops,15108.jpg
42200,Women,Apparel,Topwear,Yellow,Summer,2012.0,Casual,Sepia Women Yellow Top,42200.jpg
49650,Women,Apparel,Topwear,Yellow,Summer,2012.0,Casual,Mineral Women Yellow Top,49650.jpg
24927,Women,Apparel,Topwear,Pink,Summer,2012.0,Casual,United Colors of Benetton Women Light Pink Top,24927.jpg
26361,Women,Apparel,Topwear,Blue,Summer,2012.0,Casual,Arrow Woman Blue Top,26361.jpg
48104,Women,Apparel,Topwear,White,Summer,2012.0,Casual,French Connection Women White Top,48104.jpg
18719,Women,Apparel,Topwear,Grey,Fall,2011.0,Casual,Arrow Women Zebra Grey Top,18719.jpg
8450,Women,Apparel,Topwear,Peach,Fall,2011.0,Casual,Jealous 21 Women Jealous Paris Black Top Black Tops,8450.jpg
49657,Women,Apparel,Topwear,Brown,Summer,2012.0,Casual,Mineral Women Brown Top,49657.jpg
43691,Girls,Apparel,Topwear,Yellow,Summer,2012.0,Casual,Doodle Girls Printed Yellow Top,43691.jpg
41764,Women,Apparel,Topwear,Red,Summer,2012.0,Casual,Remanika Women Red Top,41764.jpg
21115,Women,Apparel,Topwear,Lavender,Fall,2011.0,Casual,s.Oliver Women Solid Lavender Top,21115.jpg
40387,Women,Apparel,Topwear,Orange,Summer,2012.0,Casual,Tokyo Talkies Women Orange Top,40387.jpg
11471,Women,Apparel,Topwear,Brown,Fall,2011.0,Casual,United Colors of Benetton Women Light Winter Brown Tops,11471.jpg
24922,Women,Apparel,Topwear,White,Summer,2012.0,Casual,United Colors of Benetton Women White Top,24922.jpg
57124,Women,Apparel,Topwear,Black,Summer,2012.0,Casual,Elle Women Black Top,57124.jpg
30930,Women,Apparel,Topwear,Beige,Summer,2012.0,Ethnic,Fabindia Women Printed Beige & Blue Top,30930.jpg
2716,Girls,Apparel,Topwear,Red,Summer,2011.0,Casual,Disney Kids Girl's Minnie Red Stripped Kidswear,2716.jpg
32399,Women,Apparel,Topwear,White,Summer,2012.0,Casual,Arrow Woman Printed White & Green Top,32399.jpg
48506,Women,Apparel,Topwear,White,Summer,2012.0,Casual,French Connection Women White Top,48506.jpg
8466,Women,Apparel,Topwear,Blue,Fall,2011.0,Casual,Scullers For Her Women Light Work Blue Tops,8466.jpg
15649,Women,Apparel,Topwear,Grey,Fall,2011.0,Sports,Nike Women Trainng Grey Tops,15649.jpg
9340,Women,Apparel,Topwear,Black,Fall,2011.0,Casual,Puma Women blink blink Black Tops,9340.jpg
34161,Girls,Apparel,Topwear,Black,Summer,2012.0,Casual,Gini and Jony Girls Black Top,34161.jpg
18752,Women,Apparel,Topwear,Brown,Fall,2011.0,Casual,Arrow Woman Kiki Brown Top,18752.jpg
31791,Women,Apparel,Topwear,Grey,Summer,2012.0,Casual,Lee Women Delna Grey Top,31791.jpg
8456,Women,Apparel,Topwear,Green,Fall,2011.0,Casual,Jealous 21 Women Jealous Rae Green Top Green Tops,8456.jpg
4912,Women,Apparel,Topwear,Pink,Summer,2011.0,Casual,Levis Kids Girls Diane Pink Top,4912.jpg
11036,Women,Apparel,Topwear,Black,Fall,2011.0,Casual,Jealous 21 Women Solid Black Tops,11036.jpg
39852,Girls,Apparel,Topwear,Blue,Summer,2012.0,Casual,Gini and Jony Girls Printed Blue Top,39852.jpg
19663,Women,Apparel,Topwear,White,Summer,2011.0,Casual,United Colors of Benetton Women White Top,19663.jpg
11026,Women,Apparel,Topwear,Navy Blue,Fall,2011.0,Casual,Wrangler Women Navy Blue Top,11026.jpg
26912,Women,Apparel,Topwear,Magenta,Summer,2012.0,Casual,Jealous 21 Women Magenta Printed Top,26912.jpg
3959,Women,Apparel,Topwear,Black,Summer,2011.0,Casual,Jealous 21 Women Black Tube Top,3959.jpg
42418,Girls,Apparel,Topwear,White,Summer,2012.0,Casual,Gini and Jony Girls Woven White Top,42418.jpg
27261,Women,Apparel,Topwear,Yellow,Summer,2012.0,Casual,Arrow Woman Yellow Top,27261.jpg
33170,Women,Apparel,Topwear,Blue,Summer,2012.0,Casual,Sepia Women Oxygen Blue Top,33170.jpg
34575,Women,Apparel,Topwear,Cream,Summer,2012.0,Casual,Tonga Women Cream-Coloured Top,34575.jpg
7195,Women,Apparel,Topwear,White,Fall,2011.0,Casual,Jealous 21 Women Knit Butterfly Print White Top,7195.jpg
9106,Women,Apparel,Topwear,Black,Fall,2011.0,Casual,Forever New Women Brown Top,9106.jpg
57114,Women,Apparel,Topwear,Lavender,Summer,2012.0,Casual,Elle Women  Lavender Top,57114.jpg
43635,Women,Apparel,Topwear,Red,Summer,2012.0,Casual,Vero Moda Women Coral Coloured Top,43635.jpg
21424,Women,Apparel,Topwear,White,Winter,2012.0,Casual,Roxy Women White Top,21424.jpg
19621,Women,Apparel,Topwear,Purple,Summer,2011.0,Casual,United Colors of Benetton Women Purple Top,19621.jpg
19637,Women,Apparel,Topwear,Grey,Summer,2011.0,Casual,United Colors of Benetton Women Solid Grey Top,19637.jpg
16139,Women,Apparel,Topwear,White,Fall,2011.0,Casual,Tokyo Talkies Women Printed White Top,16139.jpg
39841,Girls,Apparel,Topwear,Pink,Summer,2012.0,Casual,Gini and Jony Girls Striped Pink Top,39841.jpg
8436,Women,Apparel,Topwear,Pink,Fall,2011.0,Casual,Jealous 21 Women Jealous Gaius Pink Top Pink Tops,8436.jpg
22453,Women,Apparel,Topwear,Black,Fall,2011.0,Ethnic,Global Desi Women Solid Black Top,22453.jpg
13444,Women,Apparel,Topwear,Yellow,Summer,2011.0,Casual,United Colors of Benetton Women Printed Yellow Tops,13444.jpg
19924,Women,Apparel,Topwear,Brown,Summer,2012.0,Casual,Wrangler Women Printed Brown Top,19924.jpg
29150,Girls,Apparel,Topwear,Off White,Summer,2012.0,Casual,United Colors of Benetton Girls Printed Off White Top,29150.jpg
18714,Women,Apparel,Topwear,Magenta,Fall,2011.0,Casual,Arrow Woman Issey Magenta Top,18714.jpg
42566,Women,Apparel,Topwear,Beige,Summer,2012.0,Casual,Mother Earth Women Beige Top,42566.jpg
18737,Women,Apparel,Topwear,Purple,Fall,2011.0,Casual,Arrow Woman Yuli Purple Top,18737.jpg
36728,Girls,Apparel,Topwear,Peach,Summer,2012.0,Casual,Gini and Jony Girls Printed Peach Top,36728.jpg
10685,Women,Apparel,Topwear,White,Fall,2011.0,Casual,Doodle Girl Little Princess White Tops,10685.jpg
30954,Women,Apparel,Topwear,Beige,Summer,2012.0,Casual,Fabindia Women Beige Top,30954.jpg
7202,Women,Apparel,Topwear,Blue,Fall,2011.0,Casual,Jealous 21 Women Band With Blue Top,7202.jpg
26907,Women,Apparel,Topwear,White,Summer,2012.0,Casual,Jealous 21 Women Printed White Top,26907.jpg
44647,Women,Apparel,Topwear,Navy Blue,Summer,2012.0,Casual,Arrow Woman Navy Blue Top,44647.jpg
25700,Women,Apparel,Topwear,Purple,Summer,2012.0,Casual,Mumbai Slang Women Printed Purple Top,25700.jpg
8491,Women,Apparel,Topwear,White,Fall,2011.0,Casual,Forever New Women Porcelain White Top,8491.jpg
8476,Women,Apparel,Topwear,Pink,Fall,2011.0,Casual,Scullers For Her Women Pink Check Top Pink Tops,8476.jpg
44804,Women,Apparel,Topwear,Black,Summer,2012.0,Casual,Spykar Women Black Top,44804.jpg
21169,Women,Apparel,Topwear,Blue,Fall,2011.0,Casual,s.Oliver Women Blue Printed Top,21169.jpg
33186,Women,Apparel,Topwear,Purple,Summer,2012.0,Casual,Sepia Women Purple Top,33186.jpg
19613,Women,Apparel,Topwear,Black,Summer,2011.0,Casual,United Colors of Benetton Women Solid Black Top,19613.jpg
34573,Women,Apparel,Topwear,White,Summer,2012.0,Casual,Tonga Women White Top,34573.jpg
9997,Women,Apparel,Topwear,Blue,Summer,2011.0,Casual,Palm Tree Girls Hs Livia Top Blue Tops,9997.jpg
19649,Women,Apparel,Topwear,Magenta,Fall,2011.0,Casual,United Colors of Benetton Women Solid Magenta Top,19649.jpg
40417,Women,Apparel,Topwear,Beige,Summer,2012.0,Casual,Tonga Women Beige & Purple Top,40417.jpg
6190,Women,Apparel,Topwear,Grey,Summer,2011.0,Casual,UCB Women Placket Stripe Grey Top,6190.jpg
5441,Girls,Apparel,Topwear,Purple,Summer,2011.0,Casual,Ant Kids Girl's Check Top Purple Kidswear,5441.jpg
2940,Women,Apparel,Topwear,Maroon,Fall,2010.0,Casual,DUSG Women Peacock Ladies Organic Cotton Top,2940.jpg
9153,Women,Apparel,Topwear,Purple,Fall,2011.0,Casual,Jealous 21 Women Jealous Purple Tops,9153.jpg
21167,Women,Apparel,Topwear,Black,Fall,2011.0,Casual,s.Oliver Women Solid Black Top,21167.jpg
2576,Women,Apparel,Topwear,Black,Summer,2011.0,Sports,Domyos Women Black Sports Top,2576.jpg
58516,Women,Apparel,Topwear,Grey,Summer,2012.0,Casual,Tonga Women Grey Top,58516.jpg
29154,Women,Apparel,Topwear,Blue,Summer,2012.0,Casual,United Colors of Benetton Women Blue Top,29154.jpg
57123,Women,Apparel,Topwear,Red,Summer,2012.0,Casual,Elle Women Red Top,57123.jpg
11472,Women,Apparel,Topwear,Blue,Fall,2011.0,Casual,United Colors of Benetton Women Blue Winter Printed Top,11472.jpg
41310,Girls,Apparel,Topwear,White,Summer,2012.0,Casual,Gini and Jony Girls Knits White Top,41310.jpg
44691,Women,Apparel,Topwear,Yellow,Summer,2012.0,Casual,Wills Lifestyle Women Yellow Top,44691.jpg
32592,Women,Apparel,Topwear,Pink,Summer,2012.0,Casual,ONLY Women Pink Top,32592.jpg
2744,Girls,Apparel,Topwear,Orange,Summer,2011.0,Casual,Disney Kids Girl's Orange Stripe Kidswear,2744.jpg
41771,Women,Apparel,Topwear,Green,Summer,2012.0,Casual,Remanika Women Striped Green Top,41771.jpg
6312,Women,Apparel,Topwear,White,Summer,2011.0,Casual,UCB Women's Basic Racerback White Top,6312.jpg
42226,Women,Apparel,Topwear,Blue,Summer,2012.0,Casual,Sepia Women Blue Tops,42226.jpg
27221,Women,Apparel,Topwear,Pink,Summer,2012.0,Casual,Doodle Kids Girl Striped Pink Top,27221.jpg
3957,Women,Apparel,Topwear,Yellow,Summer,2011.0,Casual,Jealous 21 Women Yellow Love Being Adored Top,3957.jpg
42561,Women,Apparel,Topwear,Brown,Fall,2012.0,Ethnic,Mother Earth Women Brown Top,42561.jpg
34164,Girls,Apparel,Topwear,Red,Summer,2012.0,Casual,Gini and Jony Girls Red Top,34164.jpg
43578,Girls,Apparel,Topwear,Peach,Summer,2012.0,Casual,Gini and Jony Girls Woven Peach Top,43578.jpg
24920,Women,Apparel,Topwear,Navy Blue,Summer,2012.0,Casual,United Colors of Benetton Women Navy Blue Top,24920.jpg
58004,Women,Apparel,Topwear,Pink,Fall,2012.0,Casual,Latin Quarters Women Pink & Black Top,58004.jpg
11429,Women,Apparel,Topwear,Black,Fall,2011.0,Casual,United Colors of Benetton Women Black Light Winter Top,11429.jpg
38818,Women,Apparel,Topwear,Orange,Fall,2012.0,Casual,Latin Quarters Women Orange Top,38818.jpg
41144,Women,Apparel,Topwear,Pink,Summer,2012.0,Casual,Allen Solly Woman Pink Top,41144.jpg
33210,Women,Apparel,Topwear,Navy Blue,Summer,2012.0,Casual,Sepia Women Striped Navy Blue Top,33210.jpg
18745,Women,Apparel,Topwear,Purple,Fall,2011.0,Casual,Arrow Woman Cola Purple Top,18745.jpg
34011,Girls,Apparel,Topwear,White,Summer,2012.0,Casual,Gini and Jony Girls Printed White Top,34011.jpg
40938,Girls,Apparel,Topwear,Magenta,Summer,2012.0,Casual,Gini and Jony Girls Nautical Blues Magenta Top,40938.jpg
21420,Women,Apparel,Topwear,Blue,Winter,2012.0,Casual,Roxy Women Blue Top,21420.jpg
5844,Women,Apparel,Topwear,Pink,Summer,2011.0,Casual,ADIDAS Women Woven Pink Top,5844.jpg
40674,Women,Apparel,Topwear,Blue,Summer,2012.0,Casual,Lee Women Blue Top,40674.jpg
3973,Women,Apparel,Topwear,Green,Summer,2011.0,Casual,Jealous 21 Women Green Tunic With Mirror Print Top,3973.jpg
43617,Women,Apparel,Topwear,Pink,Summer,2010.0,Casual,Vero Moda Women Pink Top,43617.jpg
42213,Women,Apparel,Topwear,Orange,Summer,2012.0,Casual,Sepia Women Orange Top,42213.jpg
52156,Women,Apparel,Topwear,Black,Summer,2012.0,Casual,Femella Women Black Summer Cape Top,52156.jpg
58012,Women,Apparel,Topwear,Green,Fall,2012.0,Casual,Latin Quarters Women Green Top,58012.jpg
12604,Women,Apparel,Topwear,Purple,Fall,2011.0,Casual,Jealous 21 Women Printed Purple Tops,12604.jpg
41309,Girls,Apparel,Topwear,Peach,Summer,2012.0,Casual,Gini and Jony Girls Woven Peach Top,41309.jpg
46276,Women,Apparel,Topwear,Cream,Summer,2012.0,Casual,109F Women Cream Printed Top,46276.jpg
12607,Women,Apparel,Topwear,Purple,Fall,2011.0,Casual,Jealous 21 Women Solid Purple Shrug,12607.jpg
5764,Women,Apparel,Topwear,Purple,Summer,2011.0,Casual,Jealous 21 Women's Purple Sleeveless Party Top,5764.jpg
34571,Women,Apparel,Topwear,Black,Summer,2012.0,Casual,Tonga Women Black Top,34571.jpg
34004,Girls,Apparel,Topwear,White,Summer,2012.0,Casual,Gini and Jony Girls White Top,34004.jpg
54087,Women,Apparel,Topwear,Blue,Fall,2012.0,Ethnic,Mumbai Slang Women Blue Top,54087.jpg
7422,Women,Apparel,Topwear,White,Summer,2011.0,Ethnic,W Women Mandarin Neck Full Sleeve White Top,7422.jpg
34108,Girls,Apparel,Topwear,Pink,Summer,2012.0,Casual,Doodle Girls Printed Orange Top,34108.jpg
48101,Women,Apparel,Topwear,Grey,Summer,2012.0,Casual,French Connection Women Grey Top,48101.jpg
27898,Women,Apparel,Topwear,Black,Summer,2012.0,Casual,Scullers For Her Women Black Top,27898.jpg
40406,Women,Apparel,Topwear,Black,Summer,2012.0,Casual,Tonga Women Black & Grey Top,40406.jpg
39836,Girls,Apparel,Topwear,Peach,Summer,2012.0,Casual,Gini and Jony Girls Printed Peach Top,39836.jpg
40388,Women,Apparel,Topwear,Red,Summer,2012.0,Casual,Tokyo Talkies Women Red Top,40388.jpg
27436,Women,Apparel,Topwear,Black,Winter,2017.0,Sports,Jockey Women Black Racer Back Top,27436.jpg
21863,Girls,Apparel,Topwear,Yellow,Fall,2011.0,Casual,Chhota Bheem Kids Girls Lets Catch Them Yellow Top,21863.jpg
21132,Women,Apparel,Topwear,Brown,Fall,2011.0,Casual,s.Oliver Women Printed Brown Top,21132.jpg
43517,Women,Apparel,Topwear,Orange,Summer,2012.0,Casual,French Connection Women Orange Top,43517.jpg
9802,Women,Apparel,Topwear,Navy Blue,Fall,2011.0,Casual,Scullers For Her Women Scullers Top Navy Blue Tops,9802.jpg
6552,Women,Apparel,Topwear,White,Summer,2011.0,Sports,Nike Women Aero White Top,6552.jpg
30953,Women,Apparel,Topwear,Turquoise Blue,Summer,2012.0,Ethnic,Fabindia Women Printed Turquoise Blue Top,30953.jpg
2741,Girls,Apparel,Topwear,Pink,Summer,2011.0,Casual,Disney Kids Girl's Pink Kidswear,2741.jpg
31173,Girls,Apparel,Topwear,White,Summer,2012.0,Casual,Gini and Jony Girls Printed White Top,31173.jpg
2982,Women,Apparel,Topwear,White,Fall,2011.0,Casual,Puma Women White Top,2982.jpg
33758,Women,Apparel,Topwear,Pink,Summer,2012.0,Casual,Vero Moda Women Polly Pink Top,33758.jpg
21418,Women,Apparel,Topwear,Pink,Winter,2012.0,Casual,Roxy Women Pink Top,21418.jpg
42223,Women,Apparel,Topwear,Blue,Summer,2012.0,Casual,Sepia Women Blue Striped Top,42223.jpg
4887,Women,Apparel,Topwear,Pink,Summer,2011.0,Casual,Levis Kids Girl's Dana Pink Kidswear,4887.jpg
11427,Women,Apparel,Topwear,Purple,Fall,2011.0,Casual,United Colors of Benetton Women Light Winter Purple Tops,11427.jpg
19666,Women,Apparel,Topwear,Grey,Summer,2011.0,Casual,United Colors of Benetton Women Solid Grey Top,19666.jpg
43699,Women,Apparel,Topwear,Blue,Summer,2012.0,Casual,Remanika Women Blue Top,43699.jpg
26975,Women,Apparel,Topwear,Black,Summer,2012.0,Casual,Jealous 21 Women Printed Black Top,26975.jpg
5846,Women,Apparel,Topwear,White,Summer,2011.0,Casual,ADIDAS Women Roller White Top,5846.jpg
44648,Women,Apparel,Topwear,Black,Summer,2012.0,Casual,Arrow Woman Black Top,44648.jpg
34159,Girls,Apparel,Topwear,White,Summer,2012.0,Casual,Gini and Jony Girls Printed White Top,34159.jpg
41799,Women,Apparel,Topwear,Yellow,Summer,2012.0,Casual,Remanika Women Yellow Top,41799.jpg
24944,Girls,Apparel,Topwear,Red,Summer,2012.0,Casual,United Colors of Benetton Kids Girls Red Top,24944.jpg
41778,Women,Apparel,Topwear,Blue,Summer,2012.0,Casual,Remanika Women Blue Top,41778.jpg
3948,Women,Apparel,Topwear,White,Summer,2011.0,Casual,Jealous 21 Women White Flower Black Stripe Top,3948.jpg
32382,Women,Apparel,Topwear,Lavender,Summer,2012.0,Casual,Arrow Woman Lavender Top,32382.jpg
57832,Women,Apparel,Topwear,Pink,Summer,2012.0,Casual,United Colors of Benetton Women Pink Top,57832.jpg
26873,Women,Apparel,Topwear,Lavender,Summer,2012.0,Casual,Jealous 21 Women Printed Lavender Top,26873.jpg
45980,Women,Apparel,Topwear,Blue,Summer,2012.0,Casual,Tokyo Talkies Women Blue Printed Top,45980.jpg
38948,Girls,Apparel,Topwear,Pink,Summer,2012.0,Casual,Gini and Jony Girls Printed Pink Top,38948.jpg
19667,Women,Apparel,Topwear,Lavender,Summer,2011.0,Casual,United Colors of Benetton Women Solid Lavender Top,19667.jpg
34092,Girls,Apparel,Topwear,Off White,Summer,2012.0,Casual,Doodle Girls Printed Off White Top,34092.jpg
37913,Women,Apparel,Topwear,Yellow,Summer,2012.0,Casual,Mineral Women Yellow Top,37913.jpg
48092,Women,Apparel,Topwear,Rust,Summer,2012.0,Casual,French Connection Women Rust Top,48092.jpg
25706,Women,Apparel,Topwear,Pink,Summer,2012.0,Casual,Mumbai Slang Women Printed Pink Top,25706.jpg
24550,Women,Apparel,Topwear,Black,Fall,2011.0,Ethnic,Mother Earth Women Black Printed Top,24550.jpg
6029,Women,Apparel,Topwear,Blue,Summer,2011.0,Casual,UCB Women's Basic Racerback Blue Top,6029.jpg
11034,Women,Apparel,Topwear,Red,Fall,2011.0,Casual,Jealous 21 Women Check Red Tops,11034.jpg
43527,Women,Apparel,Topwear,Navy Blue,Summer,2012.0,Casual,French Connection Women Navy Blue Striped Top,43527.jpg
31175,Girls,Apparel,Topwear,Magenta,Summer,2012.0,Casual,Gini and Jony Girls Purple Top,31175.jpg
11440,Women,Apparel,Topwear,White,Fall,2011.0,Casual,United Colors of Benetton Women Light Winter White Top,11440.jpg
32584,Women,Apparel,Topwear,Yellow,Summer,2012.0,Casual,ONLY Women Crepe Printed Yellow Top,32584.jpg
48514,Women,Apparel,Topwear,Grey,Summer,2012.0,Casual,French Connection Women Grey Top,48514.jpg
7215,Women,Apparel,Topwear,Pink,Fall,2011.0,Casual,Jealous 21 Women Band With Pink Top,7215.jpg
59889,Women,Apparel,Topwear,White,Fall,2012.0,Casual,Femella Women White Tube Top,59889.jpg
30955,Women,Apparel,Topwear,Charcoal,Summer,2012.0,Ethnic,Fabindia Women Charcoal Grey Tussar Top,30955.jpg
21142,Women,Apparel,Topwear,Grey,Fall,2011.0,Casual,s.Oliver Women Grey Top,21142.jpg
11434,Women,Apparel,Topwear,Grey,Fall,2011.0,Casual,United Colors of Benetton Women Light Winter Grey Tops,11434.jpg
33759,Women,Apparel,Topwear,Yellow,Summer,2012.0,Casual,Vero Moda Women Viva Yellow Top,33759.jpg
31117,Girls,Apparel,Topwear,White,Summer,2012.0,Casual,Gini and Jony Girls White Top,31117.jpg
48109,Women,Apparel,Topwear,Navy Blue,Summer,2012.0,Casual,French Connection Women Multicoloured Striped Top,48109.jpg
40945,Girls,Apparel,Topwear,Navy Blue,Summer,2012.0,Casual,Gini and Jony Girls Nautical Blues Navy Blue Top,40945.jpg
33166,Women,Apparel,Topwear,Blue,Summer,2012.0,Casual,Sepia Women Navy Blue Top,33166.jpg
51454,Women,Apparel,Topwear,Multi,Summer,2012.0,Casual,Tonga Women Multicoloured Top,51454.jpg
34158,Girls,Apparel,Topwear,White,Summer,2012.0,Casual,Gini and Jony Girls Printed White Top,34158.jpg
43518,Women,Apparel,Topwear,Navy Blue,Summer,2012.0,Casual,French Connection Women Navy Blue Printed Top,43518.jpg
33213,Women,Apparel,Topwear,Magenta,Summer,2012.0,Casual,Sepia Women Printed Magenta Top,33213.jpg
45776,Women,Apparel,Topwear,Red,Summer,2012.0,Casual,Remanika Women Red Top,45776.jpg
24987,Women,Apparel,Topwear,Black,Summer,2012.0,Casual,United Colors of Benetton Women Black Top,24987.jpg
18718,Women,Apparel,Topwear,Purple,Fall,2011.0,Casual,Arrow Woman Victoria Purple Top,18718.jpg
39219,Women,Apparel,Topwear,Black,Summer,2012.0,Casual,Femella Women Black Animal Printed Kaftan Top,39219.jpg
20127,Women,Apparel,Topwear,Red,Fall,2011.0,Casual,Wrangler Women Shadow Red Top,20127.jpg
2717,Girls,Apparel,Topwear,Blue,Summer,2011.0,Casual,Disney Kids Girls  Kidswear,2717.jpg
16147,Women,Apparel,Topwear,Grey,Fall,2011.0,Casual,Tokyo Talkies Women Printed Grey Top,16147.jpg
40144,Girls,Apparel,Topwear,Pink,Summer,2012.0,Casual,Gini and Jony Girls Pretty Blossom Pink Top,40144.jpg
11362,Women,Apparel,Topwear,Beige,Fall,2011.0,Casual,United Colors of Benetton Women  Printed Beige Top,11362.jpg
42206,Women,Apparel,Topwear,Green,Summer,2012.0,Casual,Sepia Women Green Top,42206.jpg
21128,Women,Apparel,Topwear,Blue,Fall,2011.0,Casual,s.Oliver Women Printed Blue Top,21128.jpg
34595,Women,Apparel,Topwear,Teal,Summer,2012.0,Casual,Tonga Women Teal Top,34595.jpg
39005,Girls,Apparel,Topwear,Navy Blue,Summer,2012.0,Casual,Gini and Jony Girls Nautical Blues Navy Blue Top,39005.jpg
43636,Women,Apparel,Topwear,Yellow,Summer,2012.0,Casual,Vero Moda Women Yellow Top,43636.jpg
11756,Women,Apparel,Topwear,White,Summer,2011.0,Casual,Lee Women Solid White Tops,11756.jpg
38334,Girls,Apparel,Topwear,White,Summer,2012.0,Casual,Mr. Men Little Miss Girls White Printed Top,38334.jpg
7702,Women,Apparel,Topwear,Green,Fall,2011.0,Casual,Jealous 21 Women's She's Got Attitude Mint Green Tops,7702.jpg
13958,Women,Apparel,Topwear,Grey,Summer,2011.0,Casual,United Colors of Benetton Women Solid Grey Tops,13958.jpg
23625,Girls,Apparel,Topwear,Pink,Fall,2011.0,Casual,Doodle Kids Girls Pink Retro Top,23625.jpg
33756,Women,Apparel,Topwear,Black,Summer,2012.0,Casual,Vero Moda Women Black Top,33756.jpg
34091,Girls,Apparel,Topwear,Grey,Summer,2012.0,Casual,Doodle Girls Printed Grey Top,34091.jpg
3962,Women,Apparel,Topwear,Black,Summer,2011.0,Casual,Jealous 21 Women Black Shimmery Falling Neck Top,3962.jpg
35272,Women,Apparel,Topwear,Red,Summer,2012.0,Casual,Lee Women Sherry Red Top,35272.jpg
57106,Women,Apparel,Topwear,White,Summer,2012.0,Casual,Elle Women White Top,57106.jpg
33227,Women,Apparel,Topwear,Cream,Summer,2012.0,Casual,Sepia Women Cream Top,33227.jpg
41773,Women,Apparel,Topwear,White,Summer,2012.0,Casual,Remanika Women Printed White Top,41773.jpg
18746,Women,Apparel,Topwear,Black,Fall,2011.0,Casual,Arrow Woman Cola Black Top,18746.jpg
44678,Women,Apparel,Topwear,Pink,Summer,2012.0,Casual,Wills Lifestyle Women Pink Top,44678.jpg
11446,Women,Apparel,Topwear,White,Fall,2011.0,Casual,United Colors of Benetton Women White Light Winter Top,11446.jpg
42225,Women,Apparel,Topwear,Blue,Summer,2012.0,Casual,Sepia Women Blue Top,42225.jpg
44683,Women,Apparel,Topwear,Black,Summer,2012.0,Casual,Wills Lifestyle Women Black Top,44683.jpg
24050,Men,Apparel,Topwear,Blue,Fall,2011.0,Casual,Locomotive Men Printed Blue T-shirt,24050.jpg
13967,Men,Apparel,Topwear,Red,Fall,2011.0,Casual,Ed Hardy Men Printed Red Tshirts,13967.jpg
4256,Men,Apparel,Topwear,Grey Melange,Summer,2011.0,Casual,Inkfruit Men Grey Melange Printed T-shirt,4256.jpg
50194,Boys,Apparel,Topwear,Black,Summer,2012.0,Casual,Gini and Jony Boys Black T-shirt,50194.jpg
58372,Men,Apparel,Topwear,Beige,Summer,2012.0,Casual,Locomotive Men Beige T-shirt,58372.jpg
4361,Men,Apparel,Topwear,Blue,Summer,2011.0,Casual,Free Authority Men's Melting Times Blue T-shirt,4361.jpg
4319,Unisex,Apparel,Topwear,Blue,Summer,2011.0,Casual,Tantra Kid's Unisex Free Spirit Turquoise Kidswear,4319.jpg
9961,Men,Apparel,Topwear,White,Fall,2011.0,Sports,Nike Men Medals Crew White T-Shirts,9961.jpg
6724,Men,Apparel,Topwear,Navy Blue,Summer,2011.0,Casual,Locomotive Men's Print Electric Supply Blue T-shirt,6724.jpg
3110,Men,Apparel,Topwear,Black,Summer,2011.0,Casual,Probase Men's Western Highway Black T-shirt,3110.jpg
13966,Men,Apparel,Topwear,White,Fall,2011.0,Casual,Ed Hardy Men Solid White Tshirts,13966.jpg
6272,Men,Apparel,Topwear,Grey,Summer,2011.0,Casual,UCB Men's Contrast Rib Grey T-shirt,6272.jpg
7988,Men,Apparel,Topwear,Yellow,Fall,2011.0,Sports,Fila Men's Round Neck Yellow Black T-shirt,7988.jpg
22330,Men,Apparel,Topwear,White,Fall,2011.0,Casual,John Players Men Stripes White T-Shirt,22330.jpg
37155,Men,Apparel,Topwear,White,Summer,2016.0,Casual,Campbell Men Pack of 3 T-shirt,37155.jpg
29247,Men,Apparel,Topwear,Yellow,Summer,2012.0,Sports,ADIDAS Men Lakers Yellow Jersey,29247.jpg
8340,Boys,Apparel,Topwear,Black,Fall,2011.0,Casual,Doodle Boy's Volleyball Champion Black White Kidswear,8340.jpg
53118,Women,Apparel,Topwear,Pink,Summer,2012.0,Casual,Myntra Women Pink T-shirt,53118.jpg
4082,Men,Apparel,Topwear,Beige,Summer,2011.0,Casual,Inkfruit Men's Avast Ye Beige T-shirt,4082.jpg
7012,Men,Apparel,Topwear,Green,Summer,2011.0,Casual,Classic Polo Men's Green Polo With Grey Stripes T-shirt,7012.jpg
12884,Men,Apparel,Topwear,Grey,Fall,2011.0,Casual,Spykar Men Helmet Grey T-Shirts,12884.jpg
28844,Men,Apparel,Topwear,Charcoal,Summer,2012.0,Casual,Proline Men Charcoal T-shirt,28844.jpg
2091,Men,Apparel,Topwear,Maroon,Fall,2010.0,Sports,ADIDAS Mens ESS 3S Polo T-shirt,2091.jpg
10993,Men,Apparel,Topwear,Grey,Fall,2011.0,Casual,Inkfruit Men Tea Kwon Do Grey Tshirts,10993.jpg
3779,Men,Apparel,Topwear,Black,Summer,2011.0,Casual,Status Quo Men's Black Polo T-shirt,3779.jpg
33304,Boys,Apparel,Topwear,Yellow,Summer,2012.0,Casual,Gini and Jony Boys Pack of 2 T-shirts,33304.jpg
2743,Men,Apparel,Topwear,White,Summer,2011.0,Casual,Classic Polo Men's White T-shirt,2743.jpg
2847,Men,Apparel,Topwear,Purple,Summer,2011.0,Casual,Mr.Men Men's Is There More Love Purple T-shirt,2847.jpg
10465,Men,Apparel,Topwear,Purple,Fall,2011.0,Casual,Flying Machine Men Paisley Purple Tshirts,10465.jpg
7749,Men,Apparel,Topwear,Purple,Fall,2011.0,Casual,Indigo Nation Men Young Lords Purple T-shirt,7749.jpg
51370,Men,Apparel,Topwear,Black,Summer,2012.0,Casual,Spykar Men Black T-shirt,51370.jpg
37532,Boys,Apparel,Topwear,Blue,Summer,2012.0,Casual,Madagascar3 Infant Boys Light Blue T-Shirt,37532.jpg
4209,Boys,Apparel,Topwear,Green,Summer,2011.0,Casual,Disney Kids Boy's Green Mickey On Skates Kidswear,4209.jpg
2615,Men,Apparel,Topwear,Blue,Fall,2010.0,Sports,Nike Black Bleed Blue T-shirt,2615.jpg
31102,Boys,Apparel,Topwear,Red,Summer,2012.0,Casual,Gini and jony Boys Printed Red T-shirt,31102.jpg
6207,Men,Apparel,Topwear,White,Summer,2011.0,Casual,Lee Men's Sheild White T-shirt,6207.jpg
7817,Men,Apparel,Topwear,Purple,Fall,2011.0,Casual,Proline Men Purple Striped Polo T-shirt,7817.jpg
23973,Men,Apparel,Topwear,Purple,Fall,2011.0,Casual,Peter England Men Purple Printed T-shirt,23973.jpg
4371,Men,Apparel,Topwear,Grey,Summer,2011.0,Casual,Mickey Men's Pluto Order Comic Charcoal T-shirt,4371.jpg
3082,Men,Apparel,Topwear,Navy Blue,Summer,2011.0,Casual,Probase Men's Cartoon Navy T-shirt,3082.jpg
24275,Men,Apparel,Topwear,White,Summer,2012.0,Casual,Quiksilver Men Basic White T-shirt,24275.jpg
28565,Men,Apparel,Topwear,Blue,Summer,2012.0,Casual,Nike Men Air Bags Blue T-shirt,28565.jpg
9783,Men,Apparel,Topwear,White,Fall,2011.0,Casual,ADIDAS Men Bnce Hop White Tshirts,9783.jpg
34410,Men,Apparel,Topwear,Black,Summer,2012.0,Casual,Myntra Men Freak Show Black T-shirt,34410.jpg
57424,Women,Apparel,Topwear,Charcoal,Summer,2015.0,Casual,Angry Birds Women Charcoal T-shirt,57424.jpg
38605,Men,Apparel,Topwear,Yellow,Summer,2012.0,Casual,Nike Men Yellow Eligible Athlete T-shirt,38605.jpg
6551,Men,Apparel,Topwear,Blue,Summer,2011.0,Sports,Nike Men's Miler Singlet Blue T-shirt,6551.jpg
2861,Men,Apparel,Topwear,Green,Summer,2011.0,Casual,Inkfruit Men's I am Hooked Green T-shirt,2861.jpg
32768,Men,Apparel,Topwear,Grey,Spring,2013.0,Casual,Music Men Printed Grey T-shirt,32768.jpg
42394,Women,Apparel,Topwear,Purple,Summer,2012.0,Casual,Flying Machine Women Purple T-shirt,42394.jpg
2092,Men,Apparel,Topwear,Blue,Fall,2010.0,Sports,ADIDAS Mens Polo Blue Polo T-shirt,2092.jpg
23627,Men,Apparel,Topwear,White,Spring,2013.0,Casual,Beatles Men White Printed T-Shirt,23627.jpg
40974,Boys,Apparel,Topwear,Green,Summer,2012.0,Casual,Gini and Jony Boys United Green T-shirt,40974.jpg
33935,Men,Apparel,Topwear,Turquoise Blue,Summer,2012.0,Casual,ADIDAS Men Polo Turquoise Blue T-Shirt,33935.jpg
13438,Men,Apparel,Topwear,Blue,Summer,2011.0,Casual,United Colors of Benetton Men Solid Blue Polo T-shirts,13438.jpg
31586,Men,Apparel,Topwear,Yellow,Summer,2012.0,Casual,Mark Taylor Men Printed Yellow T-shirt,31586.jpg
44834,Men,Apparel,Topwear,Black,Summer,2012.0,Sports,Puma Men Black Training T-shirt,44834.jpg
4315,Unisex,Apparel,Topwear,Brown,Summer,2011.0,Casual,Tantra Kid's Unisex Harappa Choco Brown Kidswear,4315.jpg
34399,Men,Apparel,Topwear,Black,Summer,2012.0,Casual,Myntra Men Global Response Black T-shirt,34399.jpg
15933,Men,Apparel,Topwear,Blue,Fall,2011.0,Casual,Regent Polo Club Men Solid Blue Tshirt,15933.jpg
35880,Boys,Apparel,Topwear,White,Summer,2012.0,Casual,Jungle Book Boys Royal White T-shirt,35880.jpg
11356,Women,Apparel,Topwear,Peach,Fall,2011.0,Casual,United Colors Of Benetton Women Light Winter Peach Peach T-Shirt,11356.jpg
2054,Men,Apparel,Topwear,Maroon,Winter,2010.0,Casual,Lee Men's Stone T-shirt,2054.jpg
4402,Men,Apparel,Topwear,Black,Summer,2011.0,Casual,Billy Idol Men's Faceless Black T-shirt,4402.jpg
5442,Women,Apparel,Topwear,Blue,Summer,2011.0,Casual,Nike Women's Striped Polo Blue T-shirt,5442.jpg
41752,Boys,Apparel,Topwear,Yellow,Summer,2012.0,Casual,Doodle Boys Printed Yellow T-shirt,41752.jpg
29157,Boys,Apparel,Topwear,Pink,Summer,2012.0,Casual,United Colors of Benetton Boys Hopeland Pink T-shirt,29157.jpg
44904,Men,Apparel,Topwear,Navy Blue,Summer,2012.0,Casual,Puma Men Navy Blue & White Graphic T-shirt,44904.jpg
9974,Men,Apparel,Topwear,Black,Fall,2011.0,Sports,Nike Men Black Polo Tshirts,9974.jpg
7291,Men,Apparel,Topwear,Brown,Fall,2011.0,Casual,Mickey Men's Donald Salute Star Brown T-shirt,7291.jpg
24841,Women,Apparel,Topwear,Yellow,Summer,2015.0,Casual,Wildcraft Women Yellow Printed T-shirt,24841.jpg
19397,Men,Apparel,Topwear,Blue,Fall,2011.0,Sports,ADIDAS Men Solid Blue T-Shirt,19397.jpg
31148,Boys,Apparel,Topwear,White,Summer,2012.0,Casual,Gini and Jony Boys Printed White T-shirt,31148.jpg
4359,Men,Apparel,Topwear,Black,Summer,2011.0,Casual,Free Authority Men's Melting Records Black T-shirt,4359.jpg
23638,Men,Apparel,Topwear,Green,Summer,2012.0,Casual,DC Comics Men Green T-shirt,23638.jpg
13429,Men,Apparel,Topwear,Maroon,Summer,2011.0,Casual,United Colors of Benetton Men Printed Maroon Tshirts,13429.jpg
38152,Women,Apparel,Topwear,White,Summer,2012.0,Casual,Wildcraft Women White T-shirt,38152.jpg
6063,Men,Apparel,Topwear,White,Summer,2011.0,Casual,UCB Men's Roundneck Take Good Look White T-shirt,6063.jpg
27445,Women,Apparel,Topwear,Coffee Brown,Winter,2015.0,Casual,Jockey Women Coffee Brown T-shirt,27445.jpg
2484,Women,Apparel,Topwear,White,Fall,2010.0,Sports,Puma Women Spagetti White Top,2484.jpg
24029,Men,Apparel,Topwear,Grey,Summer,2012.0,Casual,Locomotive Men Grey Printed T-shirt,24029.jpg
3060,Men,Apparel,Topwear,Beige,Summer,2011.0,Casual,Tantra Men's Imagine Beige T-shirt,3060.jpg
34314,Men,Apparel,Topwear,Orange,Summer,2012.0,Casual,Myntra Men Orange Urban T-shirt,34314.jpg
25504,Boys,Apparel,Topwear,Blue,Fall,2011.0,Casual,Doodle Kids Boys Soccer Blue T-Shirt,25504.jpg
14729,Men,Apparel,Topwear,White,Fall,2011.0,Casual,Ed Hardy Men Don.Ed White Tshirts,14729.jpg
40057,Men,Apparel,Topwear,Blue,Summer,2012.0,Casual,ADIDAS Men Blue Printed T-shirt,40057.jpg
2307,Women,Apparel,Topwear,Purple,Fall,2010.0,Sports,Nike Women Purple Polo T-shirt,2307.jpg
26479,Men,Apparel,Topwear,Black,Summer,2012.0,Casual,Puma Men Ferrari Black Polo T-shirt,26479.jpg
11363,Men,Apparel,Topwear,Black,Summer,2011.0,Casual,United Colors of Benetton Men Solid Black Tshirt,11363.jpg
38494,Boys,Apparel,Topwear,Green,Summer,2012.0,Casual,Gini and Jony Boys United Green T-shirt,38494.jpg
24911,Boys,Apparel,Topwear,Grey,Summer,2012.0,Casual,United Colors of Benetton Kids Boys Grey Printed T-shirt,24911.jpg
19581,Men,Apparel,Topwear,White,Summer,2011.0,Casual,United Colors of Benetton Men Printed White Tshirt,19581.jpg
1762,Women,Apparel,Topwear,Blue,Fall,2010.0,Sports,Lotto Women Cathy Blue T-shirt,1762.jpg
27444,Women,Apparel,Topwear,Black,Fall,2015.0,Casual,Jockey Women Black T-shirt,27444.jpg
26246,Men,Apparel,Topwear,Green,Summer,2012.0,Casual,Proline Men Green Polo Tshirt,26246.jpg
40153,Boys,Apparel,Topwear,Black,Summer,2012.0,Casual,Gini and Jony Boys Surfs Up Black T-shirt,40153.jpg
26261,Men,Apparel,Topwear,Beige,Summer,2013.0,Casual,Proline Men Beige Polo Tshirt,26261.jpg
40267,Men,Apparel,Topwear,White,Summer,2012.0,Casual,Scullers Men Striped White T-shirt,40267.jpg
4780,Women,Apparel,Topwear,Pink,Summer,2011.0,Sports,ADIDAS Women's Balance Pink T-shirt,4780.jpg
3769,Men,Apparel,Topwear,Blue,Summer,2011.0,Casual,Status Quo Men's Blue Polo T-shirt,3769.jpg
3991,Men,Apparel,Topwear,White,Summer,2011.0,Casual,Mr.Men Men's Wave Rider White T-shirt,3991.jpg
11778,Men,Apparel,Topwear,Grey,Fall,2011.0,Casual,Lee Men Solid Grey Tshirts,11778.jpg
29019,Men,Apparel,Topwear,Navy Blue,Summer,2012.0,Casual,ADIDAS Men Color Block Navy Blue T-shirt,29019.jpg
7006,Men,Apparel,Topwear,Black,Summer,2011.0,Casual,s.Oliver Men's Sound Rebels Black T-shirt,7006.jpg
39003,Boys,Apparel,Topwear,White,Summer,2012.0,Casual,Gini and Jony Boys Unit White T-shirt,39003.jpg
3863,Men,Apparel,Topwear,Green,Summer,2011.0,Casual,Wrangler Men's Authentic Embro Olive T-shirt,3863.jpg
14727,Men,Apparel,Topwear,Blue,Fall,2011.0,Casual,Ed Hardy Men Tiger Print Blue Tshirts,14727.jpg
16913,Men,Apparel,Topwear,Charcoal,Fall,2011.0,Casual,Mr. Men Men Printed Grey Tshirt,16913.jpg
10374,Women,Apparel,Topwear,Green,Fall,2011.0,Casual,United Colors of Benetton Women Solid Green T-shirt,10374.jpg
36312,Boys,Apparel,Topwear,Navy Blue,Summer,2012.0,Casual,Mr. Men Boys Mr. Rude Navy Blue T-shirt,36312.jpg
36001,Boys,Apparel,Topwear,Orange,Summer,2012.0,Casual,Ben 10 Boys Crew Orange T-shirt,36001.jpg
17497,Men,Apparel,Topwear,Grey,Fall,2011.0,Casual,Classic Polo Men Stripes Grey Polo T-Shirt,17497.jpg
8275,Men,Apparel,Topwear,Blue,Fall,2011.0,Casual,Mr.Men Men's Coral Red T-shirt,8275.jpg
3713,Men,Apparel,Topwear,Green,Summer,2011.0,Casual,Lee Men Green Polo T-shirt,3713.jpg
2243,Men,Apparel,Topwear,White,Fall,2010.0,Sports,ADIDAS Men Stripe Polo White Polo T-shirt,2243.jpg
16191,Men,Apparel,Topwear,White,Fall,2011.0,Casual,Puma Men Graphic White TShirt,16191.jpg
7450,Men,Apparel,Topwear,Cream,Summer,2011.0,Casual,Proline Men Cream Striped Polo T-shirt,7450.jpg
46385,Men,Apparel,Topwear,Green,Summer,2012.0,Casual,ADIDAS Men Green Printed T-shirt,46385.jpg
8290,Men,Apparel,Topwear,Navy Blue,Fall,2011.0,Casual,Mr.Men Men's Navy Melange T-shirt,8290.jpg
14101,Men,Apparel,Topwear,White,Fall,2011.0,Casual,Flying Machine Men Printed White Tshirts,14101.jpg
11008,Women,Apparel,Topwear,Cream,Fall,2011.0,Casual,Inkfruit Women Behind Cream Tshirts,11008.jpg
3845,Men,Apparel,Topwear,Brown,Summer,2011.0,Casual,Wrangler Men's Wild Horse Brown T-shirt,3845.jpg
3364,Men,Apparel,Topwear,Blue,Summer,2011.0,Casual,Myntra Men's Brain Blue T-shirt,3364.jpg
8207,Men,Apparel,Topwear,Red,Summer,2011.0,Casual,Locomotive Men Solid Langworth Red T-Shirts,8207.jpg
2680,Men,Apparel,Topwear,Blue,Summer,2011.0,Casual,Inkfruit Men's Indian Rule Blue T-shirt,2680.jpg
2265,Women,Apparel,Topwear,Orange,Fall,2010.0,Sports,Nike Womens NIKE MILER SS TOP T-shirt,2265.jpg
12847,Boys,Apparel,Topwear,Black,Fall,2011.0,Casual,Ant Kids Boys National Champion Black Tshirts,12847.jpg
7847,Men,Apparel,Topwear,Black,Fall,2011.0,Casual,Proline Men Black Round Neck T-shirt,7847.jpg
30144,Women,Apparel,Topwear,Black,Summer,2012.0,Casual,Flying Machine Women Printed Black T-shirt,30144.jpg
5827,Men,Apparel,Topwear,Grey,Summer,2011.0,Casual,ADIDAS Men's Prt Grey T-shirt,5827.jpg
4251,Men,Apparel,Topwear,Green,Summer,2011.0,Casual,Probase Men's Crack Print Ghost Buster Grey T-shirt,4251.jpg
17257,Men,Apparel,Topwear,Black,Fall,2011.0,Casual,U.S. Polo Assn. Men Printed Black Tshirt,17257.jpg
19612,Women,Apparel,Topwear,Blue,Summer,2011.0,Casual,United Colors of Benetton Women Solid Blue Tshirt,19612.jpg
3120,Men,Apparel,Topwear,Blue,Summer,2011.0,Casual,Probase Men's Freestyler Turquoise T-shirt,3120.jpg
2340,Men,Apparel,Topwear,Purple,Fall,2010.0,Casual,Reebok Men Plum Shiamak Purple T-shirt,2340.jpg
19789,Men,Apparel,Topwear,Orange,Winter,2016.0,Casual,U.S. Polo Assn. Men Solid Orange Tshirt,19789.jpg
2062,Men,Apparel,Topwear,Grey,Winter,2010.0,Casual,Lee Mens  T-shirt,2062.jpg
5506,Women,Apparel,Topwear,Yellow,Summer,2011.0,Casual,Nike Women's Yellow Casual T-shirt,5506.jpg
38645,Men,Apparel,Topwear,White,Summer,2012.0,Casual,Nike Men White Jdi City T-Shirt,38645.jpg
31236,Men,Apparel,Topwear,White,Summer,2012.0,Casual,Puma Men Graphic White T-shirt,31236.jpg
11024,Women,Apparel,Topwear,Purple,Fall,2011.0,Casual,Wrangler Women Purple T-shirt,11024.jpg
24269,Men,Apparel,Topwear,Grey,Fall,2011.0,Casual,Quiksilver Men Grey Printed T-shirt,24269.jpg
25921,Women,Apparel,Topwear,Green,Summer,2012.0,Casual,Femella Women Lime Green T-shirt,25921.jpg
38637,Men,Apparel,Topwear,Red,Summer,2012.0,Casual,Nike Men Red Delhi T-shirt,38637.jpg
5886,Men,Apparel,Topwear,Black,Summer,2011.0,Casual,Puma Men's Slogan Black T-shirt,5886.jpg
32464,Men,Apparel,Topwear,Black,Summer,2012.0,Casual,ADIDAS Men Graphic Black T-shirt,32464.jpg
19999,Men,Apparel,Topwear,Black,Summer,2011.0,Casual,United Colors of Benetton Men Solid Black TShirt,19999.jpg
19110,Men,Apparel,Topwear,Beige,Winter,2016.0,Casual,Campbell Men Pack of 3 Solid Tshirts,19110.jpg
28928,Men,Apparel,Topwear,Charcoal,Summer,2012.0,Casual,Mr. Men Printed Charcoal T-shirt,28928.jpg
34100,Boys,Apparel,Topwear,Blue,Summer,2012.0,Casual,Doodle Boys Printed Blue T-shirt,34100.jpg
38803,Men,Apparel,Topwear,Blue,Summer,2012.0,Casual,Marvel Men Blue Printed T-shirt,38803.jpg
36737,Women,Apparel,Topwear,Green,Summer,2012.0,Casual,Spykar Women Cult Green T-shirt,36737.jpg
7801,Men,Apparel,Topwear,Navy Blue,Fall,2011.0,Casual,Proline Men Navy Polo T-shirt,7801.jpg
30302,Men,Apparel,Topwear,Off White,Summer,2012.0,Casual,Myntra Men Evil Minds Off White T-shirt,30302.jpg
7837,Men,Apparel,Topwear,Purple,Fall,2011.0,Casual,Proline Men Purple T-shirt,7837.jpg
3519,Men,Apparel,Topwear,White,Summer,2011.0,Casual,Myntra Men's I have Multiple Personalities White T-shirt,3519.jpg
5153,Women,Apparel,Topwear,White,Summer,2011.0,Casual,Wrangler Women's Side Paisley White T-shirt,5153.jpg
58734,Men,Apparel,Topwear,Red,Fall,2012.0,Sports,PUMA Men Red Printed T-shirt,58734.jpg
9778,Men,Apparel,Topwear,White,Fall,2011.0,Casual,ADIDAS Men  White Polo Tshirts,9778.jpg
4042,Unisex,Apparel,Topwear,Blue,Summer,2011.0,Sports,Rajasthan Royals Kids Authentic Replica Cricket Jersey,4042.jpg
14922,Men,Apparel,Topwear,Blue,Fall,2011.0,Casual,Mr. Men Men Sleep Placid Blue Tshirts,14922.jpg
29352,Men,Apparel,Topwear,Navy Blue,Summer,2012.0,Casual,Probase Men Navy Blue Printed T-shirt,29352.jpg
33206,Women,Apparel,Topwear,Green,Summer,2012.0,Casual,Sepia Women Printed Green T-shirt,33206.jpg
34403,Men,Apparel,Topwear,Black,Summer,2012.0,Casual,Myntra Men Back To The 70s Black T-shirt,34403.jpg
2683,Men,Apparel,Topwear,Red,Summer,2011.0,Casual,Inkfruit Men's Red And Black T-shirt,2683.jpg
53774,Men,Apparel,Topwear,White,Summer,2012.0,Casual,Puma Men White T-shirt,53774.jpg
52148,Women,Apparel,Topwear,Red,Summer,2012.0,Casual,Femella Women Red Polo T-Shirt,52148.jpg
7004,Men,Apparel,Topwear,Blue,Summer,2011.0,Casual,s.Oliver Men's What Up Cracker Blue T-shirt,7004.jpg
3792,Men,Apparel,Topwear,Navy Blue,Summer,2011.0,Casual,Basics Men Navy & White Striped Polo T-shirt,3792.jpg
9827,Women,Apparel,Topwear,White,Fall,2011.0,Casual,Little Miss Women Printed White T-shirt,9827.jpg
51473,Men,Apparel,Topwear,Red,Summer,2012.0,Casual,Denizen Men Red Printed T-shirt,51473.jpg
5100,Men,Apparel,Topwear,Yellow,Summer,2011.0,Casual,Wrangler Men's Cowboy Color Yellow T-shirt,5100.jpg
2974,Women,Apparel,Topwear,Green,Fall,2010.0,Casual,Puma Women's Heroes Green T-shirt,2974.jpg
33310,Men,Apparel,Topwear,White,Summer,2012.0,Casual,Jack & Jones Men White & Green Polo T-shirt,33310.jpg
10377,Men,Apparel,Topwear,White,Fall,2011.0,Casual,United Colors of Benetton Men Printed White Tshirts,10377.jpg
10840,Men,Apparel,Topwear,Green,Fall,2011.0,Casual,Wrangler Men Green Polo T-shirt,10840.jpg
7954,Men,Apparel,Topwear,Blue,Fall,2011.0,Sports,Puma Men's Knit Polo Mazarine Blue Polo T-shirt,7954.jpg
10499,Women,Apparel,Topwear,Yellow,Fall,2011.0,Casual,Flying Machine Women Aspen Yellow Tshirts,10499.jpg
22631,Women,Apparel,Topwear,Pink,Fall,2011.0,Sports,Nike Women Printed Pink T-shirt,22631.jpg
7447,Men,Apparel,Topwear,Orange,Summer,2011.0,Casual,Proline Men Orange Polo T-shirt,7447.jpg
23179,Men,Apparel,Topwear,Yellow,Fall,2011.0,Casual,Mark Taylor Men Yellow Printed T-shirt,23179.jpg
17613,Boys,Apparel,Topwear,Red,Fall,2011.0,Casual,Doodle Boys Catch Me Red Tshirt,17613.jpg
31273,Men,Apparel,Topwear,Green,Summer,2012.0,Casual,Puma Men Calonge Graphic Green T-shirt,31273.jpg
43085,Women,Apparel,Topwear,Yellow,Summer,2012.0,Sports,Nike Women Yellow Polo Neck T-shirt,43085.jpg
11406,Men,Apparel,Topwear,Blue,Fall,2011.0,Casual,United Colors Of Benetton Men Light Winter Blue T-Shirts,11406.jpg
5097,Men,Apparel,Topwear,White,Summer,2011.0,Casual,Wrangler Men's Hand Of Quality White T-shirt,5097.jpg
38586,Women,Apparel,Topwear,Pink,Summer,2012.0,Casual,Nike Women Pink Crew T-shirt,38586.jpg
48257,Boys,Apparel,Topwear,Red,Summer,2012.0,Casual,The Amazing Spiderman Boys Red T-shirt,48257.jpg
3529,Men,Apparel,Topwear,Navy Blue,Summer,2011.0,Casual,Myntra Men's Ear Plugs Navy Blue T-shirt,3529.jpg
3073,Women,Apparel,Topwear,Tan,Summer,2011.0,Casual,Tantra Women's Cut Crap Chocolate T-shirt,3073.jpg
6572,Men,Apparel,Topwear,Black,Summer,2011.0,Sports,Nike Men's Challenger Logo Black T-shirt,6572.jpg
10822,Men,Apparel,Topwear,Navy Blue,Fall,2011.0,Casual,Wrangler Men Navy Blue Polo Tshirts,10822.jpg
9984,Men,Apparel,Topwear,Green,Fall,2011.0,Sports,Nike Men As Value Runn Green T-Shirts,9984.jpg
1814,Men,Apparel,Topwear,Brown,Fall,2010.0,Sports,Solognac Men Chocolate Brown  T-shirt,1814.jpg
22611,Men,Apparel,Topwear,Green,Fall,2011.0,Sports,Nike Men Green Jersey,22611.jpg
4203,Boys,Apparel,Topwear,Blue,Summer,2011.0,Casual,Disney Kids Boy's Blue Regatta Annual Competition Kidswear,4203.jpg
37272,Men,Apparel,Topwear,Black,Summer,2012.0,Casual,Tantra Men Black Angry Anna T-shirt,37272.jpg
4391,Men,Apparel,Topwear,Grey,Summer,2011.0,Casual,Free Authority Men's Bikes Grey Violet T-shirt,4391.jpg
9556,Men,Apparel,Topwear,Black,Fall,2011.0,Sports,Nike Men Asem Cricket Swoosh Black T-Shirts,9556.jpg
26471,Men,Apparel,Topwear,Navy Blue,Summer,2012.0,Casual,Puma Men Classic Graphic  Navy Blue T-shirt,26471.jpg
17513,Men,Apparel,Topwear,Black,Fall,2011.0,Casual,Classic Polo Men Stripes Black Polo T-Shirt,17513.jpg
3778,Men,Apparel,Topwear,Green,Summer,2011.0,Casual,Status Quo Men's Green Polo T-shirt,3778.jpg
3706,Men,Apparel,Topwear,Grey,Summer,2011.0,Casual,Classic Polo Men's Grey Red & Brown Stripe T-shirt,3706.jpg
39067,Men,Apparel,Topwear,Green,Summer,2012.0,Casual,Arrow Sport Men Green T-shirt,39067.jpg
54940,Women,Apparel,Topwear,Burgundy,Summer,2012.0,Casual,Do u speak green Women Burgundy T-shirt,54940.jpg
7784,Men,Apparel,Topwear,Black,Fall,2011.0,Casual,Proline Men Black Polo T-shirt,7784.jpg
3520,Men,Apparel,Topwear,Black,Summer,2011.0,Casual,Myntra Men's Reaching The Moon Black T-shirt,3520.jpg
32438,Men,Apparel,Topwear,Blue,Summer,2012.0,Sports,ADIDAS Men Tank Blue T-shirt,32438.jpg
18631,Men,Apparel,Topwear,Navy Blue,Fall,2011.0,Casual,Puma Men GP Speed Navy Blue Tshirts,18631.jpg
2047,Men,Apparel,Topwear,Navy Blue,Fall,2010.0,Sports,ADIDAS Men's Navy Blue T-shirt,2047.jpg
4208,Boys,Apparel,Topwear,Red,Summer,2011.0,Casual,Disney Kids Boy's Red Geo Team Kidswear,4208.jpg
3044,Men,Apparel,Topwear,Blue,Summer,2011.0,Casual,Tantra Men's Freddie Blue T-shirt,3044.jpg
4190,Boys,Apparel,Topwear,Yellow,Summer,2011.0,Casual,Disney Kids Boy's Yellow Little Friends Kidswear,4190.jpg
10690,Men,Apparel,Topwear,Yellow,Fall,2011.0,Casual,Doodle Boy Mummy daddy me Yellow Tshirts,10690.jpg
2041,Men,Apparel,Topwear,Grey,Fall,2010.0,Sports,ADIDAS Mens Fire Grey T-shirt,2041.jpg
24042,Men,Apparel,Topwear,Black,Fall,2011.0,Casual,Locomotive Men Printed Black T-shirt,24042.jpg
18931,Men,Apparel,Topwear,Blue,Fall,2011.0,Casual,Levi's Men Graphic Print Blue Tshirt,18931.jpg
6996,Men,Apparel,Topwear,Brown,Spring,2011.0,Casual,Classic Polo Men's State Athletic Brown T-shirt,6996.jpg
15200,Men,Apparel,Topwear,Yellow,Fall,2011.0,Casual,Arrow Sport Men Stripes Yellow Polo Tshirts,15200.jpg
4864,Men,Apparel,Topwear,White,Summer,2011.0,Sports,ADIDAS Men Real Madrid White Jersey,4864.jpg
40138,Boys,Apparel,Topwear,Yellow,Summer,2012.0,Casual,Gini and Jony Boys Under The Sun Yellow T-shirt,40138.jpg
4843,Women,Apparel,Topwear,Black,Summer,2011.0,Sports,Sher Singh Women's Black Polo T-shirt,4843.jpg
22796,Men,Apparel,Topwear,Green,Fall,2011.0,Casual,Manchester United Men Green Tshirt,22796.jpg
33955,Men,Apparel,Topwear,White,Summer,2012.0,Casual,ADIDAS Men Polo White T-shirt,33955.jpg
3285,Men,Apparel,Topwear,Yellow,Summer,2011.0,Casual,Guerrilla Men's Move It Move On Green T-shirt,3285.jpg
43498,Men,Apparel,Topwear,Grey Melange,Summer,2012.0,Casual,French Connection Men Grey Melange T-shirt,43498.jpg
12629,Men,Apparel,Topwear,Red,Fall,2011.0,Casual,Probase Men Printed Red Tshirts,12629.jpg
4313,Unisex,Apparel,Topwear,Pink,Summer,2011.0,Casual,Tantra Kid's Unisex Elephant Pink Kidswear,4313.jpg
3945,Women,Apparel,Topwear,White,Summer,2011.0,Casual,Jealous 21 Women's White Little Mousie T-shirt,3945.jpg
37984,Men,Apparel,Topwear,Black,Summer,2012.0,Casual,Classic Polo Men Black & White T-Shirt,37984.jpg
7441,Men,Apparel,Topwear,Grey,Summer,2011.0,Casual,Proline Men Grey Striped T-shirt,7441.jpg
26263,Men,Apparel,Topwear,Blue,Summer,2013.0,Casual,Proline Men Blue Polo T-Shirt,26263.jpg
26497,Men,Apparel,Topwear,White,Summer,2012.0,Casual,Puma Men Drips White T-shirt,26497.jpg
15475,Men,Apparel,Topwear,Blue,Fall,2011.0,Casual,Puma Men Logo Blue Tshirts,15475.jpg
43503,Men,Apparel,Topwear,Green,Summer,2012.0,Casual,French Connection Men Green T-shirt,43503.jpg
15000,Men,Apparel,Topwear,White,Fall,2011.0,Sports,ADIDAS Men Solid White Tshirts,15000.jpg
16320,Men,Apparel,Topwear,Green,Fall,2011.0,Casual,Peter England Men Printed Green TShirt,16320.jpg
2343,Men,Apparel,Topwear,Green,Fall,2010.0,Casual,Reebok Men Basil Green & Blue Polo T-shirt,2343.jpg
38595,Women,Apparel,Topwear,Lavender,Summer,2012.0,Casual,Nike Women Printed Scoop Lavender T-shirt,38595.jpg
7127,Men,Apparel,Topwear,Orange,Fall,2011.0,Casual,Urban Yoga Men's Orange T-shirt,7127.jpg
5884,Women,Apparel,Topwear,Black,Summer,2011.0,Casual,Puma Women Classic Black Top,5884.jpg
22367,Men,Apparel,Topwear,Red,Fall,2011.0,Casual,Ed Hardy Men Vintage  Brick Red T-Shirt,22367.jpg
18847,Men,Apparel,Topwear,White,Fall,2011.0,Casual,Puma Men College  Athletic White  Tshirt,18847.jpg
2984,Men,Apparel,Topwear,Red,Fall,2010.0,Casual,Puma Men's Power Cat Graphic Red T-shirt,2984.jpg
11997,Men,Apparel,Topwear,Green,Fall,2011.0,Casual,Classic Polo Men Stripes Green Tshirts,11997.jpg
44883,Men,Apparel,Topwear,Grey,Summer,2012.0,Casual,Puma Men Grey Striped Polo T-shirt,44883.jpg
27392,Men,Apparel,Topwear,White,Summer,2016.0,Casual,2go Active Gear USA Men Pack Of 3 T-shirt,27392.jpg
19400,Men,Apparel,Topwear,Navy Blue,Summer,2011.0,Casual,ADIDAS Men Navy Blue T-shirt,19400.jpg
2154,Men,Apparel,Topwear,White,Spring,2011.0,Casual,Basics Men Red & Grey Polo T-shirt,2154.jpg
12634,Men,Apparel,Topwear,Maroon,Fall,2011.0,Casual,Probase Men Printed Maroon Tshirts,12634.jpg
58730,Women,Apparel,Topwear,Green,Summer,2012.0,Casual,Puma Women Green T-shirt,58730.jpg
48073,Men,Apparel,Topwear,Grey,Summer,2012.0,Casual,French Connection Men Grey T-shirt,48073.jpg
48450,Men,Apparel,Topwear,Grey,Summer,2012.0,Casual,French Connection Men Grey T-shirt,48450.jpg
6610,Men,Apparel,Topwear,White,Summer,2011.0,Casual,Spykar Men's Stinger Basket Ball Team White Blue Stripes T-shirt,6610.jpg
53782,Men,Apparel,Topwear,Navy Blue,Summer,2012.0,Casual,Puma Men Navy Blue T-shirt,53782.jpg
38641,Men,Apparel,Topwear,Red,Summer,2012.0,Casual,Nike Men Red Bangalore Polo T-shirt,38641.jpg
5489,Men,Apparel,Topwear,Purple,Summer,2011.0,Casual,Mr.Men Men's Grumpy Purple T-shirt,5489.jpg
2348,Men,Apparel,Topwear,Blue,Fall,2010.0,Casual,Reebok Men Basketball Blue T-shirt,2348.jpg
14062,Men,Apparel,Topwear,Grey,Fall,2011.0,Casual,Flying Machine Men Stripes Grey Polo Tshirts,14062.jpg
3868,Men,Apparel,Topwear,White,Summer,2011.0,Casual,Wrangler Men's Cowboy Photo White T-shirt,3868.jpg
14312,Men,Apparel,Topwear,Green,Fall,2011.0,Sports,ADIDAS Men Solid Green Jerseys,14312.jpg
17848,Women,Apparel,Topwear,White,Fall,2011.0,Casual,Flying Machine Women Mind Your White Tshirt,17848.jpg
5834,Men,Apparel,Topwear,White,Summer,2011.0,Sports,Puma Men's Pop Graphic White T-shirt,5834.jpg
13707,Men,Apparel,Topwear,Red,Fall,2011.0,Casual,Proline Mens Solid Red Polo Tshirt,13707.jpg
48081,Men,Apparel,Topwear,Red,Summer,2012.0,Casual,French Connection Men Red T-shirt,48081.jpg
15342,Women,Apparel,Topwear,Pink,Fall,2011.0,Sports,Nike Women Printed Pink Tshirts,15342.jpg
40985,Boys,Apparel,Topwear,White,Summer,2012.0,Casual,Gini and Jony Boys United White T-shirt,40985.jpg
9539,Men,Apparel,Topwear,Blue,Summer,2011.0,Sports,Nike Men Asss Crusier Graphic Blue T-Shirts,9539.jpg
8206,Men,Apparel,Topwear,Brown,Summer,2011.0,Casual,Locomotive Men Solid Langston Brown T-Shirts,8206.jpg
3530,Men,Apparel,Topwear,Black,Summer,2011.0,Casual,Myntra Men's Turn Me On Black T-shirt,3530.jpg
20192,Men,Apparel,Topwear,White,Fall,2011.0,Casual,Wrangler Men Polo White T-shirt,20192.jpg
10372,Men,Apparel,Topwear,Beige,Fall,2011.0,Casual,United Colors of Benetton Men Printed Beige Tshirts,10372.jpg
18861,Men,Apparel,Topwear,Red,Fall,2011.0,Casual,Puma Men Grafitti Red Polo Tshirt,18861.jpg
5122,Women,Apparel,Topwear,Peach,Summer,2011.0,Casual,Wrangler Women's Striped Peach T-shirt,5122.jpg
3129,Men,Apparel,Topwear,Grey,Summer,2011.0,Casual,Inkfruit Men's Ahimsa Grey T-shirt,3129.jpg
7268,Men,Apparel,Topwear,Blue,Fall,2011.0,Casual,Batman Men's Dripping Turq Blue T-shirt,7268.jpg
19153,Men,Apparel,Topwear,Red,Summer,2011.0,Casual,United Colors of Benetton Men Red Polo TShirt,19153.jpg
16314,Men,Apparel,Topwear,Purple,Fall,2011.0,Casual,Peter England Men Printed Purple TShirt,16314.jpg
7925,Men,Apparel,Topwear,Navy Blue,Fall,2011.0,Casual,Proline Men Navy Polo T-shirt,7925.jpg
16634,Men,Apparel,Topwear,Green,Summer,2016.0,Casual,Facit Men Smart Green Tshirt,16634.jpg
13500,Men,Apparel,Topwear,Grey,Fall,2011.0,Casual,Chimp Men VVVIP Grey T-shirts,13500.jpg
13892,Men,Apparel,Topwear,Blue,Fall,2012.0,Casual,Nike Men Team India Special Edition Three Star Blue Jersey,13892.jpg
13497,Men,Apparel,Topwear,Blue,Fall,2011.0,Casual,Chimp Men Rajni Blue Tshirts,13497.jpg
38151,Men,Apparel,Topwear,Black,Summer,2012.0,Casual,Wildcraft Men Black T Poly Crew T-shirt,38151.jpg
9558,Men,Apparel,Topwear,Black,Fall,2011.0,Sports,Nike Men Black Black Tshirts,9558.jpg
33586,Men,Apparel,Topwear,Purple,Summer,2012.0,Casual,Wrangler Men Timeless Lifestyle Purple T-shirt,33586.jpg
52072,Men,Apparel,Topwear,Blue,Summer,2012.0,Casual,Myntra Men Blue T-shirt,52072.jpg
4237,Men,Apparel,Topwear,Red,Summer,2011.0,Casual,Probase Men's Big Sound Red Tshirt,4237.jpg
2153,Men,Apparel,Topwear,Navy Blue,Spring,2011.0,Casual,Basics Men Blue & Yellow Polo T-shirt,2153.jpg
3016,Men,Apparel,Topwear,Beige,Summer,2011.0,Casual,Lee Men's Bottle Grey T-shirt,3016.jpg
30330,Men,Apparel,Topwear,Black,Summer,2012.0,Casual,Myntra Men Under Medicated Black T-shirt,30330.jpg
3935,Women,Apparel,Topwear,Yellow,Summer,2011.0,Casual,Jealous 21 Women's Yellow Miss T-shirt,3935.jpg
29246,Men,Apparel,Topwear,Blue,Summer,2012.0,Sports,ADIDAS Men Orlando Blue Jersey,29246.jpg
15001,Men,Apparel,Topwear,Navy Blue,Fall,2011.0,Casual,ADIDAS Men Stripes Navy Blue Polo Tshirts,15001.jpg
4205,Boys,Apparel,Topwear,Red,Summer,2011.0,Casual,Disney Kids Boy's Red Mickey Since 1928 Tee Kidswear,4205.jpg
17234,Men,Apparel,Topwear,Yellow,Fall,2011.0,Casual,U.S. Polo Assn. Men  Golden Haze Polo  Tshirt,17234.jpg
6220,Men,Apparel,Topwear,Orange,Summer,2011.0,Casual,Lee Men's Believe Burnt Orange T-shirt,6220.jpg
37544,Boys,Apparel,Topwear,Blue,Summer,2012.0,Casual,Madagascar3 Infant Boys Light Blue T-Shirt,37544.jpg
3260,Men,Apparel,Topwear,White,Summer,2011.0,Casual,Guerrilla Men's Heroes Needed White T-shirt,3260.jpg
1889,Men,Apparel,Topwear,Navy Blue,Winter,2010.0,Casual,Fifa Men Essentials Navy Blue T-shirt,1889.jpg
10565,Men,Apparel,Topwear,Black,Fall,2011.0,Casual,Puma Men Heritage Black Polo Tshirts,10565.jpg
44867,Men,Apparel,Topwear,Green,Summer,2012.0,Casual,Puma Men Green Graphic Story T-shirt,44867.jpg
6022,Men,Apparel,Topwear,Black,Summer,2011.0,Casual,UCB Men's Johny Collar With Two Tone Black T-shirt,6022.jpg
37719,Men,Apparel,Topwear,Blue,Summer,2012.0,Casual,John Players Men Polo Blue T-shirt,37719.jpg
15606,Men,Apparel,Topwear,Grey,Fall,2011.0,Casual,Nike Men Training Grey Tshirts,15606.jpg
23873,Men,Apparel,Topwear,Blue,Fall,2011.0,Casual,ADIDAS Men Blue T-shirt,23873.jpg
2324,Men,Apparel,Topwear,Black,Fall,2010.0,Casual,Reebok Men Sleeveless Black T-shirt,2324.jpg
12928,Men,Apparel,Topwear,Blue,Fall,2011.0,Casual,Classic Polo Men Rugby Kingdom Blue Tshirts,12928.jpg
5094,Men,Apparel,Topwear,Brown,Summer,2011.0,Casual,Wrangler Men's Reverse Print Brown T-shirt,5094.jpg
38492,Boys,Apparel,Topwear,Yellow,Summer,2012.0,Casual,Gini and Jony Boys Core Yellow T-shirt,38492.jpg
52053,Men,Apparel,Topwear,Black,Summer,2012.0,Casual,Myntra Men Black T-shirt,52053.jpg
19992,Men,Apparel,Topwear,White,Summer,2011.0,Casual,United Colors of Benetton Men Printed White TShirt,19992.jpg
31465,Men,Apparel,Topwear,Blue,Summer,2012.0,Casual,Nike Men Training Blue T-shirt,31465.jpg
8606,Men,Apparel,Topwear,Red,Fall,2011.0,Casual,Scullers Men Red Polo T-Shirts,8606.jpg
43696,Boys,Apparel,Topwear,Yellow,Summer,2012.0,Casual,Doodle Boys Printed Yellow T-shirt,43696.jpg
53307,Men,Apparel,Topwear,White,Summer,2012.0,Casual,Locomotive Men White T-shirt,53307.jpg
44857,Men,Apparel,Topwear,Black,Summer,2012.0,Casual,Puma Men Black T-shirt,44857.jpg
34260,Boys,Apparel,Topwear,Red,Summer,2012.0,Casual,Gini and Jony Boys Printed Red T-shirt,34260.jpg
16290,Men,Apparel,Topwear,Yellow,Fall,2011.0,Casual,Peter England Men Stripes Yellow Polo T-Shirt,16290.jpg
9989,Men,Apparel,Topwear,Black,Fall,2011.0,Sports,Nike Men As Ss Cruiser Black T-Shirts,9989.jpg
11736,Men,Apparel,Topwear,Maroon,Fall,2011.0,Casual,Lee Men Stripes Maroon T-shirt,11736.jpg
17940,Men,Apparel,Topwear,Green,Fall,2011.0,Casual,Puma Men Heroes T7 Green Tshirt,17940.jpg
7947,Men,Apparel,Topwear,White,Fall,2011.0,Sports,Puma Men's Graphic White Navy T-shirt,7947.jpg
58459,Boys,Apparel,Topwear,Navy Blue,Summer,2012.0,Casual,Madagascar 3 Boys Navy Blue T-shirt,58459.jpg
5427,Boys,Apparel,Topwear,Red,Summer,2011.0,Casual,Ant Kids Boy's Red Cartoon Pop Kidswear,5427.jpg
28518,Men,Apparel,Topwear,Navy Blue,Summer,2012.0,Sports,Nike Men Training Navy Blue T-shirt,28518.jpg
14097,Men,Apparel,Topwear,Blue,Fall,2011.0,Casual,Flying Machine Men Blue Polo Tshirts,14097.jpg
5486,Boys,Apparel,Topwear,Navy Blue,Summer,2011.0,Casual,Ant Kids Boy's Whats Up Navy Kidswear,5486.jpg
34170,Boys,Apparel,Topwear,Blue,Summer,2012.0,Casual,Gini and Jony Boys Printed Blue T-shirt,34170.jpg
44893,Men,Apparel,Topwear,Grey,Summer,2012.0,Casual,Puma Men Grey Honeycomb Polo T-shirt,44893.jpg
19784,Men,Apparel,Topwear,Green,Winter,2016.0,Casual,U.S. Polo Assn. Men Solid Green Tshirt,19784.jpg
40135,Boys,Apparel,Topwear,White,Summer,2012.0,Casual,Gini and Jony Boys Aviator White T-shirt,40135.jpg
18238,Men,Apparel,Topwear,White,Fall,2011.0,Casual,Manchester United Men Printed White Tshirt,18238.jpg
10882,Men,Apparel,Topwear,Blue,Fall,2011.0,Casual,Wrangler Men Blue American Photo Print T-shirt,10882.jpg
6985,Men,Apparel,Topwear,White,Summer,2011.0,Casual,s.Oliver Men's Denim Dstrct White T-shirt,6985.jpg
4191,Boys,Apparel,Topwear,Green,Summer,2011.0,Casual,Disney Kids Boy's Green Little Friends Kidswear,4191.jpg
2267,Women,Apparel,Topwear,Pink,Fall,2010.0,Sports,Nike Pink Women T-shirt,2267.jpg
32954,Men,Apparel,Topwear,Black,Summer,2012.0,Casual,Angry Birds Men Printed Black T-shirt,32954.jpg
1886,Men,Apparel,Topwear,Grey,Winter,2010.0,Casual,FIFA Mens Red Card Grey T-shirt,1886.jpg
40067,Men,Apparel,Topwear,Yellow,Summer,2012.0,Casual,ADIDAS Men Yellow T-shirt,40067.jpg
8268,Men,Apparel,Topwear,Grey,Fall,2011.0,Casual,Mr.Men Men's Charcoal White T-shirt,8268.jpg
19614,Women,Apparel,Topwear,White,Summer,2011.0,Casual,United Colors of Benetton Women White T-shirt,19614.jpg
24054,Men,Apparel,Topwear,Blue,Fall,2011.0,Casual,Locomotive Men Printed Blue T-shirt,24054.jpg
2973,Men,Apparel,Topwear,Yellow,Fall,2010.0,Casual,Puma Men's Heroes Yellow T-shirt,2973.jpg
6543,Men,Apparel,Topwear,Black,Summer,2011.0,Sports,Nike Men's Training Black White T-shirt,6543.jpg
10376,Men,Apparel,Topwear,Blue,Fall,2011.0,Casual,United Colors of Benetton Men Printed Blue Tshirts,10376.jpg
5492,Men,Apparel,Topwear,Blue,Summer,2011.0,Casual,Mr.Men Men's Cool Indigo T-shirt,5492.jpg
4891,Women,Apparel,Topwear,Pink,Summer,2011.0,Casual,Levis Kids Girl's Diaz Pink Polo Tshirt,4891.jpg
17266,Men,Apparel,Topwear,Green,Fall,2011.0,Casual,U.S. Polo Assn. Men Stripes Green  polo Tshirt,17266.jpg
10024,Women,Apparel,Topwear,Black,Fall,2011.0,Sports,Nike Women As Make Yours Black T-Shirts,10024.jpg
7355,Men,Apparel,Topwear,Navy Blue,Fall,2011.0,Casual,Tantra Men's Black Sabbath Navy T-shirt,7355.jpg
19424,Men,Apparel,Topwear,Green,Summer,2012.0,Casual,Quiksilver Men Printed Green T-shirt,19424.jpg
5446,Men,Apparel,Topwear,Blue,Summer,2011.0,Casual,Nike Men's Training Blue T-shirt,5446.jpg
28619,Men,Apparel,Topwear,White,Summer,2012.0,Sports,Nike Men Team Reversible White T-shirt,28619.jpg
2601,Men,Apparel,Topwear,Red,Fall,2010.0,Sports,ADIDAS Men's Red Stripe T-shirt,2601.jpg
3874,Men,Apparel,Topwear,Blue,Summer,2011.0,Casual,Wrangler Men's Trademark Washed Blue T-shirt,3874.jpg
4720,Girls,Apparel,Topwear,Yellow,Summer,2011.0,Casual,Disney Kids Girl's Fun In The Fair Yellow Teen Kidswear,4720.jpg
3416,Men,Apparel,Topwear,Blue,Summer,2011.0,Casual,Myntra Mens Broken Guitar T-shirt,3416.jpg
22227,Women,Apparel,Topwear,Pink,Fall,2011.0,Casual,Little Miss Women Sunshine Pink T-shirt,22227.jpg
17262,Men,Apparel,Topwear,Grey,Fall,2011.0,Casual,U.S. Polo Assn. Men Stripes Dk.Grey Polo Tshirt,17262.jpg
32638,Men,Apparel,Topwear,Blue,Summer,2012.0,Sports,Nike Men Epaulet UV Crew Blue T-shirt,32638.jpg
3777,Men,Apparel,Topwear,Pink,Summer,2011.0,Casual,Status Quo Men's Fushia Polo T-shirt,3777.jpg
6105,Women,Apparel,Topwear,White,Summer,2011.0,Casual,UCB Women's Basic V Neck White T-shirt,6105.jpg
48400,Men,Apparel,Topwear,White,Summer,2012.0,Casual,French Connection Men White T-shirt,48400.jpg
3207,Women,Apparel,Topwear,Black,Summer,2011.0,Casual,Tantra Women's Tiger Black T-shirt,3207.jpg
17936,Men,Apparel,Topwear,Black,Fall,2011.0,Casual,Puma Men Ferrari Logo Tee II Black Tshirt,17936.jpg
19753,Men,Apparel,Topwear,Red,Summer,2011.0,Casual,Levi's Men Solid Red Tshirt,19753.jpg
21224,Men,Apparel,Topwear,Brown,Summer,2012.0,Casual,Basics Men Brown Printed T-shirt,21224.jpg
3045,Men,Apparel,Topwear,Black,Summer,2011.0,Casual,Tantra Men's Tiger Black T-shirt,3045.jpg
5202,Men,Apparel,Topwear,Green,Summer,2011.0,Casual,Marvel Men's Hulk Big Face Light Green T-shirt,5202.jpg
2025,Men,Apparel,Topwear,Grey,Fall,2010.0,Sports,ADIDAS Mens Full Grey T-shirt,2025.jpg
34382,Men,Apparel,Topwear,Red,Summer,2012.0,Casual,Myntra Men Red Banana T-shirt,34382.jpg
11735,Men,Apparel,Topwear,Blue,Fall,2011.0,Casual,Lee Men Stripes Blue T-shirt,11735.jpg
19798,Men,Apparel,Topwear,Grey,Fall,2011.0,Casual,U.S. Polo Assn. Men Striped Grey T-shirt,19798.jpg
33948,Men,Apparel,Topwear,Blue,Summer,2012.0,Casual,ADIDAS Men Blue Polo T-shirt,33948.jpg
35877,Boys,Apparel,Topwear,Yellow,Summer,2012.0,Casual,Marvel Boys Comics Yellow T-shirt,35877.jpg
52076,Men,Apparel,Topwear,Grey,Summer,2012.0,Casual,Myntra Men Grey T-shirt,52076.jpg
44894,Men,Apparel,Topwear,Red,Summer,2012.0,Casual,Puma Men Red T-shirts,44894.jpg
33143,Boys,Apparel,Topwear,Navy Blue,Summer,2012.0,Casual,Gini and Jony Boys Pack of 2 T-shirts,33143.jpg
6197,Men,Apparel,Topwear,Green,Summer,2011.0,Casual,UCB Men's Logo Chest Green T-shirt,6197.jpg
12643,Men,Apparel,Topwear,Black,Fall,2011.0,Casual,Probase Men Solid Black  Polo T-shirts,12643.jpg
4759,Men,Apparel,Topwear,Blue,Summer,2011.0,Sports,ADIDAS Men's Star Polo Lead Blue T-shirt,4759.jpg
3445,Women,Apparel,Topwear,Black,Summer,2011.0,Sports,Pune Warriors Womens Match Jersey,3445.jpg
16424,Men,Apparel,Topwear,Blue,Fall,2011.0,Casual,Levi's Men Printed Blue  Tshirts,16424.jpg
5660,Men,Apparel,Topwear,Navy Blue,Summer,2011.0,Casual,Tantra Men Absolut Bangalore Navy Blue T-shirt,5660.jpg
5500,Men,Apparel,Topwear,White,Summer,2011.0,Casual,Mr.Men Men's Mr.Perfect White T-shirt,5500.jpg
3317,Men,Apparel,Topwear,Yellow,Summer,2011.0,Sports,CSK Mens Fangear Polo Jersey,3317.jpg
26938,Women,Apparel,Topwear,Black,Summer,2012.0,Casual,Jealous 21 Women Black Printed T-shirt,26938.jpg
3442,Unisex,Apparel,Topwear,Blue,Summer,2011.0,Sports,Delhi Daredevils Kids Match Jersey,3442.jpg
48418,Men,Apparel,Topwear,Charcoal,Summer,2012.0,Casual,French Connection Men Charcoal Printed T-shirt,48418.jpg
36248,Men,Apparel,Topwear,Green,Summer,2012.0,Casual,Mr. Men Green Get Funny T-shirt,36248.jpg
10364,Men,Apparel,Topwear,Magenta,Fall,2011.0,Casual,United Colors of Benetton Men Solid Magenta T-shirt,10364.jpg
4387,Men,Apparel,Topwear,Grey,Summer,2011.0,Casual,Batman Men's Affliction Grey Violet T-shirt,4387.jpg
12546,Women,Apparel,Topwear,Blue,Fall,2011.0,Casual,Tantra Women Blue Printed T-shirt,12546.jpg
34374,Men,Apparel,Topwear,Orange,Summer,2012.0,Casual,Myntra Men Orange Burps T-shirt,34374.jpg
34019,Boys,Apparel,Topwear,Black,Summer,2012.0,Casual,Palm Tree Boys Printed Black T-shirt,34019.jpg
1612,Men,Apparel,Topwear,White,Fall,2010.0,Casual,Reebok Orange & White Striped Polo T-shirt,1612.jpg
30314,Men,Apparel,Topwear,Red,Summer,2012.0,Casual,Myntra Men Heavy Weight Red T-shirt,30314.jpg
53788,Men,Apparel,Topwear,Blue,Summer,2012.0,Casual,Puma Men Blue T-shirt,53788.jpg
4353,Men,Apparel,Topwear,Grey,Summer,2011.0,Casual,Superman Men's Superman Shield Desi Dark Grey T-shirt,4353.jpg
10458,Men,Apparel,Topwear,Green,Fall,2011.0,Casual,Flying Machine Men Green Polo Tshirts,10458.jpg
35875,Boys,Apparel,Topwear,Blue,Summer,2012.0,Casual,Marvel Boys Comics Blue T-shirt,35875.jpg
15174,Men,Apparel,Topwear,Yellow,Fall,2013.0,Casual,Arrow Men Yellow Polo T-shirt,15174.jpg
13151,Men,Apparel,Topwear,Blue,Fall,2011.0,Casual,Puma Men Jersey Blue Polo Tshirts,13151.jpg
5818,Men,Apparel,Topwear,White,Summer,2011.0,Casual,ADIDAS Men's Plugs White T-shirt,5818.jpg
18924,Men,Apparel,Topwear,Red,Fall,2011.0,Casual,Levi's Men Applique Work Red Tshirt,18924.jpg
2972,Men,Apparel,Topwear,White,Fall,2010.0,Casual,Puma Men's Sless White T-shirt,2972.jpg
10062,Men,Apparel,Topwear,Grey,Fall,2011.0,Casual,Puma Men Puma runhard tee Grey Tshirts,10062.jpg
7573,Men,Apparel,Topwear,Green,Summer,2011.0,Sports,Nike Men's As Race Day Green T-shirt,7573.jpg
35893,Boys,Apparel,Topwear,White,Summer,2012.0,Casual,Jungle Book Boys Safari White T-shirt,35893.jpg
7763,Men,Apparel,Topwear,Blue,Fall,2011.0,Casual,Inkfruit Men's Secret Behing Royal Blue Black T-shirt,7763.jpg
53798,Men,Apparel,Topwear,Black,Summer,2012.0,Casual,Puma Men Black T-shirt,53798.jpg
41967,Boys,Apparel,Topwear,White,Summer,2012.0,Casual,Gini and Jony Boys United White T-shirt,41967.jpg
15604,Men,Apparel,Topwear,Black,Fall,2011.0,Sports,Nike Men Bsktbll Black T-Shirts,15604.jpg
8338,Boys,Apparel,Topwear,White,Fall,2011.0,Casual,Doodle Boy's 77 Juniors League White Black Kidswear,8338.jpg
3783,Men,Apparel,Topwear,White,Summer,2011.0,Casual,Status Quo Men's Beach White T-shirt,3783.jpg
31361,Men,Apparel,Topwear,Grey,Summer,2012.0,Casual,Locomotive Men Printed Grey T-shirt,31361.jpg
10048,Men,Apparel,Topwear,Black,Fall,2011.0,Casual,Puma Men Social Sport Black Tshirts,10048.jpg
26936,Women,Apparel,Topwear,White,Summer,2012.0,Casual,Jealous 21 Women Printed White Top,26936.jpg
6099,Men,Apparel,Topwear,Blue,Summer,2011.0,Casual,UCB Men's Lost Dog Print Blue T-shirt,6099.jpg
24949,Women,Apparel,Topwear,Peach,Summer,2012.0,Casual,United Colors of Benetton Women Peach T-shirt,24949.jpg
7357,Men,Apparel,Topwear,Beige,Fall,2011.0,Casual,Tantra Men Beige T-shirt,7357.jpg
38346,Boys,Apparel,Topwear,Blue,Summer,2012.0,Casual,Superman Boys Blue T-Shirt,38346.jpg
24149,Men,Apparel,Topwear,Blue,Spring,2012.0,Casual,ADIDAS Men Blue T-shirt,24149.jpg
5828,Men,Apparel,Topwear,Blue,Summer,2011.0,Sports,Puma Men's Edition Blue T-shirt,5828.jpg
53313,Men,Apparel,Topwear,Navy Blue,Summer,2012.0,Casual,Locomotive Men Navy Blue T-shirt,53313.jpg
9951,Women,Apparel,Topwear,Blue,Summer,2011.0,Casual,Disney Kids Girl Blue Minnie Blue T-shirt,9951.jpg
28488,Men,Apparel,Topwear,Blue,Summer,2012.0,Casual,Urban Yoga Men Printed Blue T-shirt,28488.jpg
4253,Men,Apparel,Topwear,Brown,Summer,2011.0,Casual,Probase Men's Crack Print Ghost Buster Brown T-shirt,4253.jpg
3042,Men,Apparel,Topwear,Blue,Fall,2010.0,Sports,Nike Blue Take Down Cricket Tshirts,3042.jpg
58742,Men,Apparel,Topwear,Mushroom Brown,Summer,2012.0,Casual,Puma Men Mushroom Brown T-shirt,58742.jpg
22222,Women,Apparel,Topwear,White,Fall,2011.0,Casual,Little Miss Women Magic White T-shirt,22222.jpg
16631,Men,Apparel,Topwear,Charcoal,Summer,2016.0,Casual,Facit Men Smart  Charcoal Tshirt,16631.jpg
11257,Men,Apparel,Topwear,Black,Fall,2011.0,Casual,Puma Men cover Black Tshirts,11257.jpg
3785,Men,Apparel,Topwear,Black,Summer,2011.0,Casual,Basics Men Black & Green Striped Polo T-shirt,3785.jpg
36004,Boys,Apparel,Topwear,Yellow,Summer,2012.0,Casual,Ben 10 Boys Crew Yellow T-shirt,36004.jpg
12584,Unisex,Apparel,Topwear,Green,Fall,2011.0,Casual,Tantra Unisex Printed Green Tshirts,12584.jpg
13891,Men,Apparel,Topwear,Blue,Fall,2011.0,Casual,Nike Men Team India Blue Jersey,13891.jpg
12539,Women,Apparel,Topwear,Black,Fall,2011.0,Casual,Tantra Women Black Printed T-shirt,12539.jpg
1540,Men,Apparel,Topwear,Blue,Fall,2010.0,Casual,Puma Men Ferrari Vintage Black Polo T-shirt,1540.jpg
11278,Men,Apparel,Topwear,Green,Fall,2011.0,Casual,Wrangler Men Celebrate Indigo Green Tshirts,11278.jpg
59306,Men,Apparel,Topwear,White,Winter,2016.0,Casual,U.S. Polo Assn. Men White T-shirt,59306.jpg
28671,Men,Apparel,Topwear,Blue,Summer,2012.0,Casual,Proline Men Blue Printed T-shirt,28671.jpg
25923,Women,Apparel,Topwear,Pink,Summer,2012.0,Casual,Femella Women Pink T-shirt,25923.jpg
43504,Men,Apparel,Topwear,Black,Summer,2012.0,Casual,French Connection Men Black Tshirt,43504.jpg
7027,Men,Apparel,Topwear,White,Summer,2011.0,Casual,Classic Polo Men's Combo Pack of 2 White Grey T-shirt,7027.jpg
25556,Men,Apparel,Topwear,Pink,Summer,2012.0,Casual,Wrangler Men Biker Pink T-shirt,25556.jpg
2786,Men,Apparel,Topwear,White,Summer,2011.0,Casual,Ediots Men's Mehenat Ka Fal White T-shirt,2786.jpg
19564,Men,Apparel,Topwear,Green,Fall,2011.0,Casual,United Colors of Benetton Men Green Polo Tshirt,19564.jpg
15191,Men,Apparel,Topwear,Purple,Fall,2011.0,Casual,Arrow Sport Men Stripes Purple Polo Tshirts,15191.jpg
5016,Men,Apparel,Topwear,Blue,Summer,2011.0,Casual,Inkfruit Men's Bad Man Blue T-Shirt,5016.jpg
2329,Men,Apparel,Topwear,Grey,Fall,2010.0,Casual,Reebok Men Force India Grey T-shirt,2329.jpg
10063,Men,Apparel,Topwear,Yellow,Fall,2011.0,Casual,Puma Men spine tee Yellow Tshirts,10063.jpg
26282,Men,Apparel,Topwear,Cream,Summer,2012.0,Casual,Proline Men Cream-Coloured Printed T-shirt,26282.jpg
40120,Women,Apparel,Topwear,Green,Summer,2012.0,Casual,ADIDAS Women Green T-shirt,40120.jpg
29061,Women,Apparel,Topwear,White,Summer,2012.0,Casual,ADIDAS Women Printed White T-shirt,29061.jpg
31281,Men,Apparel,Topwear,Grey,Summer,2012.0,Casual,Puma Men Printed Grey T-shirt,31281.jpg
28509,Men,Apparel,Topwear,Purple,Summer,2012.0,Sports,Nike Men Training Purple T-shirt,28509.jpg
30597,Men,Apparel,Topwear,Red,Summer,2012.0,Sports,Nike Men Reversible Red T-shirt,30597.jpg
3880,Men,Apparel,Topwear,Grey,Summer,2011.0,Casual,Wrangler Men's Burnt Out Grey T-shirt,3880.jpg
48245,Boys,Apparel,Topwear,Black,Summer,2012.0,Casual,Avengers Boys Black Printed T-shirt,48245.jpg
32654,Women,Apparel,Topwear,Red,Summer,2012.0,Sports,Nike Women Sphere Red T-shirt,32654.jpg
6587,Men,Apparel,Topwear,Black,Winter,2011.0,Casual,Inkfruit Men's Rock The Cure Black T-shirt,6587.jpg
27644,Men,Apparel,Topwear,Green,Summer,2012.0,Casual,Che Guevara Men Printed Green T-shirt,27644.jpg
4329,Unisex,Apparel,Topwear,Orange,Summer,2011.0,Casual,Tantra Kid's Unisex Feeding Me Orange Kidswear,4329.jpg
23162,Men,Apparel,Topwear,Navy Blue,Fall,2011.0,Casual,Mark Taylor Men Navy Blue Printed T-shirt,23162.jpg
4400,Men,Apparel,Topwear,Blue,Summer,2011.0,Casual,Beatles Men's Groove Light Blue T-shirt,4400.jpg
34102,Boys,Apparel,Topwear,Pink,Summer,2012.0,Casual,Doodle Boys Printed Pink T-shirt,34102.jpg
9941,Men,Apparel,Topwear,Green,Fall,2011.0,Casual,Probase Men 96 Coast Road Green Tshirts,9941.jpg
37720,Men,Apparel,Topwear,Grey,Summer,2012.0,Casual,John Players Men Polo Grey T-shirt,37720.jpg
3279,Men,Apparel,Topwear,Grey,Summer,2011.0,Casual,Guerrilla Men's Vintage Grey T-shirt,3279.jpg
3524,Men,Apparel,Topwear,Black,Summer,2011.0,Casual,Myntra Men's Work Hard/ Smart Black T-shirt,3524.jpg
16833,Women,Apparel,Topwear,Blue,Fall,2011.0,Casual,Little Miss Women Printed Blue Tshirt,16833.jpg
7658,Men,Apparel,Topwear,Purple,Fall,2011.0,Sports,Puma Men's Toe Crusher Club Purple T-shirt,7658.jpg
6164,Men,Apparel,Topwear,Red,Summer,2011.0,Casual,Lee Men's Stallion Red Jasper T-shirt,6164.jpg
7766,Men,Apparel,Topwear,Brown,Fall,2011.0,Casual,Inkfruit Men's Phalanx Brown Light Green T-shirt,7766.jpg
5172,Women,Apparel,Topwear,Orange,Summer,2011.0,Casual,Inkfruit Women's Innocence Carrot Orange T-shirt,5172.jpg
10439,Men,Apparel,Topwear,Brown,Fall,2011.0,Casual,Flying Machine Men Walnut Brown Tshirts,10439.jpg
5748,Men,Apparel,Topwear,Blue,Summer,2011.0,Casual,Probase Men's Ability Will You Get Turquoise T-shirt,5748.jpg
5741,Men,Apparel,Topwear,Blue,Summer,2011.0,Casual,Basics Men Navy & White Striped Hooded T-shirt,5741.jpg
4968,Men,Apparel,Topwear,Yellow,Summer,2011.0,Casual,Gini and Jony Boy's Kaffle Yellow Infant Kidswear,4968.jpg
33590,Men,Apparel,Topwear,Navy Blue,Summer,2012.0,Casual,Wrangler Men Urban Folk Polo Navy Blue T-shirt,33590.jpg
10452,Men,Apparel,Topwear,Grey,Fall,2011.0,Casual,Flying Machine Men HS Grey Tshirts,10452.jpg
7269,Men,Apparel,Topwear,Blue,Fall,2011.0,Casual,Superman Men Printed Blue T-shirt,7269.jpg
6990,Men,Apparel,Topwear,Blue,Summer,2011.0,Casual,s.Oliver Men's Mint Polo Grey Stripes Blue T-shirt,6990.jpg
28507,Men,Apparel,Topwear,Black,Summer,2012.0,Sports,Nike Men Training Black T-shirt,28507.jpg
18619,Men,Apparel,Topwear,White,Fall,2011.0,Casual,Puma Men Team Essential Polo White Tshirts,18619.jpg
16912,Men,Apparel,Topwear,Green,Fall,2011.0,Casual,Mr. Men Men Printed Green Tshirt,16912.jpg
10030,Women,Apparel,Topwear,Black,Fall,2011.0,Sports,Nike Women As See The Win Black T-Shirts,10030.jpg
9956,Men,Apparel,Topwear,Blue,Fall,2011.0,Sports,Nike Men Manu Train Blue Tshirts,9956.jpg
12836,Men,Apparel,Topwear,Green,Fall,2011.0,Casual,Ant Kids Tennis Green T-Shirt,12836.jpg
38618,Men,Apparel,Topwear,White,Summer,2012.0,Casual,Nike Men White 3D Neon Tee T-shirt,38618.jpg
11656,Women,Apparel,Topwear,Red,Fall,2011.0,Casual,Lee Women Printed Red Tshirts,11656.jpg
26274,Men,Apparel,Topwear,Teal,Summer,2013.0,Casual,Proline Men Teal Blue T-shirt,26274.jpg
12846,Boys,Apparel,Topwear,Grey,Fall,2011.0,Casual,Ant Kids Boys Rock Grey Tshirts,12846.jpg
43328,Women,Apparel,Topwear,Black,Summer,2012.0,Casual,United Colors of Benetton Women Black T-shirt,43328.jpg
16215,Men,Apparel,Topwear,Red,Fall,2011.0,Casual,Puma Men Polo Red TShirt,16215.jpg
10065,Men,Apparel,Topwear,Yellow,Fall,2011.0,Casual,Puma Men ducati logo tee Yellow Tshirts,10065.jpg
14061,Men,Apparel,Topwear,Purple,Fall,2011.0,Casual,Flying Machine Men Printed Purple Tshirts,14061.jpg
2788,Men,Apparel,Topwear,Yellow,Summer,2011.0,Casual,Ediots Men's Chronological Status Yellow T-shirt,2788.jpg
15607,Men,Apparel,Topwear,Grey,Fall,2011.0,Casual,Nike Men Sptcasl Grey Polo T-Shirts,15607.jpg
52068,Men,Apparel,Topwear,Black,Summer,2012.0,Casual,Myntra Men Black Printed T-shirt,52068.jpg
28568,Men,Apparel,Topwear,White,Summer,2012.0,Casual,Nike Men Verbiage White T-shirt,28568.jpg
7351,Men,Apparel,Topwear,Red,Fall,2011.0,Casual,Tantra Men's Holiday India Red T-shirt,7351.jpg
7574,Men,Apparel,Topwear,White,Summer,2011.0,Sports,Nike Men's Blue Polo T-shirt,7574.jpg
43490,Men,Apparel,Topwear,Grey,Summer,2012.0,Casual,French Connection Men Grey T-shirt,43490.jpg
27580,Men,Apparel,Topwear,Purple,Summer,2012.0,Casual,Scullers Men Striped Purple T-shirt,27580.jpg
28851,Men,Apparel,Topwear,Charcoal,Summer,2013.0,Casual,Proline Charcoal Grey Polo T-shirt,28851.jpg
14646,Men,Apparel,Topwear,Maroon,Fall,2011.0,Casual,Probase Men Funky Music Maroon Tshirts,14646.jpg
3355,Men,Apparel,Topwear,Black,Summer,2011.0,Casual,Myntra Men's Need for speed Black T-shirt,3355.jpg
6538,Men,Apparel,Topwear,Red,Summer,2011.0,Sports,Nike Men's Training Red T-shirt,6538.jpg
16914,Men,Apparel,Topwear,Blue,Fall,2011.0,Casual,Mr. Men Men Printed Blue Tshirt,16914.jpg
2152,Men,Apparel,Topwear,White,Spring,2011.0,Casual,Basics Men Green & Blue Polo T-shirt,2152.jpg
26281,Men,Apparel,Topwear,Black,Summer,2012.0,Casual,Proline Men Black Printed T-shirt,26281.jpg
34388,Men,Apparel,Topwear,Red,Summer,2012.0,Casual,Myntra Men Red Life Is My Right T-shirt,34388.jpg
31363,Men,Apparel,Topwear,Blue,Summer,2012.0,Casual,Locomotive Men Blue T-shirt,31363.jpg
27587,Men,Apparel,Topwear,Yellow,Summer,2012.0,Casual,Scullers Men Yellow & Navy Blue Striped T-shirt,27587.jpg
10573,Men,Apparel,Topwear,Navy Blue,Fall,2011.0,Casual,Puma Men Heritage Navy Blue Polo Tshirts,10573.jpg
15527,Men,Apparel,Topwear,White,Fall,2011.0,Casual,Puma Men Scribble White Tshirts,15527.jpg
5138,Women,Apparel,Topwear,Green,Summer,2011.0,Casual,Wrangler Women's Sequin Green T-shirt,5138.jpg
9836,Women,Apparel,Topwear,Purple,Fall,2011.0,Casual,Little Miss Women Printed Purple T-shirt,9836.jpg
52073,Men,Apparel,Topwear,Grey,Summer,2012.0,Casual,Myntra Men Grey & Red T-shirt,52073.jpg
26473,Men,Apparel,Topwear,Grey,Summer,2012.0,Casual,Puma Men Graphic Print Grey T-shirt,26473.jpg
19456,Men,Apparel,Topwear,Grey,Summer,2012.0,Casual,Quiksilver Men Printed Grey T-shirt,19456.jpg
6249,Women,Apparel,Topwear,Grey,Summer,2011.0,Casual,Lee Women's Misha Rider Grey T-shirt,6249.jpg
9957,Men,Apparel,Topwear,White,Fall,2011.0,Sports,Nike Men Arsenal Authe White T-Shirts,9957.jpg
32652,Women,Apparel,Topwear,Lavender,Summer,2012.0,Sports,Nike Women Sublimated Lavender T-shirt,32652.jpg
6222,Women,Apparel,Topwear,Green,Summer,2011.0,Casual,UCB Women's Round Neck Green T-shirt,6222.jpg
31263,Men,Apparel,Topwear,Navy Blue,Summer,2012.0,Casual,Puma Men Navy Blue T-shirt,31263.jpg
35453,Boys,Apparel,Topwear,White,Summer,2012.0,Casual,Doodle Boys Printed White T-shirt,35453.jpg
3936,Women,Apparel,Topwear,Black,Summer,2011.0,Casual,Jealous 21 Women's Black Miss T-shirt,3936.jpg
7917,Men,Apparel,Topwear,Red,Fall,2011.0,Casual,Proline Men Red & White Striped Polo T-shirt,7917.jpg
17240,Men,Apparel,Topwear,Black,Fall,2011.0,Casual,U.S. Polo Assn. Men Stripes Black  Polo Tshirt,17240.jpg
21227,Men,Apparel,Topwear,Orange,Summer,2012.0,Casual,Basics Men Orange Printed Polo T-shirt,21227.jpg
7916,Men,Apparel,Topwear,Brown,Fall,2011.0,Casual,Proline Men Brown Polo T-shirt,7916.jpg
23874,Men,Apparel,Topwear,Green,Summer,2011.0,Casual,ADIDAS Men Green T-shirt,23874.jpg
3314,Men,Apparel,Topwear,Brown,Summer,2011.0,Casual,Guerrilla Men's Warrior Brown T-shirt,3314.jpg
2757,Men,Apparel,Topwear,Blue,Summer,2011.0,Casual,Classic Polo Men's Blue T-shirt,2757.jpg
30313,Men,Apparel,Topwear,Off White,Summer,2012.0,Casual,Myntra Men Karma Off White T-shirt,30313.jpg
23165,Men,Apparel,Topwear,Black,Fall,2011.0,Casual,Mark Taylor Men Black Printed T-shirt,23165.jpg
10041,Women,Apparel,Topwear,Brown,Fall,2011.0,Sports,Nike Women Brown Polo T-shirt,10041.jpg
16441,Men,Apparel,Topwear,Green,Fall,2011.0,Casual,Levi's Men Printed Green Tshirts,16441.jpg
6035,Women,Apparel,Topwear,White,Summer,2011.0,Casual,UCB Women's Pleat White T-shirt,6035.jpg
31592,Men,Apparel,Topwear,Navy Blue,Summer,2012.0,Casual,Mark Taylor Men Printed Navy Blue T-shirt,31592.jpg
38991,Boys,Apparel,Topwear,White,Summer,2012.0,Casual,Gini and Jony Boys Rodeo T-shirt,38991.jpg
13420,Men,Apparel,Topwear,Purple,Summer,2011.0,Casual,United Colors of Benetton Men Solid Purple  polo T-shirts,13420.jpg
9938,Men,Apparel,Topwear,Red,Fall,2011.0,Casual,Probase Men League Red Tshirts,9938.jpg
1888,Men,Apparel,Topwear,Black,Winter,2010.0,Casual,FIFA Mens Essentials Black T-shirt,1888.jpg
31590,Men,Apparel,Topwear,Off White,Summer,2012.0,Casual,Mark Taylor Men Printed Off White T-shirt,31590.jpg
6156,Men,Apparel,Topwear,Black,Summer,2011.0,Casual,Lee Men's Sheild Black T-shirt,6156.jpg
10073,Women,Apparel,Topwear,Purple,Fall,2011.0,Casual,Puma Women cat line tee Purple Tshirts,10073.jpg
53791,Men,Apparel,Topwear,White,Summer,2012.0,Casual,Puma Men White T-shirt,53791.jpg
38959,Boys,Apparel,Topwear,Navy Blue,Summer,2012.0,Casual,Gini and Jony Boys Printed Navy Blue T-shirt,38959.jpg
13422,Men,Apparel,Topwear,White,Summer,2011.0,Casual,United Colors of Benetton Men Solid White Polo T-shirts,13422.jpg
5095,Men,Apparel,Topwear,Blue,Summer,2011.0,Casual,Wrangler Men's Greensboro Raw Edge Blue T-shirt,5095.jpg
19157,Men,Apparel,Topwear,White,Summer,2011.0,Casual,United Colors of Benetton Men Printed White Tshirt,19157.jpg
25042,Women,Apparel,Topwear,Black,Fall,2011.0,Sports,Nike Women Sphere Black T-shirt,25042.jpg
37621,Boys,Apparel,Topwear,Yellow,Summer,2012.0,Casual,Madagascar3 Boys Yellow Printed T-Shirt,37621.jpg
14314,Men,Apparel,Topwear,White,Fall,2011.0,Sports,ADIDAS Men Solid White Jerseys,14314.jpg
39344,Men,Apparel,Topwear,Green,Fall,2012.0,Casual,Mr. Men Green T-shirt,39344.jpg
16293,Men,Apparel,Topwear,Red,Fall,2011.0,Casual,Peter England Men Stripes Red Polo T-Shirt,16293.jpg
11992,Men,Apparel,Topwear,Green,Fall,2011.0,Casual,Classic Polo Men Stripes Green Tshirts,11992.jpg
54965,Men,Apparel,Topwear,Off White,Summer,2012.0,Casual,Do u speak green Men Off White T-Shirt,54965.jpg
19686,Women,Apparel,Topwear,Grey,Summer,2011.0,Casual,United Colors of Benetton Women Grey T-shirt,19686.jpg
7534,Men,Apparel,Topwear,White,Summer,2011.0,Sports,Nike men's As Nike Spher White Orange T-shirt,7534.jpg
9774,Men,Apparel,Topwear,White,Fall,2011.0,Casual,ADIDAS Men Co Graphic White Tshirts,9774.jpg
9337,Men,Apparel,Topwear,Yellow,Fall,2011.0,Casual,Puma Men Heroes Graphic Yellow Tshirts,9337.jpg
18936,Men,Apparel,Topwear,Green,Fall,2011.0,Casual,Levi's Men Graphic Print Green Tshirt,18936.jpg
17277,Men,Apparel,Topwear,Navy Blue,Fall,2011.0,Casual,U.S. Polo Assn. Men Printed Navy Blue Tshirt,17277.jpg
10345,Men,Apparel,Topwear,Black,Fall,2011.0,Casual,United Colors of Benetton Men Graphic Printed Black Tshirts,10345.jpg
20312,Men,Apparel,Topwear,Green,Summer,2011.0,Casual,Lee Men Solid Green Tshirt,20312.jpg
16325,Men,Apparel,Topwear,Purple,Fall,2011.0,Casual,Peter England Men Printed Purple TShirt,16325.jpg
7302,Women,Apparel,Topwear,Blue,Summer,2011.0,Casual,UCB Women's Short Sleeve Blue Red T-shirt,7302.jpg
35987,Women,Apparel,Topwear,Blue,Summer,2012.0,Casual,Flying Machine Women Cotton Blue T-shirt,35987.jpg
7868,Men,Apparel,Topwear,Red,Fall,2011.0,Casual,Proline Men Red Round Neck T-shirt,7868.jpg
6109,Men,Apparel,Topwear,Yellow,Summer,2011.0,Casual,Puma Men's The Game White Tshirt,6109.jpg
30327,Men,Apparel,Topwear,Black,Summer,2012.0,Casual,Myntra Men Revolves Black T-shirt,30327.jpg
46413,Men,Apparel,Topwear,Purple,Summer,2012.0,Casual,ADIDAS Men Graphic Purple T-shirt,46413.jpg
48071,Men,Apparel,Topwear,Grey,Summer,2012.0,Casual,French Connection Men Grey T-shirt,48071.jpg
3070,Women,Apparel,Topwear,Green,Summer,2011.0,Casual,Tantra Women's Shlokas Green T-shirt,3070.jpg
5885,Men,Apparel,Topwear,Black,Summer,2011.0,Casual,Puma Men's Ducati Graphic Black T-shirt,5885.jpg
18986,Men,Apparel,Topwear,Black,Summer,2011.0,Casual,ADIDAS Originals Men St Tee Grp Black Tshirt,18986.jpg
44830,Men,Apparel,Topwear,Grey,Summer,2012.0,Casual,Puma Men Grey T-shirt,44830.jpg
15190,Men,Apparel,Topwear,Navy Blue,Fall,2011.0,Casual,Arrow Sport Men Solid Navy Blue Polo Tshirts,15190.jpg
3751,Men,Apparel,Topwear,Blue,Summer,2011.0,Casual,Status Quo Men's Ticket To Win Blue T-shirt,3751.jpg
8553,Men,Apparel,Topwear,Pink,Fall,2011.0,Casual,Basics Men Pink Polo T-shirt,8553.jpg
3362,Men,Apparel,Topwear,Black,Summer,2011.0,Casual,Myntra Men's Creative designs Black T-shirt,3362.jpg
13238,Men,Apparel,Topwear,Brown,Fall,2011.0,Casual,Palm Tree Kids Boys Printed Brown Tshirts,13238.jpg
12916,Men,Apparel,Topwear,Black,Fall,2011.0,Casual,Spykar Men Live My Space Black T-Shirts,12916.jpg
7569,Men,Apparel,Topwear,Blue,Summer,2011.0,Sports,Nike Men's As Miler UV SS Blue T-shirt,7569.jpg
23173,Men,Apparel,Topwear,Grey,Fall,2011.0,Casual,Mark Taylor Men Grey Printed T-shirt,23173.jpg
7484,Women,Apparel,Topwear,Pink,Summer,2011.0,Sports,Nike Women's As Cruise Pink T-shirt,7484.jpg
53803,Men,Apparel,Topwear,Red,Summer,2012.0,Casual,Puma Men Red T-shirt,53803.jpg
16638,Men,Apparel,Topwear,Maroon,Summer,2016.0,Casual,Facit Men Smart Maroon Tshirt,16638.jpg
20237,Women,Apparel,Topwear,Blue,Fall,2011.0,Casual,Wrangler Women Printed Blue T-shirt,20237.jpg
2256,Men,Apparel,Topwear,Blue,Fall,2010.0,Casual,ADIDAS Mens 3 Striped Navy Blue Polo T-shirt,2256.jpg
12530,Women,Apparel,Topwear,Blue,Fall,2011.0,Casual,Puma Women Stripes Blue Tshirts,12530.jpg
6306,Women,Apparel,Topwear,Black,Summer,2011.0,Casual,UCB Women's Young Pigment Print Black T-shirt,6306.jpg
56752,Men,Apparel,Topwear,Charcoal,Summer,2012.0,Casual,Horsefly Men Charcoal T-shirt,56752.jpg
22482,Men,Apparel,Topwear,Navy Blue,Summer,2011.0,Casual,Timberland Men Navy Blue Rugby T-Shirt,22482.jpg
